location,s1,s2,oneT,twoT,threeT,fourT,hasdir,posMax
116_114,116,114,10.4109589,16.98630137,41.09589041,31.50684932,0,-1
118_116,118,116,23.01369863,12.87671233,35.06849315,29.04109589,0,-1
125_109,125,109,29.31506849,17.80821918,23.28767123,29.5890411,0,-1
148_7,148,7,2.465753425,18.63013699,40,38.90410959,0,-1
193_191,193,191,44.10958904,3.561643836,48.49315068,3.835616438,0,-1
195_191,195,191,46.84931507,3.01369863,49.04109589,1.095890411,0,-1
200_191,200,191,44.65753425,1.917808219,52.60273973,0.821917808,0,-1
205_193,205,193,21.91780822,15.34246575,34.24657534,28.49315068,0,-1
206_191,206,191,44.10958904,1.643835616,52.60273973,1.643835616,0,-1
206_195,206,195,29.8630137,16.71232877,30.4109589,23.01369863,0,-1
206_200,206,200,12.60273973,20.54794521,33.42465753,33.42465753,0,-1
207_192,207,192,44.38356164,7.671232877,13.15068493,34.79452055,0,-1
207_204,207,204,43.83561644,2.191780822,1.095890411,52.87671233,0,-1
207_206,207,206,43.83561644,1.643835616,0.821917808,53.69863014,0,-1
225_223,225,223,35.89041096,7.397260274,43.28767123,13.42465753,0,-1
237_234,237,234,24.65753425,11.23287671,34.52054795,29.5890411,0,-1
242_241,242,241,32.32876712,16.71232877,27.12328767,23.83561644,0,-1
261_257,261,257,39.45205479,8.493150685,40.2739726,11.78082192,0,-1
273_271,273,271,30.68493151,15.89041096,21.09589041,32.32876712,0,-1
275_271,275,271,20.82191781,19.45205479,33.15068493,26.57534247,0,-1
313_2,313,2,46.84931507,4.657534247,8.493150685,40,0,-1
328_154,328,154,49.5890411,0.273972603,0.547945205,49.5890411,0,-1
342_257,342,257,37.26027397,6.849315068,18.63013699,37.26027397,0,-1
346_237,346,237,38.63013699,4.383561644,15.89041096,41.09589041,0,-1
348_237,348,237,46.02739726,5.479452055,5.205479452,43.28767123,0,-1
354_353,354,353,24.10958904,9.315068493,37.53424658,29.04109589,0,-1
357_270,357,270,35.34246575,9.589041096,21.64383562,33.42465753,0,-1
388_386,388,386,34.79452055,14.24657534,15.89041096,35.06849315,0,-1
406_227,406,227,13.15068493,10.95890411,40.82191781,35.06849315,0,-1
407_223,407,223,32.60273973,7.397260274,24.38356164,35.61643836,0,-1
412_353,412,353,35.06849315,4.383561644,20.2739726,40.2739726,0,-1
427_268,427,268,36.16438356,9.315068493,9.863013699,44.65753425,0,-1
429_155,429,155,28.49315068,11.50684932,21.91780822,38.08219178,0,-1
443_225,443,225,13.15068493,12.60273973,39.17808219,35.06849315,0,-1
443_226,443,226,7.671232877,20.82191781,35.89041096,35.61643836,0,-1
448_263,448,263,16.43835616,23.28767123,30.95890411,29.31506849,0,-1
450_242,450,242,32.05479452,11.78082192,14.24657534,41.91780822,0,-1
470_191,470,191,44.10958904,1.369863014,53.15068493,1.369863014,0,-1
470_195,470,195,29.8630137,22.19178082,33.97260274,13.97260274,0,-1
470_205,470,205,26.84931507,13.97260274,33.42465753,25.75342466,0,-1
471_191,471,191,44.10958904,4.109589041,48.49315068,3.287671233,0,-1
471_195,471,195,41.36986301,8.219178082,7.123287671,43.28767123,0,-1
471_207,471,207,43.83561644,6.575342466,44.93150685,4.657534247,0,-1
472_191,472,191,44.10958904,2.465753425,50.68493151,2.739726027,0,-1
472_192,472,192,44.38356164,6.02739726,45.47945205,4.109589041,0,-1
472_193,472,193,43.83561644,7.671232877,14.52054795,33.97260274,0,-1
472_196,472,196,43.83561644,5.753424658,3.287671233,47.12328767,0,-1
472_200,472,200,44.65753425,6.575342466,7.397260274,41.36986301,0,-1
472_206,472,206,43.83561644,9.315068493,7.123287671,39.7260274,0,-1
472_470,472,470,43.83561644,7.397260274,7.945205479,40.82191781,0,-1
473_191,473,191,44.38356164,4.383561644,48.49315068,2.739726027,0,-1
474_193,474,193,10.95890411,17.53424658,39.17808219,32.32876712,0,-1
474_198,474,198,6.849315068,18.63013699,40,34.52054795,0,-1
474_473,474,473,10.95890411,14.79452055,37.80821918,36.43835616,0,-1
475_200,475,200,37.80821918,17.80821918,14.24657534,30.1369863,0,-1
476_200,476,200,24.38356164,18.08219178,27.94520548,29.5890411,0,-1
476_473,476,473,23.28767123,10.68493151,37.53424658,28.49315068,0,-1
476_474,476,474,23.28767123,18.35616438,30.95890411,27.39726027,0,-1
477_191,477,191,44.10958904,1.917808219,53.69863014,0.273972603,0,-1
481_480,481,480,28.21917808,11.78082192,36.16438356,23.83561644,0,-1
487_271,487,271,29.8630137,15.61643836,21.64383562,32.87671233,0,-1
487_275,487,275,12.05479452,18.63013699,35.61643836,33.69863014,0,-1
491_271,491,271,22.19178082,16.16438356,33.15068493,28.49315068,0,-1
495_130,495,130,43.56164384,2.465753425,52.32876712,1.643835616,0,-1
511_510,511,510,0.273972603,22.73972603,39.17808219,37.80821918,0,-1
513_451,513,451,12.05479452,21.09589041,35.34246575,31.50684932,0,-1
525_164,525,164,23.01369863,14.52054795,32.87671233,29.5890411,0,-1
527_404,527,404,13.69863014,23.56164384,35.34246575,27.39726027,0,-1
534_109,534,109,23.28767123,16.98630137,31.23287671,28.49315068,0,-1
536_242,536,242,39.7260274,12.32876712,15.34246575,32.60273973,0,-1
537_242,537,242,32.05479452,12.87671233,16.16438356,38.90410959,0,-1
537_536,537,536,7.671232877,20.2739726,38.35616438,33.69863014,0,-1
538_242,538,242,32.87671233,17.53424658,13.97260274,35.61643836,0,-1
538_537,538,537,0.273972603,30.1369863,38.35616438,31.23287671,0,-1
541_348,541,348,13.69863014,13.69863014,40.54794521,32.05479452,0,-1
564_258,564,258,7.671232877,18.08219178,40,34.24657534,0,-1
576_191,576,191,44.10958904,3.835616438,50.4109589,1.643835616,0,-1
576_193,576,193,6.301369863,20,39.45205479,34.24657534,0,-1
576_195,576,195,29.8630137,19.17808219,23.28767123,27.67123288,0,-1
576_473,576,473,6.301369863,15.34246575,41.91780822,36.43835616,0,-1
587_584,587,584,21.36986301,14.52054795,35.34246575,28.76712329,0,-1
597_29,597,29,34.24657534,14.79452055,25.75342466,25.20547945,0,-1
602_452,602,452,6.02739726,20,39.7260274,34.24657534,0,-1
616_299,616,299,22.19178082,13.69863014,36.98630137,27.12328767,0,-1
620_223,620,223,30.68493151,10.1369863,36.71232877,22.46575342,0,-1
622_353,622,353,40.2739726,4.931506849,18.08219178,36.71232877,0,-1
624_288,624,288,32.32876712,13.15068493,40.2739726,14.24657534,0,-1
643_140,643,140,28.49315068,13.42465753,37.80821918,20.2739726,0,-1
651_237,651,237,17.80821918,16.43835616,36.71232877,29.04109589,0,-1
656_241,656,241,32.32876712,13.15068493,15.89041096,38.63013699,0,-1
656_307,656,307,40.82191781,14.52054795,10.68493151,33.97260274,0,-1
656_536,656,536,25.20547945,19.7260274,26.30136986,28.76712329,0,-1
670_247,670,247,19.45205479,13.69863014,35.89041096,30.95890411,0,-1
102_57,102,57,18.35616438,17.53424658,42.46575342,21.64383562,1,2
106_11,106,11,64.93150685,1.095890411,33.69863014,0.273972603,1,0
106_2,106,2,69.04109589,1.643835616,29.04109589,0.273972603,1,0
106_84,106,84,64.10958904,0.273972603,35.34246575,0.273972603,1,0
113_112,113,112,7.123287671,12.87671233,14.79452055,65.20547945,1,3
114_113,114,113,5.753424658,9.04109589,7.123287671,78.08219178,1,3
115_113,115,113,15.61643836,13.15068493,42.19178082,29.04109589,1,2
115_114,115,114,12.60273973,7.123287671,76.98630137,3.287671233,1,2
116_115,116,115,15.61643836,10.68493151,11.23287671,62.46575342,1,3
117_114,117,114,13.42465753,2.739726027,3.01369863,80.82191781,1,3
117_115,117,115,20.54794521,0.547945205,0.273972603,78.63013699,1,3
118_115,118,115,23.83561644,12.87671233,16.43835616,46.84931507,1,3
118_117,118,117,26.84931507,2.191780822,69.04109589,1.917808219,1,2
125_98,125,98,23.01369863,10.95890411,50.68493151,15.34246575,1,2
12_6,12,6,9.863013699,9.04109589,4.657534247,76.43835616,1,3
12_7,12,7,11.23287671,15.34246575,36.43835616,36.98630137,1,3
130_123,130,123,27.39726027,9.863013699,22.19178082,40.54794521,1,3
131_108,131,108,82.19178082,0.821917808,0.273972603,16.71232877,1,0
137_136,137,136,31.78082192,11.78082192,44.10958904,12.32876712,1,2
145_113,145,113,9.315068493,14.24657534,49.5890411,26.84931507,1,2
145_144,145,144,15.34246575,4.109589041,2.739726027,77.80821918,1,3
146_113,146,113,10.68493151,12.32876712,18.08219178,58.90410959,1,3
146_115,146,115,11.23287671,12.05479452,10.68493151,66.02739726,1,3
146_116,146,116,12.05479452,17.26027397,34.79452055,35.89041096,1,3
146_117,146,117,16.98630137,3.287671233,76.71232877,3.01369863,1,2
148_12,148,12,10.95890411,15.34246575,35.06849315,38.63013699,1,3
148_5,148,5,1.643835616,9.863013699,7.945205479,80.54794521,1,3
148_53,148,53,1.369863014,17.53424658,12.60273973,68.49315068,1,3
148_6,148,6,1.369863014,10.68493151,5.753424658,82.19178082,1,3
148_78,148,78,1.643835616,11.50684932,8.493150685,78.35616438,1,3
153_152,153,152,0.821917808,9.589041096,17.53424658,72.05479452,1,3
157_148,157,148,3.835616438,10.95890411,15.61643836,69.5890411,1,3
165_164,165,164,26.30136986,11.78082192,24.93150685,36.98630137,1,3
168_166,168,166,26.57534247,3.287671233,7.123287671,63.01369863,1,3
175_174,175,174,58.08219178,1.369863014,0.547945205,40,1,0
178_176,178,176,40.82191781,13.15068493,31.78082192,14.24657534,1,0
186_182,186,182,20.82191781,4.109589041,3.01369863,72.05479452,1,3
186_39,186,39,13.42465753,13.42465753,56.98630137,16.16438356,1,2
187_38,187,38,6.301369863,19.45205479,50.4109589,23.83561644,1,2
192_191,192,191,44.65753425,9.589041096,29.04109589,16.71232877,1,0
193_192,193,192,13.15068493,11.50684932,65.75342466,9.589041096,1,2
194_193,194,193,91.78082192,2.191780822,4.657534247,1.369863014,1,0
195_192,195,192,30.4109589,6.301369863,57.80821918,5.479452055,1,2
196_191,196,191,44.10958904,1.643835616,54.24657534,0,1,2
196_192,196,192,13.97260274,3.287671233,79.7260274,3.01369863,1,2
197_191,197,191,44.10958904,9.315068493,29.5890411,16.98630137,1,0
197_192,197,192,11.23287671,14.79452055,32.32876712,41.64383562,1,3
198_192,198,192,10.4109589,10.1369863,68.21917808,11.23287671,1,2
198_193,198,193,7.671232877,18.08219178,43.28767123,30.95890411,1,2
198_195,198,195,41.91780822,13.97260274,27.12328767,16.98630137,1,0
198_196,198,196,12.05479452,16.43835616,14.52054795,56.98630137,1,3
198_197,198,197,11.50684932,8.767123288,72.87671233,6.849315068,1,2
199_192,199,192,81.64383562,2.191780822,15.34246575,0.821917808,1,0
199_193,199,193,81.64383562,4.383561644,9.863013699,4.109589041,1,0
199_195,199,195,81.64383562,3.01369863,9.863013699,5.479452055,1,0
199_196,199,196,81.64383562,3.561643836,4.931506849,9.863013699,1,0
199_197,199,197,81.64383562,1.095890411,16.16438356,1.095890411,1,0
200_192,200,192,10.4109589,8.219178082,74.79452055,6.575342466,1,2
200_198,200,198,4.931506849,21.64383562,50.1369863,23.28767123,1,2
203_192,203,192,11.50684932,7.671232877,76.43835616,4.383561644,1,2
203_193,203,193,12.87671233,15.89041096,45.20547945,26.02739726,1,2
203_195,203,195,41.36986301,13.15068493,26.57534247,18.90410959,1,0
203_196,203,196,12.32876712,19.17808219,16.43835616,52.05479452,1,3
203_197,203,197,11.50684932,7.397260274,76.16438356,4.931506849,1,2
203_200,203,200,11.23287671,21.64383562,28.76712329,38.35616438,1,3
204_192,204,192,13.42465753,8.767123288,71.78082192,6.02739726,1,2
204_193,204,193,10.1369863,18.08219178,47.12328767,24.65753425,1,2
204_195,204,195,41.36986301,14.79452055,26.02739726,17.80821918,1,0
204_196,204,196,11.23287671,21.64383562,17.53424658,49.5890411,1,3
204_197,204,197,13.15068493,6.575342466,75.34246575,4.931506849,1,2
204_200,204,200,5.205479452,21.91780822,29.31506849,43.56164384,1,3
205_198,205,198,19.7260274,17.53424658,27.94520548,34.79452055,1,3
205_200,205,200,18.90410959,23.28767123,22.19178082,35.61643836,1,3
205_203,205,203,25.47945205,12.87671233,20.2739726,41.36986301,1,3
205_204,205,204,18.08219178,15.34246575,23.56164384,43.01369863,1,3
206_193,206,193,13.69863014,15.34246575,44.93150685,26.02739726,1,2
206_196,206,196,13.97260274,16.71232877,16.71232877,52.60273973,1,3
206_197,206,197,11.50684932,6.02739726,79.7260274,2.739726027,1,2
206_205,206,205,26.84931507,14.24657534,40,18.90410959,1,2
207_191,207,191,44.38356164,9.04109589,17.80821918,28.76712329,1,0
207_198,207,198,44.10958904,1.095890411,0,54.79452055,1,3
207_203,207,203,43.83561644,0.547945205,1.095890411,54.52054795,1,3
212_103,212,103,81.91780822,4.109589041,5.753424658,8.219178082,1,0
212_109,212,109,82.19178082,1.917808219,11.78082192,4.109589041,1,0
212_134,212,134,82.19178082,1.917808219,3.01369863,12.87671233,1,0
219_218,219,218,16.98630137,15.61643836,49.31506849,18.08219178,1,2
226_225,226,225,13.15068493,17.26027397,42.46575342,27.12328767,1,2
235_234,235,234,10.1369863,14.79452055,64.38356164,10.68493151,1,2
236_234,236,234,9.589041096,13.15068493,12.05479452,65.20547945,1,3
236_235,236,235,10.4109589,3.561643836,2.739726027,83.28767123,1,3
237_235,237,235,15.89041096,16.98630137,24.93150685,42.19178082,1,3
241_240,241,240,21.64383562,7.397260274,63.28767123,7.671232877,1,2
243_218,243,218,24.10958904,0.547945205,0.547945205,74.79452055,1,3
243_219,243,219,15.06849315,0.821917808,1.643835616,82.46575342,1,3
249_247,249,247,18.63013699,8.493150685,68.21917808,4.657534247,1,2
249_248,249,248,9.863013699,7.397260274,75.06849315,7.671232877,1,2
251_248,251,248,15.06849315,22.46575342,40,22.46575342,1,2
251_250,251,250,10.1369863,22.19178082,27.94520548,39.7260274,1,3
254_27,254,27,11.78082192,8.219178082,23.83561644,56.16438356,1,3
259_258,259,258,10.68493151,10.4109589,66.57534247,12.32876712,1,2
260_257,260,257,32.32876712,5.753424658,56.16438356,5.753424658,1,2
260_259,260,259,19.7260274,11.78082192,20.82191781,47.67123288,1,3
261_258,261,258,21.36986301,9.863013699,4.657534247,64.10958904,1,3
261_259,261,259,24.38356164,1.917808219,1.369863014,72.32876712,1,3
263_257,263,257,41.09589041,1.917808219,55.61643836,1.369863014,1,2
263_259,263,259,26.30136986,8.493150685,56.71232877,8.493150685,1,2
263_260,263,260,25.47945205,14.24657534,38.63013699,21.64383562,1,2
263_261,263,261,30.1369863,5.753424658,60.54794521,3.561643836,1,2
267_192,267,192,83.56164384,0.547945205,15.34246575,0.547945205,1,0
267_193,267,193,83.56164384,4.931506849,10.68493151,0.821917808,1,0
267_195,267,195,83.56164384,4.109589041,10.1369863,2.191780822,1,0
267_196,267,196,83.56164384,1.643835616,6.575342466,8.219178082,1,0
267_197,267,197,83.56164384,0.821917808,15.34246575,0.273972603,1,0
267_200,267,200,83.56164384,4.109589041,7.671232877,4.657534247,1,0
267_205,267,205,83.56164384,4.657534247,8.767123288,3.01369863,1,0
267_207,267,207,83.56164384,0,16.43835616,0,1,0
268_45,268,45,28.49315068,2.191780822,68.21917808,1.095890411,1,2
268_46,268,46,21.09589041,10.1369863,60.2739726,8.493150685,1,2
268_47,268,47,23.56164384,3.561643836,69.5890411,3.287671233,1,2
268_54,268,54,10.68493151,11.23287671,16.43835616,61.64383562,1,3
270_114,270,114,36.71232877,1.369863014,0.821917808,61.09589041,1,3
270_115,270,115,38.90410959,0,0,61.09589041,1,3
270_116,270,116,35.34246575,0.273972603,0,64.38356164,1,3
270_117,270,117,40.54794521,10.1369863,19.17808219,30.1369863,1,0
270_118,270,118,41.64383562,0.273972603,0,58.08219178,1,3
270_146,270,146,35.34246575,0.821917808,0.273972603,63.56164384,1,3
272_271,272,271,21.91780822,19.7260274,19.45205479,38.90410959,1,3
273_272,273,272,14.79452055,22.46575342,41.91780822,20.82191781,1,2
274_271,274,271,26.84931507,14.24657534,19.17808219,39.7260274,1,3
274_272,274,272,10.95890411,17.53424658,35.61643836,35.89041096,1,3
275_272,275,272,5.479452055,29.5890411,39.45205479,25.47945205,1,2
275_274,275,274,9.589041096,23.28767123,53.15068493,13.97260274,1,2
278_276,278,276,12.05479452,11.50684932,63.01369863,13.42465753,1,2
281_279,281,279,28.49315068,4.383561644,64.38356164,2.739726027,1,2
282_116,282,116,29.31506849,4.657534247,63.28767123,2.739726027,1,2
282_118,282,118,36.98630137,2.191780822,59.45205479,1.369863014,1,2
282_119,282,119,34.52054795,14.79452055,27.12328767,23.56164384,1,0
286_76,286,76,59.7260274,0.273972603,0.547945205,39.45205479,1,0
288_287,288,287,29.8630137,0.273972603,0,69.8630137,1,3
291_287,291,287,10.95890411,0.821917808,0,88.21917808,1,3
295_290,295,290,21.91780822,2.191780822,1.917808219,73.97260274,1,3
298_297,298,297,14.79452055,0.547945205,84.38356164,0.273972603,1,2
299_290,299,290,21.36986301,5.753424658,7.123287671,65.75342466,1,3
299_295,299,295,14.52054795,4.383561644,79.45205479,1.643835616,1,2
300_125,300,125,17.53424658,15.61643836,30.95890411,35.89041096,1,3
300_212,300,212,80.54794521,3.01369863,3.01369863,13.42465753,1,0
303_290,303,290,20.54794521,3.561643836,2.191780822,73.69863014,1,3
303_295,303,295,15.34246575,9.589041096,58.08219178,16.98630137,1,2
304_106,304,106,66.57534247,9.315068493,12.87671233,11.23287671,1,0
304_111,304,111,48.76712329,7.123287671,34.52054795,9.589041096,1,0
304_125,304,125,51.78082192,6.02739726,38.35616438,3.835616438,1,0
305_241,305,241,20.54794521,14.79452055,18.08219178,46.57534247,1,3
305_242,305,242,41.36986301,10.95890411,18.63013699,29.04109589,1,0
306_241,306,241,16.43835616,21.36986301,39.7260274,22.46575342,1,2
306_305,306,305,18.63013699,13.15068493,55.34246575,12.87671233,1,2
307_241,307,241,20.54794521,22.19178082,34.52054795,22.73972603,1,2
307_242,307,242,33.15068493,17.26027397,27.94520548,21.64383562,1,0
307_305,307,305,29.31506849,13.69863014,44.38356164,12.60273973,1,2
307_306,307,306,25.20547945,18.08219178,20.2739726,36.43835616,1,3
314_140,314,140,28.49315068,7.123287671,5.205479452,59.17808219,1,3
314_141,314,141,6.02739726,12.60273973,20,61.36986301,1,3
318_18,318,18,13.42465753,10.4109589,12.87671233,63.28767123,1,3
318_221,318,221,23.56164384,4.931506849,5.753424658,65.75342466,1,3
318_222,318,222,16.16438356,5.479452055,3.287671233,75.06849315,1,3
318_316,318,316,18.08219178,6.849315068,1.643835616,73.42465753,1,3
320_124,320,124,16.71232877,13.42465753,17.26027397,52.60273973,1,3
321_18,321,18,11.78082192,9.315068493,11.23287671,67.67123288,1,3
321_221,321,221,13.42465753,2.739726027,3.01369863,80.82191781,1,3
321_222,321,222,17.26027397,2.739726027,2.739726027,77.26027397,1,3
321_316,321,316,18.35616438,0.273972603,0.547945205,80.82191781,1,3
324_155,324,155,19.45205479,0.273972603,3.561643836,76.71232877,1,3
325_182,325,182,24.10958904,3.835616438,3.287671233,68.76712329,1,3
326_99,326,99,7.671232877,5.479452055,83.28767123,3.561643836,1,2
329_186,329,186,14.24657534,15.61643836,40.2739726,29.8630137,1,2
329_39,329,39,14.79452055,10.4109589,60,14.79452055,1,2
331_330,331,330,8.219178082,9.315068493,7.671232877,74.79452055,1,3
333_12,333,12,14.24657534,15.34246575,43.56164384,26.84931507,1,2
333_148,333,148,5.479452055,24.10958904,23.01369863,47.39726027,1,3
333_157,333,157,7.123287671,15.61643836,60.54794521,16.71232877,1,2
333_5,333,5,4.657534247,10.68493151,14.79452055,69.8630137,1,3
334_166,334,166,17.53424658,14.52054795,30.95890411,36.98630137,1,3
334_168,334,168,15.61643836,5.753424658,69.8630137,8.767123288,1,2
337_330,337,330,4.657534247,9.04109589,78.63013699,7.671232877,1,2
340_339,340,339,18.63013699,5.753424658,67.39726027,8.219178082,1,2
342_260,342,260,35.89041096,3.561643836,3.287671233,57.26027397,1,3
342_263,342,263,21.91780822,2.191780822,1.095890411,74.79452055,1,3
343_257,343,257,25.47945205,9.863013699,39.45205479,25.20547945,1,2
343_260,343,260,23.28767123,7.123287671,11.23287671,58.35616438,1,3
343_261,343,261,27.67123288,9.863013699,21.64383562,40.82191781,1,3
343_263,343,263,29.31506849,1.369863014,3.01369863,66.30136986,1,3
343_342,343,342,26.02739726,7.397260274,52.87671233,13.69863014,1,2
346_234,346,234,23.28767123,2.465753425,0.821917808,73.42465753,1,3
346_235,346,235,23.01369863,0.547945205,1.095890411,75.34246575,1,3
347_234,347,234,10.1369863,2.465753425,1.095890411,86.30136986,1,3
347_235,347,235,10.95890411,1.095890411,1.095890411,86.84931507,1,3
348_234,348,234,20.82191781,8.493150685,4.383561644,66.30136986,1,3
348_235,348,235,12.32876712,4.383561644,3.561643836,79.7260274,1,3
348_236,348,236,21.09589041,15.89041096,28.49315068,34.52054795,1,3
350_349,350,349,30.68493151,10.1369863,18.35616438,40.82191781,1,3
352_351,352,351,18.08219178,4.931506849,65.20547945,11.78082192,1,2
357_115,357,115,11.23287671,0,0,88.76712329,1,3
357_116,357,116,9.04109589,1.643835616,0.273972603,89.04109589,1,3
357_118,357,118,17.53424658,0.821917808,0.273972603,81.36986301,1,3
357_126,357,126,24.10958904,2.739726027,0.547945205,72.60273973,1,3
357_282,357,282,20.2739726,0,0.273972603,79.45205479,1,3
358_114,358,114,5.479452055,16.98630137,18.35616438,59.17808219,1,3
358_115,358,115,15.34246575,4.657534247,2.739726027,77.26027397,1,3
358_116,358,116,13.15068493,8.767123288,9.04109589,69.04109589,1,3
358_117,358,117,15.89041096,10.1369863,63.28767123,10.68493151,1,2
358_146,358,146,10.4109589,7.397260274,12.87671233,69.31506849,1,3
366_365,366,365,27.12328767,13.42465753,52.32876712,7.123287671,1,2
370_369,370,369,29.8630137,4.657534247,4.383561644,61.09589041,1,3
375_19,375,19,10.4109589,5.479452055,4.931506849,79.17808219,1,3
376_19,376,19,8.493150685,2.465753425,88.49315068,0.547945205,1,2
380_376,380,376,8.767123288,1.369863014,0.273972603,89.5890411,1,3
380_378,380,378,12.60273973,18.35616438,24.10958904,44.93150685,1,3
381_376,381,376,9.04109589,30.1369863,29.04109589,31.78082192,1,3
381_378,381,378,4.657534247,4.109589041,87.94520548,3.287671233,1,2
381_380,381,380,9.589041096,6.301369863,81.64383562,2.465753425,1,2
386_385,386,385,12.60273973,10.95890411,61.64383562,14.79452055,1,2
388_387,388,387,33.15068493,0.821917808,66.02739726,0,1,2
389_386,389,386,24.65753425,14.79452055,49.5890411,10.95890411,1,2
389_387,389,387,24.10958904,0,75.61643836,0.273972603,1,2
397_396,397,396,23.56164384,12.05479452,46.84931507,17.53424658,1,2
400_170,400,170,26.30136986,10.1369863,3.835616438,59.7260274,1,3
400_171,400,171,15.06849315,10.68493151,6.301369863,67.94520548,1,3
403_163,403,163,24.10958904,0.547945205,75.06849315,0.273972603,1,2
404_164,404,164,27.12328767,16.43835616,47.12328767,9.315068493,1,2
407_225,407,225,10.68493151,7.671232877,11.50684932,70.1369863,1,3
407_226,407,226,9.863013699,9.315068493,12.05479452,68.76712329,1,3
408_223,408,223,30.68493151,9.04109589,12.32876712,47.94520548,1,3
408_225,408,225,9.589041096,2.191780822,1.643835616,86.57534247,1,3
408_226,408,226,4.931506849,5.479452055,2.739726027,86.84931507,1,3
409_387,409,387,16.43835616,6.301369863,71.23287671,6.02739726,1,2
409_388,409,388,22.19178082,1.369863014,0.821917808,75.61643836,1,3
409_389,409,389,16.98630137,0.821917808,0.273972603,81.91780822,1,3
409_394,409,394,10.68493151,9.04109589,13.42465753,66.84931507,1,3
410_281,410,281,13.69863014,13.97260274,12.60273973,59.7260274,1,3
411_353,411,353,20.82191781,6.849315068,56.71232877,15.61643836,1,2
411_354,411,354,15.06849315,10.4109589,65.75342466,8.767123288,1,2
412_354,412,354,38.63013699,6.301369863,6.02739726,49.04109589,1,3
412_411,412,411,35.34246575,1.643835616,0.273972603,62.73972603,1,3
415_413,415,413,18.63013699,6.301369863,5.205479452,69.8630137,1,3
415_414,415,414,16.43835616,2.191780822,1.643835616,79.7260274,1,3
419_417,419,417,15.06849315,13.69863014,55.06849315,16.16438356,1,2
426_268,426,268,10.4109589,8.219178082,62.19178082,19.17808219,1,2
426_46,426,46,10.1369863,3.835616438,83.83561644,2.191780822,1,2
426_47,426,47,12.05479452,1.369863014,85.47945205,1.095890411,1,2
426_54,426,54,5.479452055,16.16438356,28.49315068,49.8630137,1,3
427_43,427,43,28.21917808,7.123287671,50.1369863,14.52054795,1,2
427_46,427,46,28.21917808,6.849315068,39.45205479,25.47945205,1,2
427_47,427,47,28.49315068,9.04109589,52.32876712,10.1369863,1,2
427_54,427,54,31.23287671,1.643835616,0.821917808,66.30136986,1,3
428_268,428,268,36.71232877,9.04109589,28.21917808,26.02739726,1,0
428_426,428,426,26.30136986,7.945205479,15.89041096,49.8630137,1,3
428_427,428,427,26.30136986,6.849315068,55.34246575,11.50684932,1,2
428_43,428,43,28.21917808,4.109589041,63.56164384,4.109589041,1,2
428_45,428,45,28.21917808,0.547945205,70.4109589,0.821917808,1,2
428_46,428,46,28.21917808,6.575342466,58.08219178,7.123287671,1,2
428_54,428,54,31.78082192,5.479452055,5.753424658,56.98630137,1,3
429_324,429,324,27.12328767,1.095890411,70.4109589,1.369863014,1,2
436_435,436,435,66.57534247,3.835616438,4.383561644,25.20547945,1,0
437_394,437,394,6.575342466,3.561643836,4.931506849,84.93150685,1,3
437_409,437,409,6.02739726,9.589041096,13.69863014,70.68493151,1,3
439_168,439,168,12.60273973,13.69863014,26.57534247,47.12328767,1,3
439_334,439,334,13.97260274,7.397260274,11.50684932,67.12328767,1,3
440_349,440,349,9.315068493,8.493150685,60.82191781,21.36986301,1,2
440_350,440,350,21.64383562,8.767123288,58.90410959,10.68493151,1,2
441_288,441,288,24.10958904,12.05479452,38.35616438,25.47945205,1,2
442_376,442,376,10.68493151,13.69863014,8.493150685,67.12328767,1,3
442_378,442,378,13.15068493,8.767123288,59.17808219,18.90410959,1,2
442_380,442,380,11.23287671,9.863013699,60.82191781,18.08219178,1,2
442_381,442,381,12.87671233,12.60273973,5.479452055,69.04109589,1,3
443_223,443,223,33.97260274,8.767123288,45.75342466,11.50684932,1,2
444_163,444,163,68.21917808,0,31.78082192,0,1,0
447_168,447,168,13.15068493,7.945205479,75.61643836,3.287671233,1,2
447_334,447,334,4.657534247,19.45205479,43.83561644,32.05479452,1,2
447_439,447,439,11.50684932,8.219178082,76.71232877,3.561643836,1,2
448_257,448,257,26.02739726,0.273972603,73.42465753,0.273972603,1,2
448_261,448,261,14.79452055,1.917808219,81.91780822,1.369863014,1,2
450_241,450,241,11.50684932,19.17808219,18.63013699,50.68493151,1,3
450_305,450,305,9.589041096,17.80821918,35.06849315,37.53424658,1,3
450_306,450,306,9.315068493,13.15068493,9.589041096,67.94520548,1,3
450_307,450,307,20.2739726,17.26027397,9.863013699,52.60273973,1,3
451_284,451,284,13.42465753,3.01369863,81.09589041,2.465753425,1,2
451_288,451,288,30.68493151,7.945205479,56.16438356,5.205479452,1,2
451_441,451,441,6.849315068,10.1369863,73.69863014,9.315068493,1,2
452_176,452,176,8.219178082,16.71232877,53.97260274,21.09589041,1,2
453_234,453,234,96.98630137,0.821917808,0.273972603,1.917808219,1,0
453_235,453,235,96.71232877,0.821917808,0.273972603,2.191780822,1,0
453_237,453,237,96.71232877,1.095890411,0,2.191780822,1,0
453_346,453,346,96.71232877,1.369863014,0.273972603,1.643835616,1,0
453_347,453,347,96.71232877,1.369863014,1.369863014,0.547945205,1,0
454_19,454,19,9.04109589,10.95890411,70.1369863,9.863013699,1,2
454_376,454,376,9.863013699,18.35616438,7.397260274,64.38356164,1,3
454_380,454,380,10.1369863,5.753424658,76.43835616,7.671232877,1,2
454_381,454,381,9.315068493,27.94520548,30.1369863,32.60273973,1,3
454_442,454,442,11.50684932,13.69863014,44.93150685,29.8630137,1,2
457_130,457,130,22.73972603,4.383561644,70.68493151,2.191780822,1,2
457_98,457,98,16.71232877,5.205479452,74.79452055,3.287671233,1,2
458_123,458,123,30.95890411,9.863013699,42.73972603,16.43835616,1,2
458_130,458,130,26.30136986,7.945205479,60,5.753424658,1,2
45_43,45,43,17.80821918,7.397260274,11.78082192,63.01369863,1,3
463_136,463,136,18.90410959,11.78082192,10.68493151,58.63013699,1,3
464_136,464,136,30.68493151,10.95890411,14.52054795,43.83561644,1,3
464_463,464,463,17.26027397,18.90410959,36.98630137,26.84931507,1,2
465_278,465,278,10.95890411,3.835616438,4.109589041,81.09589041,1,3
466_278,466,278,12.60273973,12.32876712,15.89041096,59.17808219,1,3
46_43,46,43,10.4109589,13.97260274,49.8630137,25.75342466,1,2
46_45,46,45,17.80821918,7.123287671,67.12328767,7.945205479,1,2
470_193,470,193,13.42465753,21.09589041,49.31506849,16.16438356,1,2
470_196,470,196,13.97260274,18.08219178,13.97260274,53.97260274,1,3
470_197,470,197,11.50684932,6.849315068,77.80821918,3.835616438,1,2
470_200,470,200,12.32876712,20.2739726,23.01369863,44.38356164,1,3
470_207,470,207,43.83561644,1.643835616,54.24657534,0.273972603,1,2
471_193,471,193,10.68493151,15.34246575,17.26027397,56.71232877,1,3
471_196,471,196,15.06849315,7.671232877,2.739726027,74.52054795,1,3
471_197,471,197,14.52054795,13.42465753,53.69863014,18.35616438,1,2
471_198,471,198,6.849315068,12.32876712,17.53424658,63.28767123,1,3
471_200,471,200,5.205479452,14.52054795,7.397260274,72.87671233,1,3
471_204,471,204,8.219178082,13.42465753,13.15068493,65.20547945,1,3
472_197,472,197,43.83561644,7.945205479,38.63013699,9.589041096,1,0
472_471,472,471,43.83561644,13.69863014,32.32876712,10.1369863,1,0
473_192,473,192,13.69863014,8.219178082,61.64383562,16.43835616,1,2
473_198,473,198,9.04109589,20,33.97260274,36.98630137,1,3
473_203,473,203,10.1369863,16.98630137,32.32876712,40.54794521,1,3
473_204,473,204,10.95890411,16.16438356,29.31506849,43.56164384,1,3
473_206,473,206,13.69863014,16.98630137,31.78082192,37.53424658,1,3
473_470,473,470,15.34246575,16.16438356,33.97260274,34.52054795,1,3
473_471,473,471,14.52054795,12.60273973,50.68493151,22.19178082,1,2
473_472,473,472,43.83561644,7.123287671,37.26027397,11.78082192,1,0
474_200,474,200,6.02739726,17.26027397,25.47945205,51.23287671,1,3
474_203,474,203,13.97260274,20,29.8630137,36.16438356,1,3
474_204,474,204,8.767123288,19.17808219,30.95890411,41.09589041,1,3
474_206,474,206,15.89041096,16.71232877,33.15068493,34.24657534,1,3
474_470,474,470,15.89041096,15.89041096,31.23287671,36.98630137,1,3
475_191,475,191,80.82191781,3.01369863,14.79452055,1.369863014,1,0
475_193,475,193,44.38356164,11.78082192,19.45205479,24.38356164,1,0
475_195,475,195,64.10958904,7.123287671,10.1369863,18.63013699,1,0
475_196,475,196,48.76712329,8.767123288,4.657534247,37.80821918,1,0
475_197,475,197,47.94520548,4.383561644,43.56164384,4.109589041,1,0
475_205,475,205,55.06849315,8.493150685,16.16438356,20.2739726,1,0
475_207,475,207,80.82191781,2.191780822,16.71232877,0.273972603,1,0
475_472,475,472,80.82191781,3.01369863,10.4109589,5.753424658,1,0
475_473,475,473,49.5890411,6.301369863,19.45205479,24.65753425,1,0
475_474,475,474,42.19178082,7.123287671,27.94520548,22.73972603,1,0
476_192,476,192,24.10958904,5.205479452,66.02739726,4.657534247,1,2
476_193,476,193,25.75342466,15.06849315,41.91780822,17.26027397,1,2
476_195,476,195,45.47945205,13.15068493,30.4109589,10.95890411,1,0
476_196,476,196,27.39726027,14.79452055,18.35616438,39.45205479,1,3
476_197,476,197,24.38356164,4.109589041,68.76712329,2.739726027,1,2
476_205,476,205,40.54794521,11.50684932,34.52054795,13.42465753,1,0
476_207,476,207,43.83561644,0.547945205,54.52054795,1.095890411,1,2
476_471,476,471,27.12328767,8.767123288,56.71232877,7.397260274,1,2
477_192,477,192,24.10958904,3.287671233,69.8630137,2.739726027,1,2
477_193,477,193,24.38356164,16.71232877,44.93150685,13.97260274,1,2
477_198,477,198,24.38356164,13.69863014,40.2739726,21.64383562,1,2
477_200,477,200,24.93150685,22.19178082,35.61643836,17.26027397,1,2
477_204,477,204,23.83561644,18.08219178,34.79452055,23.28767123,1,2
477_205,477,205,26.84931507,16.16438356,45.20547945,11.78082192,1,2
477_206,477,206,23.83561644,15.34246575,38.35616438,22.46575342,1,2
477_470,477,470,23.83561644,15.89041096,40,20.2739726,1,2
477_471,477,471,23.56164384,6.849315068,64.65753425,4.931506849,1,2
477_472,477,472,43.83561644,7.123287671,43.83561644,5.205479452,1,0
477_474,477,474,27.94520548,15.34246575,38.90410959,17.80821918,1,2
477_476,477,476,37.53424658,13.97260274,29.8630137,18.63013699,1,0
47_43,47,43,12.87671233,11.23287671,31.23287671,44.65753425,1,3
47_45,47,45,19.45205479,9.315068493,54.52054795,16.71232877,1,2
47_46,47,46,12.87671233,12.32876712,20.2739726,54.52054795,1,3
480_176,480,176,19.45205479,0.547945205,0.821917808,79.17808219,1,3
480_452,480,452,14.79452055,0.547945205,0.273972603,84.38356164,1,3
481_176,481,176,24.38356164,1.917808219,0.273972603,73.42465753,1,3
481_452,481,452,21.09589041,0.273972603,0.547945205,78.08219178,1,3
483_174,483,174,23.01369863,4.657534247,7.123287671,65.20547945,1,3
484_272,484,272,10.68493151,21.64383562,20.2739726,47.39726027,1,3
484_273,484,273,21.64383562,19.17808219,14.79452055,44.38356164,1,3
484_274,484,274,17.80821918,20,29.31506849,32.87671233,1,3
484_275,484,275,11.50684932,21.91780822,19.7260274,46.84931507,1,3
485_174,485,174,16.43835616,0.273972603,0.273972603,83.01369863,1,3
485_483,485,483,23.01369863,3.287671233,0.821917808,72.87671233,1,3
486_271,486,271,30.1369863,12.32876712,53.69863014,3.835616438,1,2
486_273,486,273,22.73972603,7.397260274,66.02739726,3.835616438,1,2
486_275,486,275,12.05479452,10.1369863,72.32876712,5.479452055,1,2
487_273,487,273,23.01369863,18.90410959,24.93150685,33.15068493,1,3
487_486,487,486,12.05479452,6.02739726,1.369863014,80.54794521,1,3
488_272,488,272,15.06849315,20.82191781,12.32876712,51.78082192,1,3
488_273,488,273,22.46575342,13.42465753,6.849315068,57.26027397,1,3
488_275,488,275,11.78082192,19.17808219,17.53424658,51.50684932,1,3
488_484,488,484,22.19178082,20.2739726,14.52054795,43.01369863,1,3
488_486,488,486,19.17808219,7.397260274,4.931506849,68.49315068,1,3
488_487,488,487,18.90410959,21.64383562,20.2739726,39.17808219,1,3
489_273,489,273,21.64383562,3.835616438,1.095890411,73.42465753,1,3
489_488,489,488,18.08219178,15.89041096,9.589041096,56.43835616,1,3
491_272,491,272,7.123287671,22.73972603,47.67123288,22.46575342,1,2
491_273,491,273,13.42465753,23.01369863,43.56164384,20,1,2
491_274,491,274,10.4109589,22.19178082,47.39726027,20,1,2
491_275,491,275,2.465753425,29.5890411,30.68493151,37.26027397,1,3
491_484,491,484,12.60273973,24.38356164,48.21917808,14.79452055,1,2
492_187,492,187,12.60273973,8.219178082,4.383561644,74.79452055,1,3
492_38,492,38,12.87671233,8.493150685,16.71232877,61.91780822,1,3
493_187,493,187,5.753424658,1.643835616,0,92.60273973,1,3
493_492,493,492,12.05479452,6.849315068,15.89041096,65.20547945,1,3
495_125,495,125,37.26027397,5.205479452,55.06849315,2.465753425,1,2
495_457,495,457,29.8630137,10.4109589,40.82191781,18.90410959,1,2
495_98,495,98,32.87671233,2.465753425,61.91780822,2.739726027,1,2
497_111,497,111,8.767123288,7.671232877,39.17808219,44.38356164,1,3
497_121,497,121,12.60273973,12.32876712,28.76712329,46.30136986,1,3
497_304,497,304,53.69863014,4.657534247,1.643835616,40,1,0
497_495,497,495,32.60273973,7.397260274,7.945205479,52.05479452,1,3
498_138,498,138,20.2739726,10.1369863,19.17808219,50.4109589,1,3
498_312,498,312,5.753424658,8.493150685,6.02739726,79.7260274,1,3
499_140,499,140,28.21917808,9.589041096,54.24657534,7.945205479,1,2
499_141,499,141,12.60273973,10.4109589,71.50684932,5.479452055,1,2
499_314,499,314,12.87671233,4.383561644,79.17808219,3.561643836,1,2
501_431,501,431,19.17808219,8.219178082,68.49315068,4.109589041,1,2
501_500,501,500,7.671232877,13.97260274,69.8630137,8.493150685,1,2
502_189,502,189,7.397260274,13.69863014,11.23287671,67.67123288,1,3
502_455,502,455,36.71232877,8.767123288,4.383561644,50.1369863,1,3
503_502,503,502,16.98630137,12.05479452,64.65753425,6.301369863,1,2
504_365,504,365,3.01369863,15.34246575,73.69863014,7.945205479,1,2
504_366,504,366,25.47945205,14.24657534,15.89041096,44.38356164,1,3
506_365,506,365,3.287671233,15.61643836,73.15068493,7.945205479,1,2
506_504,506,504,1.917808219,26.57534247,47.12328767,24.38356164,1,2
507_366,507,366,29.5890411,10.68493151,5.205479452,54.52054795,1,3
507_506,507,506,7.397260274,12.87671233,5.479452055,74.24657534,1,3
509_234,509,234,9.863013699,11.50684932,71.23287671,7.397260274,1,2
509_236,509,236,10.1369863,3.01369863,86.30136986,0.547945205,1,2
509_237,509,237,20.54794521,17.53424658,40.54794521,21.36986301,1,2
509_346,509,346,23.01369863,1.643835616,74.79452055,0.547945205,1,2
509_348,509,348,16.71232877,3.835616438,77.80821918,1.643835616,1,2
510_236,510,236,9.589041096,5.205479452,80.82191781,4.383561644,1,2
510_237,510,237,15.06849315,16.16438356,41.09589041,27.67123288,1,2
510_346,510,346,22.46575342,0.821917808,76.16438356,0.547945205,1,2
510_347,510,347,10.1369863,0,89.04109589,0.821917808,1,2
510_348,510,348,11.50684932,6.849315068,78.35616438,3.287671233,1,2
511_234,511,234,9.589041096,20.2739726,50.4109589,19.7260274,1,2
511_235,511,235,1.095890411,25.20547945,26.30136986,47.39726027,1,3
511_346,511,346,23.28767123,3.561643836,72.87671233,0.273972603,1,2
511_509,511,509,5.205479452,26.84931507,26.30136986,41.64383562,1,3
513_284,513,284,11.50684932,1.369863014,84.38356164,2.739726027,1,2
513_287,513,287,10.68493151,8.493150685,5.753424658,75.06849315,1,3
513_288,513,288,24.38356164,4.931506849,67.67123288,3.01369863,1,2
515_168,515,168,32.87671233,0.273972603,66.84931507,0,1,2
515_334,515,334,23.83561644,6.02739726,67.67123288,2.465753425,1,2
515_439,515,439,31.50684932,0.273972603,67.94520548,0.273972603,1,2
515_447,515,447,21.09589041,6.575342466,69.8630137,2.465753425,1,2
516_166,516,166,13.97260274,5.205479452,9.863013699,70.95890411,1,3
516_334,516,334,3.287671233,11.50684932,29.8630137,55.34246575,1,3
516_439,516,439,10.95890411,10.1369863,62.19178082,16.71232877,1,2
516_447,516,447,0.547945205,20.82191781,26.02739726,52.60273973,1,3
516_515,516,515,20.54794521,3.01369863,3.01369863,73.42465753,1,3
520_363,520,363,13.15068493,0.821917808,86.02739726,0,1,2
521_394,521,394,5.205479452,12.60273973,70.1369863,12.05479452,1,2
521_409,521,409,5.479452055,3.561643836,87.94520548,3.01369863,1,2
521_437,521,437,0.547945205,4.383561644,91.78082192,3.287671233,1,2
523_386,523,386,15.34246575,4.109589041,1.643835616,78.90410959,1,3
523_387,523,387,13.42465753,3.835616438,78.08219178,4.657534247,1,2
523_388,523,388,24.65753425,7.945205479,5.753424658,61.64383562,1,3
523_389,523,389,19.17808219,1.095890411,1.095890411,78.63013699,1,3
523_409,523,409,8.219178082,13.97260274,58.63013699,19.17808219,1,2
524_388,524,388,28.49315068,12.32876712,38.63013699,20.54794521,1,2
524_389,524,389,23.28767123,18.35616438,13.15068493,45.20547945,1,3
524_394,524,394,11.50684932,7.945205479,72.60273973,7.945205479,1,2
524_409,524,409,12.32876712,2.739726027,82.73972603,2.191780822,1,2
524_437,524,437,7.123287671,3.287671233,88.49315068,1.095890411,1,2
524_521,524,521,6.301369863,15.06849315,36.71232877,41.91780822,1,3
524_523,524,523,7.945205479,6.575342466,80,5.479452055,1,2
525_165,525,165,8.493150685,10.95890411,62.46575342,18.08219178,1,2
525_404,525,404,10.68493151,20.82191781,12.32876712,56.16438356,1,3
526_164,526,164,33.97260274,11.23287671,46.30136986,8.493150685,1,2
526_165,526,165,15.89041096,12.05479452,57.80821918,14.24657534,1,2
526_404,526,404,21.91780822,16.98630137,18.35616438,42.73972603,1,3
526_525,526,525,15.61643836,21.91780822,42.73972603,19.7260274,1,2
527_165,527,165,7.945205479,8.767123288,79.17808219,4.109589041,1,2
527_525,527,525,7.397260274,10.95890411,77.26027397,4.383561644,1,2
527_526,527,526,13.15068493,24.38356164,47.39726027,15.06849315,1,2
528_136,528,136,22.19178082,14.79452055,18.08219178,44.93150685,1,3
528_464,528,464,20.54794521,18.63013699,28.21917808,32.60273973,1,3
529_297,529,297,14.79452055,3.01369863,79.45205479,2.739726027,1,2
530_290,530,290,10.4109589,7.671232877,75.34246575,6.575342466,1,2
530_295,530,295,14.79452055,0.273972603,84.38356164,0.547945205,1,2
530_298,530,298,2.191780822,26.30136986,45.47945205,26.02739726,1,2
530_299,530,299,14.52054795,1.917808219,82.73972603,0.821917808,1,2
530_303,530,303,13.42465753,0.547945205,85.47945205,0.547945205,1,2
530_529,530,529,5.205479452,19.45205479,54.52054795,20.82191781,1,2
532_276,532,276,10.1369863,8.219178082,76.16438356,5.479452055,1,2
532_465,532,465,10.4109589,0.547945205,88.49315068,0.547945205,1,2
532_466,532,466,9.863013699,10.68493151,71.50684932,7.945205479,1,2
534_103,534,103,10.95890411,15.89041096,20,53.15068493,1,3
534_134,534,134,12.05479452,13.42465753,13.15068493,61.36986301,1,3
534_300,534,300,10.1369863,15.89041096,57.53424658,16.43835616,1,2
536_241,536,241,19.17808219,18.08219178,24.10958904,38.63013699,1,3
536_305,536,305,9.863013699,15.06849315,52.32876712,22.73972603,1,2
536_306,536,306,16.71232877,15.06849315,10.95890411,57.26027397,1,3
536_450,536,450,7.671232877,18.90410959,45.20547945,28.21917808,1,2
537_241,537,241,11.50684932,17.53424658,18.90410959,52.05479452,1,3
537_305,537,305,9.589041096,15.61643836,35.34246575,39.45205479,1,3
537_306,537,306,9.315068493,16.43835616,10.4109589,63.83561644,1,3
537_307,537,307,20.2739726,19.17808219,12.32876712,48.21917808,1,3
538_241,538,241,11.78082192,20.54794521,31.50684932,36.16438356,1,3
538_306,538,306,9.863013699,16.71232877,10.4109589,63.01369863,1,3
538_307,538,307,20.54794521,25.20547945,18.63013699,35.61643836,1,3
538_450,538,450,0.547945205,26.57534247,35.61643836,37.26027397,1,3
538_536,538,536,7.945205479,20.54794521,32.32876712,39.17808219,1,3
539_450,539,450,6.575342466,8.493150685,9.589041096,75.34246575,1,3
539_538,539,538,8.219178082,0.273972603,0.821917808,90.68493151,1,3
53_12,53,12,10.1369863,12.87671233,62.19178082,14.79452055,1,2
53_5,53,5,0.547945205,16.71232877,27.67123288,55.06849315,1,3
53_6,53,6,0.273972603,21.09589041,10.68493151,67.94520548,1,3
53_7,53,7,1.643835616,10.95890411,78.90410959,8.493150685,1,2
541_234,541,234,11.78082192,10.95890411,17.80821918,59.45205479,1,3
541_235,541,235,3.287671233,8.767123288,7.945205479,80,1,3
541_236,541,236,11.78082192,16.98630137,29.31506849,41.91780822,1,3
541_509,541,509,7.397260274,5.753424658,4.383561644,82.46575342,1,3
541_510,541,510,1.917808219,9.589041096,7.123287671,81.36986301,1,3
541_511,541,511,3.01369863,8.493150685,6.575342466,81.91780822,1,3
546_9,546,9,74.52054795,0.547945205,1.917808219,23.01369863,1,0
547_278,547,278,10.95890411,12.05479452,15.34246575,61.64383562,1,3
547_532,547,532,0.821917808,15.61643836,6.02739726,77.53424658,1,3
548_278,548,278,10.95890411,12.87671233,11.23287671,64.93150685,1,3
548_532,548,532,0.821917808,9.863013699,6.02739726,83.28767123,1,3
54_43,54,43,15.34246575,1.095890411,81.91780822,1.643835616,1,2
54_45,54,45,22.46575342,0,77.53424658,0,1,2
54_47,54,47,17.53424658,0.547945205,81.64383562,0.273972603,1,2
551_415,551,415,16.16438356,4.383561644,76.43835616,3.01369863,1,2
552_419,552,419,19.45205479,12.32876712,15.61643836,52.60273973,1,3
554_279,554,279,16.98630137,6.02739726,73.42465753,3.561643836,1,2
554_281,554,281,21.36986301,12.32876712,5.753424658,60.54794521,1,3
555_248,555,248,14.79452055,15.06849315,47.67123288,22.46575342,1,2
555_249,555,249,7.123287671,14.52054795,11.78082192,66.57534247,1,3
555_251,555,251,9.863013699,20.2739726,46.30136986,23.56164384,1,2
556_222,556,222,10.1369863,12.87671233,12.60273973,64.38356164,1,3
556_318,556,318,13.97260274,6.575342466,75.89041096,3.561643836,1,2
556_321,556,321,11.78082192,4.109589041,83.01369863,1.095890411,1,2
557_222,557,222,16.71232877,19.45205479,40,23.83561644,1,2
557_318,557,318,23.28767123,2.465753425,73.69863014,0.547945205,1,2
557_321,557,321,20.54794521,0.821917808,78.63013699,0,1,2
557_556,557,556,13.42465753,14.24657534,59.17808219,13.15068493,1,2
558_221,558,221,39.17808219,12.60273973,34.52054795,13.69863014,1,0
558_222,558,222,27.39726027,15.06849315,43.56164384,13.97260274,1,2
558_318,558,318,28.76712329,3.287671233,66.30136986,1.643835616,1,2
558_321,558,321,38.63013699,0.273972603,60.2739726,0.821917808,1,2
558_556,558,556,29.04109589,10.4109589,55.89041096,4.657534247,1,2
559_278,559,278,26.57534247,18.35616438,39.7260274,15.34246575,1,2
559_532,559,532,15.61643836,23.28767123,40.82191781,20.2739726,1,2
560_276,560,276,12.05479452,14.52054795,50.95890411,22.46575342,1,2
560_465,560,465,12.32876712,6.02739726,76.71232877,4.931506849,1,2
560_466,560,466,11.78082192,16.71232877,42.73972603,28.76712329,1,2
560_532,560,532,3.01369863,14.24657534,10.95890411,71.78082192,1,3
560_547,560,547,2.739726027,17.53424658,47.39726027,32.32876712,1,2
560_548,560,548,2.739726027,15.89041096,56.43835616,24.93150685,1,2
560_559,560,559,16.43835616,11.78082192,10.68493151,61.09589041,1,3
562_263,562,263,26.84931507,13.42465753,9.589041096,50.1369863,1,3
562_448,562,448,6.301369863,5.479452055,2.191780822,86.02739726,1,3
563_257,563,257,25.75342466,10.1369863,18.35616438,45.75342466,1,3
563_259,563,259,10.95890411,1.369863014,0.547945205,87.12328767,1,3
563_263,563,263,16.71232877,0.273972603,0.273972603,82.73972603,1,3
563_342,563,342,12.60273973,14.79452055,27.12328767,45.47945205,1,3
563_343,563,343,13.97260274,11.23287671,12.32876712,62.46575342,1,3
564_260,564,260,10.4109589,12.32876712,46.57534247,30.68493151,1,2
564_261,564,261,14.79452055,8.219178082,67.12328767,9.863013699,1,2
564_263,564,263,16.43835616,9.589041096,14.79452055,59.17808219,1,3
564_563,564,563,1.095890411,1.369863014,96.98630137,0.547945205,1,2
565_219,565,219,23.28767123,17.53424658,20,39.17808219,1,3
569_350,569,350,27.12328767,1.369863014,70.4109589,1.095890411,1,2
569_440,569,440,5.753424658,11.50684932,63.01369863,19.7260274,1,2
570_266,570,266,10.4109589,14.24657534,9.863013699,65.47945205,1,3
570_29,570,29,18.63013699,22.73972603,29.04109589,29.5890411,1,3
570_424,570,424,9.589041096,3.287671233,83.56164384,3.561643836,1,2
573_102,573,102,19.7260274,16.71232877,16.98630137,46.57534247,1,3
573_313,573,313,13.97260274,1.369863014,81.36986301,3.287671233,1,2
573_57,573,57,20.82191781,15.61643836,23.01369863,40.54794521,1,3
574_546,574,546,18.90410959,7.671232877,27.94520548,45.47945205,1,3
574_9,574,9,64.93150685,3.287671233,0.821917808,30.95890411,1,0
576_196,576,196,10.68493151,17.80821918,10.4109589,61.09589041,1,3
576_197,576,197,10.68493151,5.479452055,75.89041096,7.945205479,1,2
576_200,576,200,1.369863014,28.21917808,29.31506849,41.09589041,1,3
576_206,576,206,11.50684932,24.10958904,21.64383562,42.73972603,1,3
576_207,576,207,43.83561644,1.917808219,53.97260274,0.273972603,1,2
576_470,576,470,11.50684932,21.09589041,25.20547945,42.19178082,1,3
576_472,576,472,43.83561644,8.493150685,33.42465753,14.24657534,1,0
576_477,576,477,23.28767123,14.52054795,11.50684932,50.68493151,1,3
577_297,577,297,55.06849315,5.753424658,33.42465753,5.753424658,1,0
577_298,577,298,55.06849315,0.821917808,0,44.10958904,1,0
577_529,577,529,55.06849315,3.561643836,6.301369863,35.06849315,1,0
578_255,578,255,16.43835616,7.671232877,71.50684932,4.383561644,1,2
578_399,578,399,14.24657534,3.561643836,80.54794521,1.643835616,1,2
579_255,579,255,27.12328767,7.123287671,61.64383562,4.109589041,1,2
579_399,579,399,24.93150685,4.109589041,69.04109589,1.917808219,1,2
581_255,581,255,24.93150685,10.4109589,53.69863014,10.95890411,1,2
581_399,581,399,22.73972603,3.01369863,72.32876712,1.917808219,1,2
581_578,581,578,13.69863014,18.90410959,27.67123288,39.7260274,1,3
581_579,581,579,21.91780822,18.08219178,20.2739726,39.7260274,1,3
583_2,583,2,42.19178082,9.863013699,25.20547945,22.73972603,1,0
586_584,586,584,1.369863014,18.35616438,25.75342466,54.52054795,1,3
586_585,586,585,1.369863014,19.7260274,28.21917808,50.68493151,1,3
587_585,587,585,21.36986301,16.16438356,27.67123288,34.79452055,1,3
587_586,587,586,22.73972603,13.42465753,44.93150685,18.90410959,1,2
588_587,588,587,22.46575342,1.643835616,0.821917808,75.06849315,1,3
589_584,589,584,23.28767123,8.219178082,10.1369863,58.35616438,1,3
589_585,589,585,23.28767123,14.24657534,12.60273973,49.8630137,1,3
589_586,589,586,24.10958904,10.95890411,11.23287671,53.69863014,1,3
589_588,589,588,24.10958904,5.753424658,62.46575342,7.671232877,1,2
591_229,591,229,41.36986301,12.05479452,36.98630137,9.589041096,1,0
596_422,596,422,2.191780822,7.945205479,78.35616438,11.50684932,1,2
596_423,596,423,1.095890411,18.08219178,62.73972603,18.08219178,1,2
597_266,597,266,18.08219178,21.91780822,19.7260274,40.2739726,1,3
598_355,598,355,13.69863014,15.61643836,53.15068493,17.53424658,1,2
600_130,600,130,25.20547945,5.753424658,60.2739726,8.767123288,1,2
600_457,600,457,11.23287671,16.16438356,9.863013699,62.73972603,1,3
600_497,600,497,13.69863014,14.52054795,57.80821918,13.97260274,1,2
600_98,600,98,14.24657534,9.863013699,66.84931507,9.04109589,1,2
602_176,602,176,11.50684932,16.16438356,62.46575342,9.863013699,1,2
602_480,602,480,17.53424658,0,82.46575342,0,1,2
602_481,602,481,19.7260274,0,80.2739726,0,1,2
603_176,603,176,9.863013699,6.575342466,4.931506849,78.63013699,1,3
603_481,603,481,27.39726027,8.767123288,53.97260274,9.863013699,1,2
603_602,603,602,12.87671233,2.191780822,0.821917808,84.10958904,1,3
604_273,604,273,14.52054795,4.109589041,3.561643836,77.80821918,1,3
604_275,604,275,8.767123288,7.397260274,2.739726027,81.09589041,1,3
604_488,604,488,14.79452055,19.7260274,15.06849315,50.4109589,1,3
605_273,605,273,17.80821918,13.42465753,13.42465753,55.34246575,1,3
605_275,605,275,8.767123288,16.43835616,27.39726027,47.39726027,1,3
605_488,605,488,17.53424658,20.54794521,38.08219178,23.83561644,1,2
605_489,605,489,14.79452055,13.97260274,61.91780822,9.315068493,1,2
605_604,605,604,12.05479452,11.50684932,65.75342466,10.68493151,1,2
607_362,607,362,12.60273973,0,87.39726027,0,1,2
607_363,607,363,13.15068493,1.917808219,84.38356164,0.547945205,1,2
607_520,607,520,1.643835616,14.52054795,30.68493151,53.15068493,1,3
608_492,608,492,68.76712329,6.02739726,21.09589041,4.109589041,1,0
609_254,609,254,9.315068493,5.205479452,80.82191781,4.657534247,1,2
609_27,609,27,11.50684932,8.493150685,67.67123288,12.32876712,1,2
610_254,610,254,9.589041096,3.561643836,86.02739726,0.821917808,1,2
610_609,610,609,0.273972603,13.15068493,77.26027397,9.315068493,1,2
611_540,611,540,10.95890411,11.50684932,16.71232877,60.82191781,1,3
616_295,616,295,22.73972603,2.191780822,72.32876712,2.739726027,1,2
616_303,616,303,23.28767123,8.767123288,62.73972603,5.205479452,1,2
616_530,616,530,22.73972603,0.821917808,0.547945205,75.89041096,1,3
617_108,617,108,39.45205479,0.821917808,0.821917808,58.90410959,1,3
618_254,618,254,9.863013699,1.095890411,88.49315068,0.547945205,1,2
618_27,618,27,12.32876712,3.01369863,84.10958904,0.547945205,1,2
618_610,618,610,1.643835616,16.16438356,69.8630137,12.32876712,1,2
619_227,619,227,12.32876712,14.52054795,42.73972603,30.4109589,1,2
620_225,620,225,10.4109589,13.42465753,12.87671233,63.28767123,1,3
620_407,620,407,6.849315068,17.53424658,44.93150685,30.68493151,1,2
620_408,620,408,0.821917808,9.863013699,80.2739726,9.04109589,1,2
621_225,621,225,10.68493151,17.53424658,47.67123288,24.10958904,1,2
621_407,621,407,7.123287671,7.671232877,75.61643836,9.589041096,1,2
621_408,621,408,2.191780822,1.917808219,93.42465753,2.465753425,1,2
621_443,621,443,5.753424658,15.89041096,47.12328767,31.23287671,1,2
622_411,622,411,33.69863014,4.109589041,3.835616438,58.35616438,1,3
622_412,622,412,54.52054795,4.931506849,32.60273973,7.945205479,1,0
623_276,623,276,15.61643836,13.97260274,54.52054795,15.89041096,1,2
623_465,623,465,14.52054795,7.671232877,75.06849315,2.739726027,1,2
623_466,623,466,15.61643836,14.24657534,53.42465753,16.71232877,1,2
623_532,623,532,9.589041096,15.89041096,15.34246575,59.17808219,1,3
623_547,623,547,9.315068493,18.35616438,50.68493151,21.64383562,1,2
623_548,623,548,9.315068493,20,60,10.68493151,1,2
623_559,623,559,23.83561644,17.53424658,13.69863014,44.93150685,1,3
624_284,624,284,23.28767123,7.945205479,62.73972603,6.02739726,1,2
624_451,624,451,25.47945205,14.24657534,14.24657534,46.02739726,1,3
62_12,62,12,42.46575342,10.1369863,27.12328767,20.2739726,1,0
62_5,62,5,35.89041096,5.479452055,2.465753425,56.16438356,1,3
62_53,62,53,35.89041096,6.301369863,6.575342466,51.23287671,1,3
62_7,62,7,37.26027397,11.78082192,27.94520548,23.01369863,1,0
634_366,634,366,26.84931507,11.23287671,9.589041096,52.32876712,1,3
634_506,634,506,3.01369863,15.34246575,11.78082192,69.8630137,1,3
635_350,635,350,23.28767123,0.273972603,76.43835616,0,1,2
635_440,635,440,13.97260274,2.465753425,82.73972603,0.821917808,1,2
636_520,636,520,0,13.97260274,24.38356164,61.64383562,1,3
642_639,642,639,24.93150685,0.547945205,0,74.52054795,1,3
643_141,643,141,11.78082192,14.24657534,63.28767123,10.68493151,1,2
643_314,643,314,12.05479452,2.465753425,83.56164384,1.917808219,1,2
645_374,645,374,15.34246575,2.191780822,82.46575342,0,1,2
646_455,646,455,35.06849315,7.671232877,5.205479452,52.05479452,1,3
646_503,646,503,18.08219178,10.1369863,7.671232877,64.10958904,1,3
648_390,648,390,15.06849315,7.123287671,67.12328767,10.68493151,1,2
649_387,649,387,12.32876712,6.02739726,75.34246575,6.301369863,1,2
649_388,649,388,23.28767123,5.753424658,3.01369863,67.94520548,1,3
649_389,649,389,18.63013699,3.561643836,0.547945205,77.26027397,1,3
649_394,649,394,6.575342466,16.71232877,16.43835616,60.2739726,1,3
649_437,649,437,3.835616438,7.397260274,75.89041096,12.87671233,1,2
649_521,649,521,1.369863014,11.78082192,6.575342466,80.2739726,1,3
649_524,649,524,8.219178082,5.479452055,3.01369863,83.28767123,1,3
650_409,650,409,9.315068493,14.24657534,51.23287671,25.20547945,1,2
650_521,650,521,3.835616438,10.95890411,12.87671233,72.32876712,1,3
650_524,650,524,10.4109589,4.657534247,2.739726027,82.19178082,1,3
650_649,650,649,4.109589041,17.53424658,47.39726027,30.95890411,1,2
651_236,651,236,12.87671233,7.123287671,68.49315068,11.50684932,1,2
651_346,651,346,25.47945205,3.287671233,69.04109589,2.191780822,1,2
651_347,651,347,13.15068493,3.01369863,77.26027397,6.575342466,1,2
651_348,651,348,12.05479452,6.849315068,73.42465753,7.671232877,1,2
651_511,651,511,3.01369863,21.09589041,47.39726027,28.49315068,1,2
652_234,652,234,21.64383562,12.05479452,11.50684932,54.79452055,1,3
652_235,652,235,14.24657534,5.479452055,4.383561644,75.89041096,1,3
652_237,652,237,28.76712329,5.205479452,17.26027397,48.76712329,1,3
652_347,652,347,21.36986301,3.01369863,72.87671233,2.739726027,1,2
652_509,652,509,18.35616438,7.671232877,1.917808219,72.05479452,1,3
652_510,652,510,13.15068493,6.301369863,2.739726027,77.80821918,1,3
652_511,652,511,13.42465753,12.87671233,10.1369863,63.56164384,1,3
652_651,652,651,16.16438356,8.493150685,15.34246575,60,1,3
654_278,654,278,16.98630137,5.205479452,3.561643836,74.24657534,1,3
654_532,654,532,6.301369863,3.835616438,1.917808219,87.94520548,1,3
654_560,654,560,6.02739726,12.60273973,11.23287671,70.1369863,1,3
654_623,654,623,14.52054795,4.657534247,8.767123288,72.05479452,1,3
655_136,655,136,30.4109589,4.657534247,62.73972603,2.191780822,1,2
656_242,656,242,53.15068493,8.767123288,7.397260274,30.68493151,1,0
656_306,656,306,25.47945205,13.42465753,8.767123288,52.32876712,1,3
656_539,656,539,26.30136986,4.931506849,64.38356164,4.383561644,1,2
658_108,658,108,1.917808219,0.547945205,0.273972603,97.26027397,1,3
659_257,659,257,35.06849315,0.273972603,64.38356164,0.273972603,1,2
659_261,659,261,19.7260274,0.821917808,79.17808219,0.273972603,1,2
659_263,659,263,25.75342466,17.53424658,13.97260274,42.73972603,1,3
659_342,659,342,22.19178082,0,77.80821918,0,1,2
659_343,659,343,23.01369863,0.547945205,76.43835616,0,1,2
659_448,659,448,10.1369863,8.219178082,4.109589041,77.53424658,1,3
659_562,659,562,15.34246575,15.89041096,59.17808219,9.589041096,1,2
660_260,660,260,15.89041096,9.589041096,26.84931507,47.67123288,1,3
660_342,660,342,18.35616438,7.945205479,66.02739726,7.671232877,1,2
660_563,660,563,6.849315068,5.753424658,80.82191781,6.575342466,1,2
663_186,663,186,11.23287671,4.383561644,80.82191781,3.561643836,1,2
663_325,663,325,15.61643836,1.917808219,80.82191781,1.643835616,1,2
663_329,663,329,21.36986301,9.589041096,64.65753425,4.383561644,1,2
663_39,663,39,18.35616438,2.191780822,79.17808219,0.273972603,1,2
664_186,664,186,10.1369863,20.82191781,47.94520548,21.09589041,1,2
664_329,664,329,18.35616438,11.78082192,53.69863014,16.16438356,1,2
664_39,664,39,17.53424658,4.931506849,72.87671233,4.657534247,1,2
664_663,664,663,5.205479452,14.24657534,7.671232877,72.87671233,1,3
665_186,665,186,10.1369863,15.89041096,63.28767123,10.68493151,1,2
665_325,665,325,15.06849315,5.753424658,75.61643836,3.561643836,1,2
665_663,665,663,4.931506849,19.45205479,14.24657534,61.36986301,1,3
670_249,670,249,5.753424658,10.68493151,7.671232877,75.89041096,1,3
6_5,6,5,0.547945205,23.01369863,46.02739726,30.4109589,1,2
78_12,78,12,10.4109589,5.479452055,78.63013699,5.479452055,1,2
78_5,78,5,1.095890411,29.31506849,29.5890411,40,1,3
78_53,78,53,0.821917808,19.17808219,50.1369863,29.8630137,1,2
78_7,78,7,2.191780822,12.32876712,76.43835616,9.04109589,1,2
7_5,7,5,1.917808219,9.315068493,8.767123288,80,1,3
7_6,7,6,1.643835616,3.287671233,2.191780822,92.87671233,1,3