s1,s2,vals,quad,countq
6,5,0,2,19
6,5,0,3,1
6,5,1,2,165
6,5,2,2,63
6,5,2,3,3
6,5,3,3,1
7,5,0,2,18
7,5,1,2,48
7,5,2,2,179
7,5,2,3,4
7,5,3,3,1
7,6,0,2,8
7,6,1,2,33
7,6,2,1,1
7,6,2,2,203
7,6,2,3,4
7,6,3,2,1
7,6,3,3,1
12,5,0,2,10
12,5,1,2,38
12,5,1,3,1
12,5,2,2,176
12,5,2,3,3
12,6,0,2,6
12,6,1,2,31
12,6,2,1,1
12,6,2,2,187
12,6,2,3,4
12,7,0,2,18
12,7,1,2,120
12,7,1,3,3
12,7,2,1,1
12,7,2,2,84
12,7,2,3,1
45,43,0,2,5
45,43,1,2,12
45,43,2,2,190
45,43,2,3,3
46,43,0,2,15
46,43,1,2,61
46,43,2,2,128
46,43,2,3,4
46,43,3,2,18
46,43,3,3,1
46,45,0,2,14
46,45,1,2,153
46,45,1,3,1
46,45,2,2,26
46,45,2,3,1
46,45,3,2,13
46,45,3,3,1
47,43,0,2,14
47,43,0,3,1
47,43,1,2,58
47,43,2,2,133
47,43,2,3,2
47,43,3,2,13
47,43,3,3,2
47,45,0,2,8
47,45,1,2,155
47,45,1,3,1
47,45,2,2,16
47,45,3,2,28
47,45,3,3,2
47,46,0,2,11
47,46,0,3,1
47,46,1,2,79
47,46,1,3,1
47,46,2,2,78
47,46,2,3,2
47,46,3,2,49
47,46,3,3,1
53,5,0,2,14
53,5,1,2,96
53,5,2,2,137
53,5,2,3,4
53,5,3,3,1
53,6,0,2,10
53,6,1,2,45
53,6,1,3,1
53,6,2,1,1
53,6,2,2,191
53,6,2,3,3
53,6,3,2,1
53,6,3,3,1
53,7,0,2,10
53,7,1,1,1
53,7,1,2,178
53,7,1,3,3
53,7,2,2,55
53,7,2,3,1
53,7,3,2,2
53,7,3,3,1
53,12,0,1,1
53,12,0,2,14
53,12,1,2,136
53,12,1,3,1
53,12,2,2,73
53,12,2,3,3
53,12,3,2,1
54,43,0,2,11
54,43,1,2,158
54,43,1,3,2
54,43,2,2,40
54,43,2,3,3
54,43,3,2,2
54,45,0,2,2
54,45,0,3,1
54,45,1,2,192
54,45,1,3,2
54,45,2,2,1
54,46,0,2,6
54,46,1,2,180
54,46,1,3,3
54,46,2,2,17
54,46,2,3,2
54,46,3,2,6
54,47,0,2,9
54,47,1,2,177
54,47,1,3,3
54,47,2,2,15
54,47,2,3,1
54,47,3,2,4
54,47,3,3,1
62,5,0,2,9
62,5,0,3,1
62,5,1,2,30
62,5,1,3,2
62,5,2,2,118
62,5,2,3,1
62,5,3,3,1
62,7,0,2,7
62,7,1,2,70
62,7,1,3,4
62,7,2,1,1
62,7,2,2,78
62,7,3,3,1
62,12,0,2,8
62,12,0,3,1
62,12,1,1,1
62,12,1,2,64
62,12,1,3,2
62,12,2,2,68
62,12,2,3,1
62,53,0,2,3
62,53,1,2,47
62,53,1,3,2
62,53,2,1,1
62,53,2,2,107
62,53,2,3,3
78,5,0,2,16
78,5,1,2,78
78,5,2,2,152
78,5,2,3,5
78,7,0,2,24
78,7,1,2,153
78,7,1,3,4
78,7,2,1,1
78,7,2,2,67
78,7,3,3,1
78,12,0,2,11
78,12,1,2,167
78,12,1,3,4
78,12,2,1,1
78,12,2,2,45
78,53,0,2,15
78,53,1,2,108
78,53,1,3,3
78,53,2,1,1
78,53,2,2,123
78,53,2,3,1
78,53,3,3,1
84,2,0,2,5
84,2,1,2,55
84,2,2,2,81
84,2,3,2,1
84,11,0,2,11
84,11,1,2,91
84,11,1,3,3
84,11,2,2,122
84,11,2,3,2
102,57,0,2,15
102,57,1,2,52
102,57,1,3,1
102,57,2,2,142
102,57,2,3,1
106,2,0,2,1
106,2,1,2,69
106,2,2,2,4
106,11,0,2,1
106,11,1,2,84
106,11,2,2,1
106,84,1,2,86
106,84,2,2,2
113,112,0,2,18
113,112,1,1,1
113,112,1,2,90
113,112,1,3,3
113,112,2,2,125
113,112,2,3,1
114,113,0,2,6
114,113,1,2,55
114,113,1,3,1
114,113,2,1,1
114,113,2,2,173
114,113,2,3,3
115,113,0,2,19
115,113,1,2,90
115,113,1,3,1
115,113,2,2,102
115,113,2,3,2
115,114,0,2,16
115,114,0,3,1
115,114,1,2,157
115,114,1,3,3
115,114,2,2,45
116,114,0,2,16
116,114,1,2,103
116,114,2,1,1
116,114,2,2,108
116,114,2,3,1
116,115,0,2,19
116,115,1,2,49
116,115,2,2,145
116,115,2,3,1
117,114,0,2,9
117,114,1,2,39
117,114,1,3,1
117,114,2,1,1
117,114,2,2,170
117,114,2,3,1
117,115,0,2,2
117,115,1,2,18
117,115,1,3,1
117,115,2,2,180
117,115,2,3,1
117,116,0,2,9
117,116,1,1,1
117,116,1,2,27
117,116,1,3,1
117,116,2,2,172
118,115,0,2,10
118,115,0,3,1
118,115,1,2,45
118,115,2,2,135
118,115,2,3,3
118,115,3,2,1
118,116,0,2,14
118,116,1,2,140
118,116,1,3,1
118,116,2,2,43
118,116,3,2,1
118,117,0,2,9
118,117,1,2,150
118,117,2,2,28
118,117,2,3,2
125,98,0,2,5
125,98,1,1,1
125,98,1,2,98
125,98,1,3,2
125,98,2,2,91
125,98,3,2,6
125,109,0,2,13
125,109,1,2,75
125,109,2,2,93
125,109,3,2,1
130,123,0,2,11
130,123,1,2,63
130,123,2,2,104
130,123,3,2,8
130,123,3,3,1
131,108,0,2,1
131,108,1,2,2
131,108,2,2,39
137,136,0,2,12
137,136,1,2,101
137,136,1,3,1
137,136,2,2,52
137,136,2,3,1
137,136,3,2,9
137,136,3,3,1
144,112,0,2,21
144,112,1,1,1
144,112,1,2,118
144,112,1,3,3
144,112,2,2,86
144,112,2,3,2
145,113,0,2,18
145,113,1,1,1
145,113,1,2,75
145,113,1,3,1
145,113,2,2,132
145,113,2,3,3
145,144,0,2,13
145,144,1,2,20
145,144,1,3,1
145,144,2,1,1
145,144,2,2,184
145,144,2,3,4
146,113,0,2,10
146,113,1,2,43
146,113,2,2,168
146,113,2,3,4
146,115,0,2,6
146,115,1,2,51
146,115,1,3,1
146,115,2,2,164
146,115,2,3,3
146,116,0,2,15
146,116,1,2,118
146,116,1,3,1
146,116,2,2,89
146,117,0,2,12
146,117,1,2,158
146,117,1,3,1
146,117,2,2,38
146,117,2,3,1
148,5,0,2,5
148,5,1,2,12
148,5,2,2,225
148,5,2,3,4
148,5,3,2,3
148,5,3,3,1
148,6,0,2,9
148,6,1,2,16
148,6,2,1,1
148,6,2,2,220
148,6,2,3,4
148,6,3,3,1
148,7,0,1,1
148,7,0,2,18
148,7,0,3,1
148,7,1,2,58
148,7,1,3,2
148,7,2,2,156
148,7,2,3,2
148,7,3,2,11
148,12,0,2,16
148,12,1,2,46
148,12,1,3,2
148,12,2,1,1
148,12,2,2,160
148,12,2,3,2
148,53,0,2,9
148,53,1,2,38
148,53,1,3,2
148,53,2,1,1
148,53,2,2,197
148,53,2,3,2
148,53,3,2,1
148,53,3,3,1
148,78,0,2,6
148,78,0,3,2
148,78,1,1,1
148,78,1,2,16
148,78,2,2,222
148,78,2,3,3
153,152,0,2,41
153,152,1,2,39
153,152,1,3,2
153,152,2,1,1
153,152,2,2,159
153,152,2,3,2
153,152,3,2,7
153,152,3,3,1
157,148,0,2,16
157,148,1,2,100
157,148,1,3,2
157,148,2,1,1
157,148,2,2,110
157,148,2,3,2
157,148,3,2,17
157,148,3,3,1
165,164,0,2,15
165,164,0,3,1
165,164,1,2,54
165,164,2,2,120
165,164,2,3,1
165,164,3,2,10
168,166,0,2,8
168,166,1,2,7
168,166,2,2,163
168,166,2,3,5
168,166,3,2,4
175,174,0,2,5
175,174,1,2,61
175,174,2,2,37
175,174,3,2,1
178,176,0,2,9
178,176,1,1,1
178,176,1,2,46
178,176,1,3,2
178,176,2,2,20
178,176,3,2,73
178,176,3,3,2
186,39,0,2,8
186,39,1,2,194
186,39,1,3,3
186,39,2,2,13
186,39,2,3,2
186,182,0,2,19
186,182,1,2,117
186,182,2,1,1
186,182,2,2,73
186,182,2,3,2
186,182,3,2,23
186,182,3,3,2
187,38,0,2,11
187,38,1,2,61
187,38,2,2,66
187,38,2,3,3
187,38,3,1,1
187,38,3,2,95
187,38,3,3,2
192,191,0,2,1
192,191,1,2,16
192,191,2,2,42
192,191,3,2,81
193,191,1,2,40
193,191,2,2,8
193,191,3,2,93
193,192,0,2,4
193,192,0,3,1
193,192,1,2,89
193,192,1,3,1
193,192,2,2,12
193,192,3,2,119
193,192,3,3,3
194,193,0,2,2
194,193,1,2,8
194,193,2,2,3
194,193,3,2,7
195,191,0,2,1
195,191,1,2,47
195,191,2,2,9
195,191,3,2,78
195,192,0,2,3
195,192,1,2,67
195,192,1,3,3
195,192,2,2,13
195,192,2,3,1
195,192,3,2,91
195,192,3,3,1
196,191,0,2,3
196,191,1,2,61
196,191,2,2,4
196,191,3,2,73
196,192,0,2,5
196,192,1,2,110
196,192,1,3,1
196,192,2,2,11
196,192,3,2,90
196,192,3,3,4
197,191,0,2,1
197,191,1,2,28
197,191,2,2,37
197,191,3,2,75
197,192,0,2,2
197,192,0,3,1
197,192,1,2,48
197,192,2,2,58
197,192,2,3,3
197,192,3,2,114
197,192,3,3,1
198,192,0,2,2
198,192,0,3,2
198,192,1,2,145
198,192,2,2,7
198,192,2,3,1
198,192,3,2,71
198,192,3,3,2
198,193,0,2,6
198,193,1,2,72
198,193,2,2,20
198,193,2,3,2
198,193,3,1,1
198,193,3,2,142
198,193,3,3,3
198,195,0,2,7
198,195,1,2,78
198,195,1,3,1
198,195,2,2,4
198,195,2,3,3
198,195,3,2,83
198,195,3,3,1
198,196,0,2,7
198,196,1,2,84
198,196,1,3,2
198,196,2,2,29
198,196,2,3,1
198,196,3,2,98
198,196,3,3,2
198,197,0,2,1
198,197,1,2,157
198,197,1,3,2
198,197,2,2,1
198,197,2,3,1
198,197,3,2,62
198,197,3,3,2
199,192,1,2,27
199,192,3,2,17
199,193,0,2,2
199,193,1,2,1
199,193,2,2,12
199,193,3,2,29
199,195,0,2,1
199,195,1,2,4
199,195,2,2,3
199,195,3,2,36
199,196,0,2,3
199,196,1,2,2
199,196,2,2,7
199,196,3,2,32
199,197,0,2,2
199,197,1,2,25
199,197,3,2,17
200,191,0,2,1
200,191,1,2,46
200,191,2,2,9
200,191,3,2,85
200,192,0,2,3
200,192,0,3,1
200,192,1,2,59
200,192,2,2,45
200,192,2,3,1
200,192,3,2,121
200,192,3,3,2
200,198,0,2,3
200,198,1,2,14
200,198,2,2,170
200,198,2,3,3
200,198,3,1,1
200,198,3,2,56
200,198,3,3,1
203,192,0,2,4
203,192,0,3,1
203,192,1,2,154
203,192,1,3,2
203,192,2,2,3
203,192,3,2,62
203,192,3,3,2
203,193,0,2,3
203,193,1,2,80
203,193,1,3,2
203,193,2,2,10
203,193,2,3,1
203,193,3,2,129
203,193,3,3,2
203,195,0,2,3
203,195,1,2,96
203,195,1,3,2
203,195,2,2,4
203,195,2,3,1
203,195,3,2,71
203,195,3,3,2
203,196,0,2,8
203,196,1,2,91
203,196,1,3,2
203,196,2,2,22
203,196,3,2,96
203,196,3,3,3
203,197,0,2,3
203,197,1,2,172
203,197,1,3,4
203,197,3,2,47
203,197,3,3,1
203,200,0,2,4
203,200,1,2,186
203,200,1,3,4
203,200,2,2,5
203,200,3,2,30
204,192,0,2,4
204,192,0,3,1
204,192,1,2,158
204,192,1,3,2
204,192,2,2,5
204,192,3,2,53
204,192,3,3,2
204,193,0,2,7
204,193,1,2,94
204,193,1,3,2
204,193,2,2,17
204,193,3,1,1
204,193,3,2,116
204,193,3,3,3
204,195,0,2,4
204,195,1,2,104
204,195,1,3,1
204,195,2,2,3
204,195,3,2,64
204,195,3,3,4
204,196,0,2,9
204,196,0,3,1
204,196,1,2,117
204,196,1,3,1
204,196,2,2,24
204,196,3,2,71
204,196,3,3,3
204,197,0,2,4
204,197,1,2,170
204,197,1,3,4
204,197,3,2,44
204,197,3,3,1
204,200,0,2,5
204,200,1,2,217
204,200,1,3,4
204,200,2,2,2
204,200,3,1,1
204,200,3,2,15
205,193,0,2,2
205,193,1,2,20
205,193,2,2,42
205,193,2,3,3
205,193,3,1,1
205,193,3,2,134
205,193,3,3,2
205,198,0,2,3
205,198,1,2,16
205,198,2,2,89
205,198,2,3,1
205,198,3,1,1
205,198,3,2,90
205,198,3,3,4
205,200,0,2,10
205,200,1,2,103
205,200,2,2,25
205,200,3,1,1
205,200,3,2,64
205,200,3,3,4
205,203,0,2,1
205,203,1,2,11
205,203,1,3,1
205,203,2,2,104
205,203,2,3,3
205,203,3,2,68
205,203,3,3,1
205,204,0,2,2
205,204,1,2,14
205,204,2,1,1
205,204,2,2,126
205,204,2,3,4
205,204,3,2,60
205,204,3,3,1
206,191,1,2,56
206,191,2,2,8
206,191,3,2,77
206,193,0,2,1
206,193,1,2,27
206,193,1,3,1
206,193,2,2,22
206,193,2,3,2
206,193,3,2,169
206,193,3,3,2
206,195,0,2,1
206,195,0,3,1
206,195,1,2,30
206,195,2,2,14
206,195,2,3,1
206,195,3,2,129
206,195,3,3,3
206,196,0,2,2
206,196,1,2,26
206,196,1,3,1
206,196,2,2,38
206,196,2,3,1
206,196,3,2,148
206,196,3,3,3
206,197,0,2,3
206,197,1,2,100
206,197,1,3,3
206,197,2,2,3
206,197,3,2,115
206,197,3,3,2
206,200,0,2,10
206,200,1,2,138
206,200,1,3,3
206,200,2,2,11
206,200,3,2,62
206,200,3,3,1
206,205,0,2,7
206,205,0,3,1
206,205,1,2,52
206,205,1,3,3
206,205,2,2,21
206,205,3,2,101
206,205,3,3,1
207,191,0,2,1
207,191,1,2,25
207,191,2,2,50
207,191,3,2,64
207,192,0,2,3
207,192,1,2,26
207,192,2,2,33
207,192,3,2,78
207,198,0,2,3
207,198,2,2,105
207,198,3,2,32
207,203,0,2,2
207,203,2,2,107
207,203,3,2,32
207,204,0,2,2
207,204,2,2,109
207,204,3,2,30
207,206,0,2,1
207,206,1,2,1
207,206,2,2,87
207,206,3,2,52
212,103,1,2,9
212,103,2,2,34
212,109,0,2,2
212,109,1,2,18
212,109,2,2,21
212,134,0,2,1
212,134,1,2,6
212,134,2,2,34
219,218,0,2,23
219,218,1,2,70
219,218,2,2,61
219,218,2,3,2
219,218,3,1,1
219,218,3,2,85
219,218,3,3,3
225,223,0,2,9
225,223,1,2,125
225,223,2,2,21
225,223,3,2,7
226,225,0,2,19
226,225,1,2,108
226,225,1,3,2
226,225,2,2,82
226,225,2,3,1
226,225,3,2,11
226,225,3,3,1
235,234,0,2,18
235,234,1,2,97
235,234,1,3,2
235,234,2,2,35
235,234,2,3,1
235,234,3,2,74
235,234,3,3,2
236,234,0,2,17
236,234,1,2,52
236,234,1,3,2
236,234,2,2,131
236,234,2,3,1
236,234,3,2,24
236,234,3,3,2
236,235,0,2,7
236,235,1,2,14
236,235,2,2,184
236,235,2,3,3
236,235,3,2,18
236,235,3,3,2
237,234,0,2,13
237,234,1,2,114
237,234,1,3,2
237,234,2,2,43
237,234,2,3,1
237,234,3,2,25
237,234,3,3,2
237,235,0,2,25
237,235,1,1,1
237,235,1,2,95
237,235,1,3,2
237,235,2,2,63
237,235,2,3,1
237,235,3,2,33
237,235,3,3,2
241,240,0,2,27
241,240,1,2,81
241,240,1,3,3
241,240,2,2,72
241,240,2,3,1
241,240,3,2,17
241,240,3,3,1
242,241,0,2,9
242,241,1,2,52
242,241,2,1,1
242,241,2,2,97
242,241,2,3,1
242,241,3,2,10
243,218,0,2,7
243,218,0,3,1
243,218,1,2,17
243,218,2,2,173
243,218,2,3,4
243,218,3,2,22
243,219,0,2,6
243,219,1,2,7
243,219,1,3,1
243,219,2,2,195
243,219,2,3,4
243,219,3,2,3
249,247,0,2,24
249,247,1,2,86
249,247,1,3,1
249,247,2,2,79
249,247,3,1,1
249,247,3,2,17
249,248,0,2,17
249,248,0,3,1
249,248,1,2,133
249,248,2,2,58
249,248,2,3,4
249,248,3,2,17
251,248,0,2,23
251,248,1,2,120
251,248,1,3,1
251,248,2,2,57
251,248,2,3,1
251,248,3,2,16
251,248,3,3,1
251,250,0,2,20
251,250,1,1,1
251,250,1,2,109
251,250,1,3,2
251,250,2,2,33
251,250,2,3,1
251,250,3,2,67
254,27,0,2,8
254,27,1,2,49
254,27,2,2,158
254,27,2,3,4
254,27,3,2,6
254,27,3,3,1
259,258,0,2,15
259,258,0,3,1
259,258,1,2,155
259,258,1,3,1
259,258,2,2,51
259,258,2,3,3
260,257,0,2,9
260,257,1,2,134
260,257,1,3,1
260,257,2,2,22
260,257,2,3,1
260,257,3,2,7
260,259,0,2,17
260,259,1,2,115
260,259,1,3,1
260,259,2,2,67
260,259,2,3,2
261,257,0,2,7
261,257,0,3,2
261,257,1,2,109
261,257,2,2,30
261,257,3,2,11
261,257,3,3,1
261,258,0,2,9
261,258,0,3,1
261,258,1,2,57
261,258,2,2,132
261,258,2,3,3
261,258,3,2,2
261,258,3,3,1
261,259,0,2,4
261,259,1,2,18
261,259,2,2,169
261,259,2,3,5
263,257,0,2,11
263,257,0,3,1
263,257,1,2,93
263,257,1,3,2
263,257,2,2,15
263,257,3,2,26
263,259,0,2,9
263,259,0,3,1
263,259,1,2,131
263,259,1,3,3
263,259,2,2,39
263,259,2,3,1
263,260,0,2,23
263,260,0,3,1
263,260,1,2,56
263,260,1,3,1
263,260,2,1,1
263,260,2,2,75
263,260,2,3,1
263,260,3,2,29
263,261,0,2,20
263,261,1,1,1
263,261,1,2,106
263,261,1,3,5
263,261,2,2,26
263,261,3,2,23
267,192,1,2,32
267,192,2,2,1
267,192,3,2,7
267,193,0,2,1
267,193,1,2,9
267,193,2,2,5
267,193,3,2,25
267,195,1,2,16
267,195,2,2,3
267,195,3,2,21
267,196,0,2,1
267,196,1,2,12
267,196,2,2,5
267,196,3,2,22
267,197,0,2,1
267,197,1,2,29
267,197,2,2,1
267,197,3,2,9
267,200,0,2,1
267,200,1,2,34
267,200,3,2,5
267,205,1,2,18
267,205,2,2,3
267,205,3,2,19
267,207,1,2,29
267,207,2,2,1
267,207,3,2,10
268,45,0,2,6
268,45,1,2,149
268,45,1,3,1
268,45,2,2,4
268,45,2,3,1
268,45,3,2,27
268,45,3,3,1
268,46,0,2,11
268,46,0,3,1
268,46,1,2,96
268,46,1,3,2
268,46,2,2,30
268,46,3,2,63
268,46,3,3,2
268,47,0,2,11
268,47,1,2,73
268,47,1,3,2
268,47,2,2,34
268,47,3,2,78
268,47,3,3,3
268,54,0,2,10
268,54,1,1,1
268,54,1,2,49
268,54,1,3,2
268,54,2,2,152
268,54,2,3,1
268,54,3,2,13
268,54,3,3,2
270,114,0,2,5
270,114,1,2,9
270,114,2,2,146
270,115,0,2,1
270,115,1,2,10
270,115,2,2,144
270,116,0,2,1
270,116,1,2,11
270,116,2,2,151
270,117,0,2,5
270,117,1,2,116
270,117,2,2,29
270,118,0,2,5
270,118,1,2,6
270,118,2,2,138
270,146,0,2,5
270,146,1,2,23
270,146,2,2,135
272,271,0,2,13
272,271,1,2,40
272,271,1,3,1
272,271,2,1,1
272,271,2,2,113
272,271,2,3,3
272,271,3,2,28
272,271,3,3,1
273,271,0,2,19
273,271,1,2,52
273,271,1,3,1
273,271,2,1,1
273,271,2,2,74
273,271,3,2,24
273,271,3,3,1
273,272,0,2,17
273,272,1,1,1
273,272,1,2,142
273,272,1,3,1
273,272,2,2,47
273,272,2,3,1
273,272,3,2,10
274,271,0,2,6
274,271,1,2,15
274,271,2,2,90
274,271,2,3,3
274,271,3,2,68
274,271,3,3,2
274,272,0,2,21
274,272,1,2,95
274,272,1,3,4
274,272,2,2,64
274,272,3,2,45
274,272,3,3,1
275,271,0,2,4
275,271,1,2,32
275,271,2,1,1
275,271,2,2,65
275,271,2,3,3
275,271,3,2,94
275,271,3,3,1
275,272,0,2,27
275,272,0,3,1
275,272,1,2,120
275,272,1,3,3
275,272,2,1,1
275,272,2,2,47
275,272,3,2,48
275,274,0,2,10
275,274,1,2,110
275,274,1,3,1
275,274,2,2,22
275,274,2,3,1
275,274,3,2,87
275,274,3,3,2
278,276,0,2,21
278,276,1,2,132
278,276,1,3,5
278,276,2,2,34
278,276,3,2,33
281,279,0,2,2
281,279,1,2,176
281,279,1,3,4
281,279,2,2,2
282,116,0,2,4
282,116,1,1,1
282,116,1,2,163
282,116,1,3,1
282,116,2,2,7
282,116,3,2,3
282,118,0,2,5
282,118,1,2,132
282,118,1,3,4
282,118,2,2,20
282,118,2,3,1
282,119,0,2,9
282,119,1,2,94
282,119,1,3,1
282,119,2,2,60
282,119,2,3,1
282,119,3,2,1
286,76,1,2,1
286,76,2,2,93
286,76,3,2,8
288,287,0,2,3
288,287,1,2,2
288,287,2,1,1
288,287,2,2,169
288,287,2,3,1
288,287,3,2,2
291,287,0,2,4
291,287,1,2,14
291,287,1,3,1
291,287,2,1,1
291,287,2,2,203
291,287,2,3,3
295,290,0,2,15
295,290,0,3,2
295,290,1,2,43
295,290,1,3,1
295,290,2,2,148
295,290,2,3,2
295,290,3,2,10
298,297,0,2,16
298,297,0,3,2
298,297,1,2,186
298,297,1,3,2
298,297,2,2,10
298,297,2,3,1
299,290,0,2,18
299,290,1,2,39
299,290,2,2,154
299,290,2,3,5
299,290,3,2,2
299,295,0,2,11
299,295,0,3,1
299,295,1,2,153
299,295,1,3,2
299,295,2,2,47
299,295,2,3,2
299,295,3,2,2
300,125,0,2,21
300,125,1,2,82
300,125,2,1,1
300,125,2,2,105
300,125,2,3,2
300,125,3,2,3
300,212,0,2,2
300,212,1,2,13
300,212,2,2,29
300,212,3,2,1
303,290,0,2,4
303,290,1,2,12
303,290,2,2,200
303,290,2,3,5
303,295,0,2,12
303,295,0,3,1
303,295,1,2,54
303,295,2,2,143
303,295,2,3,4
303,295,3,2,2
304,106,0,2,8
304,106,1,2,17
304,106,2,2,56
304,111,0,2,6
304,111,1,2,60
304,111,2,2,31
304,111,3,2,31
304,125,0,2,14
304,125,1,2,87
304,125,2,2,13
304,125,3,2,6
305,241,0,2,10
305,241,1,2,148
305,241,1,3,1
305,241,2,2,37
305,241,2,3,3
305,241,3,2,2
305,241,3,3,1
305,242,0,2,4
305,242,1,2,110
305,242,1,3,1
305,242,2,2,33
306,241,0,2,10
306,241,1,2,64
306,241,1,3,3
306,241,2,1,1
306,241,2,2,131
306,241,2,3,1
306,241,3,2,2
306,241,3,3,1
306,305,0,2,16
306,305,0,3,1
306,305,1,2,71
306,305,1,3,3
306,305,2,2,115
306,305,2,3,1
307,241,0,2,19
307,241,0,3,1
307,241,1,2,53
307,241,1,3,1
307,241,2,1,1
307,241,2,2,107
307,241,2,3,2
307,241,3,2,14
307,241,3,3,1
307,242,0,2,12
307,242,1,2,69
307,242,1,3,1
307,242,2,2,61
307,242,3,1,1
307,242,3,2,22
307,305,0,2,12
307,305,1,2,62
307,305,1,3,3
307,305,2,2,98
307,305,2,3,2
307,306,0,2,12
307,306,0,3,1
307,306,1,2,83
307,306,1,3,3
307,306,2,2,59
307,306,3,1,1
307,306,3,2,28
307,306,3,3,1
313,2,0,2,6
313,2,1,2,10
313,2,2,2,117
314,140,0,2,7
314,140,1,2,7
314,140,1,3,2
314,140,2,1,1
314,140,2,2,166
314,140,2,3,2
314,140,3,3,1
314,141,0,1,1
314,141,0,2,3
314,141,1,2,37
314,141,1,3,3
314,141,2,2,192
314,141,2,3,2
314,141,3,2,1
318,18,0,2,13
318,18,1,2,25
318,18,2,2,182
318,18,2,3,2
318,18,3,2,3
318,221,0,2,14
318,221,1,2,21
318,221,2,2,146
318,221,2,3,2
318,221,3,2,15
318,222,0,2,10
318,222,1,2,13
318,222,2,2,177
318,222,2,3,1
318,222,3,2,17
318,316,0,2,9
318,316,1,2,20
318,316,2,2,174
318,316,2,3,2
318,316,3,2,6
320,124,0,2,16
320,124,1,2,85
320,124,1,3,1
320,124,2,2,108
320,124,2,3,3
321,18,0,2,20
321,18,0,3,1
321,18,1,2,72
321,18,1,3,1
321,18,2,2,111
321,18,2,3,3
321,18,3,1,1
321,18,3,2,16
321,221,0,2,9
321,221,1,2,19
321,221,1,3,1
321,221,2,1,1
321,221,2,2,161
321,221,2,3,3
321,221,3,2,25
321,221,3,3,1
321,222,0,2,11
321,222,1,2,9
321,222,1,3,1
321,222,2,1,1
321,222,2,2,160
321,222,2,3,1
321,222,3,2,29
321,316,0,2,6
321,316,1,2,4
321,316,1,3,1
321,316,2,1,1
321,316,2,2,177
321,316,2,3,4
321,316,3,2,15
321,318,0,2,13
321,318,1,2,68
321,318,2,2,116
321,318,2,3,2
321,318,3,2,4
324,155,1,1,1
324,155,1,2,7
324,155,1,3,1
324,155,2,2,196
324,155,2,3,3
325,182,0,2,8
325,182,1,2,17
325,182,1,3,1
325,182,2,1,1
325,182,2,2,178
325,182,2,3,2
325,182,3,2,19
325,182,3,3,1
326,99,0,2,7
326,99,1,1,1
326,99,1,2,201
326,99,1,3,5
326,99,2,2,22
328,154,1,2,11
328,154,2,2,117
329,39,0,2,19
329,39,1,2,166
329,39,1,3,2
329,39,2,2,27
329,39,2,3,2
329,186,0,2,20
329,186,0,3,1
329,186,1,2,64
329,186,2,2,103
329,186,2,3,2
329,186,3,2,25
329,186,3,3,1
331,330,0,2,11
331,330,0,3,1
331,330,1,2,105
331,330,1,3,2
331,330,2,1,1
331,330,2,2,110
331,330,2,3,2
333,5,0,2,6
333,5,1,2,12
333,5,2,2,218
333,5,2,3,5
333,12,0,2,15
333,12,1,2,47
333,12,1,3,1
333,12,2,1,1
333,12,2,2,151
333,12,2,3,3
333,148,0,2,14
333,148,0,3,1
333,148,1,2,59
333,148,1,3,1
333,148,2,1,1
333,148,2,2,156
333,148,2,3,2
333,148,3,2,5
333,148,3,3,1
333,157,0,2,18
333,157,1,2,64
333,157,1,3,2
333,157,2,1,1
333,157,2,2,140
333,157,2,3,2
333,157,3,2,12
333,157,3,3,1
334,166,0,2,12
334,166,1,1,1
334,166,1,2,28
334,166,2,2,142
334,166,2,3,3
334,166,3,2,24
334,166,3,3,1
334,168,0,2,11
334,168,0,3,1
334,168,1,2,172
334,168,1,3,2
334,168,2,2,23
334,168,2,3,1
334,168,3,2,7
337,330,0,2,1
337,330,1,1,1
337,330,1,2,225
337,330,1,3,4
337,330,2,2,10
337,330,2,3,1
340,339,0,2,17
340,339,1,2,77
340,339,1,3,1
340,339,2,2,85
340,339,2,3,3
340,339,3,2,30
342,257,0,2,9
342,257,1,2,35
342,257,2,2,114
342,257,2,3,2
342,260,0,2,6
342,260,1,2,6
342,260,2,1,1
342,260,2,2,190
342,260,2,3,3
342,263,0,2,1
342,263,1,2,2
342,263,2,1,1
342,263,2,2,188
342,263,2,3,4
342,263,3,2,2
343,257,0,2,11
343,257,1,2,46
343,257,1,3,1
343,257,2,2,122
343,257,2,3,2
343,257,3,2,8
343,260,0,2,4
343,260,1,2,13
343,260,1,3,1
343,260,2,2,174
343,260,2,3,2
343,260,3,2,2
343,261,0,2,5
343,261,0,3,1
343,261,1,2,18
343,261,1,3,2
343,261,2,2,159
343,261,2,3,1
343,261,3,2,3
343,261,3,3,1
343,263,0,2,7
343,263,1,2,9
343,263,2,2,147
343,263,2,3,5
343,263,3,2,10
343,342,0,2,11
343,342,0,3,1
343,342,1,2,100
343,342,1,3,1
343,342,2,2,74
343,342,2,3,2
346,234,0,2,7
346,234,1,2,42
346,234,2,2,131
346,234,3,2,13
346,234,3,3,1
346,235,0,2,9
346,235,1,2,19
346,235,2,2,147
346,235,2,3,1
346,235,3,2,17
346,237,0,2,16
346,237,1,2,26
346,237,1,3,1
346,237,2,2,114
346,237,3,2,7
347,234,0,2,6
347,234,1,2,11
347,234,1,3,1
347,234,2,2,205
347,234,2,3,4
347,234,3,2,1
347,235,0,2,3
347,235,1,2,4
347,235,2,2,215
347,235,2,3,5
348,234,0,2,11
348,234,1,2,47
348,234,1,3,2
348,234,2,2,147
348,234,3,2,1
348,235,0,2,13
348,235,1,2,24
348,235,2,1,1
348,235,2,2,189
348,235,2,3,1
348,235,3,2,1
348,235,3,3,1
348,236,0,2,8
348,236,1,2,50
348,236,1,3,1
348,236,2,2,146
348,236,2,3,1
348,236,3,2,1
348,237,0,2,9
348,237,1,2,18
348,237,2,1,1
348,237,2,2,170
348,237,2,3,1
348,237,3,2,1
348,237,3,3,1
350,349,0,2,3
350,349,1,2,119
350,349,1,3,1
350,349,2,2,55
350,349,2,3,3
350,349,3,2,2
352,351,0,2,16
352,351,1,2,130
352,351,1,3,3
352,351,2,2,59
352,351,2,3,1
352,351,3,2,3
354,353,0,2,7
354,353,1,2,66
354,353,1,3,3
354,353,2,2,105
354,353,2,3,2
354,353,3,2,9
357,115,0,2,1
357,115,1,2,3
357,115,2,2,217
357,115,2,3,4
357,116,1,1,1
357,116,1,2,2
357,116,2,2,228
357,116,2,3,1
357,118,0,2,3
357,118,1,2,1
357,118,2,2,204
357,118,2,3,5
357,126,0,2,8
357,126,1,2,68
357,126,2,1,1
357,126,2,2,120
357,126,2,3,1
357,126,3,2,3
357,270,0,2,9
357,270,1,2,57
357,270,2,2,96
357,270,3,2,1
357,282,2,1,1
357,282,2,2,194
357,282,2,3,5
358,114,0,2,22
358,114,1,2,62
358,114,1,3,1
358,114,2,1,1
358,114,2,2,152
358,114,2,3,4
358,115,0,2,15
358,115,1,2,22
358,115,2,2,176
358,115,2,3,4
358,116,0,2,9
358,116,1,1,1
358,116,1,2,80
358,116,2,2,132
358,116,2,3,1
358,116,3,2,1
358,117,0,2,7
358,117,1,1,1
358,117,1,2,116
358,117,1,3,1
358,117,2,2,90
358,117,3,3,1
358,146,0,2,13
358,146,1,2,38
358,146,1,3,1
358,146,2,2,172
358,146,2,3,4
366,365,0,2,21
366,365,1,2,128
366,365,2,2,12
366,365,3,2,22
370,369,0,2,16
370,369,1,2,30
370,369,1,3,1
370,369,2,2,112
370,369,2,3,1
370,369,3,2,19
375,19,0,2,21
375,19,0,3,1
375,19,1,2,41
375,19,1,3,1
375,19,2,2,151
375,19,2,3,3
375,19,3,1,1
375,19,3,2,8
376,19,0,2,5
376,19,1,1,1
376,19,1,2,202
376,19,1,3,5
376,19,2,2,15
376,19,3,2,7
380,376,0,2,1
380,376,1,2,7
380,376,1,3,1
380,376,2,1,1
380,376,2,2,215
380,376,2,3,4
380,376,3,2,3
380,378,0,2,18
380,378,1,2,89
380,378,1,3,3
380,378,2,1,1
380,378,2,2,107
380,378,2,3,2
380,378,3,2,3
381,376,0,2,20
381,376,0,3,1
381,376,1,1,1
381,376,1,2,114
381,376,1,3,3
381,376,2,2,87
381,376,3,2,8
381,378,0,2,5
381,378,1,1,1
381,378,1,2,218
381,378,1,3,4
381,378,2,2,9
381,378,3,2,5
381,380,0,2,6
381,380,1,1,1
381,380,1,2,201
381,380,1,3,4
381,380,2,2,9
381,380,3,2,11
386,385,0,2,12
386,385,1,2,85
386,385,1,3,1
386,385,2,2,118
386,385,2,3,4
386,385,3,2,2
388,386,0,2,13
388,386,1,2,56
388,386,1,3,3
388,386,2,2,92
388,386,2,3,1
388,386,3,2,2
388,387,0,2,6
388,387,1,2,144
388,387,1,3,3
388,387,2,2,16
388,387,2,3,1
388,387,3,2,1
389,386,0,2,11
389,386,1,2,135
389,386,1,3,3
389,386,2,2,38
389,386,2,3,2
389,386,3,2,4
389,387,0,2,4
389,387,1,2,179
389,387,1,3,5
389,387,2,2,4
389,387,3,2,1
397,396,0,1,1
397,396,0,2,7
397,396,1,2,114
397,396,1,3,1
397,396,2,2,61
397,396,2,3,3
397,396,3,2,7
397,396,3,3,1
400,170,0,2,16
400,170,1,2,52
400,170,1,3,5
400,170,2,2,111
400,170,3,2,6
400,171,0,2,6
400,171,1,2,20
400,171,1,3,2
400,171,2,2,176
400,171,2,3,2
400,171,3,2,10
400,171,3,3,1
403,163,0,2,1
403,163,1,2,192
403,163,1,3,1
404,164,0,2,17
404,164,0,3,1
404,164,1,2,66
404,164,1,3,3
404,164,2,2,86
404,164,3,2,18
406,227,0,2,25
406,227,1,2,45
406,227,1,3,2
406,227,2,2,118
406,227,2,3,2
406,227,3,2,31
406,227,3,3,1
407,223,0,2,13
407,223,1,2,85
407,223,2,2,63
407,223,3,2,12
407,225,0,2,15
407,225,1,2,43
407,225,2,2,161
407,225,2,3,5
407,225,3,2,4
407,226,0,2,16
407,226,1,2,27
407,226,1,3,1
407,226,2,2,170
407,226,2,3,3
407,226,3,2,17
408,223,0,2,10
408,223,1,2,61
408,223,2,2,82
408,223,3,2,22
408,225,0,2,4
408,225,1,2,20
408,225,2,2,191
408,225,2,3,5
408,225,3,2,9
408,226,0,2,7
408,226,1,2,19
408,226,1,3,1
408,226,2,2,190
408,226,2,3,3
408,226,3,1,1
408,226,3,2,26
409,387,0,2,19
409,387,1,2,139
409,387,1,3,4
409,387,2,2,50
409,387,2,3,1
409,387,3,2,1
409,388,0,2,1
409,388,1,2,1
409,388,2,1,1
409,388,2,2,188
409,388,2,3,4
409,388,3,2,2
409,389,0,2,1
409,389,1,2,1
409,389,2,1,1
409,389,2,2,204
409,389,2,3,5
409,394,0,2,10
409,394,1,2,20
409,394,2,1,1
409,394,2,2,179
409,394,2,3,5
409,394,3,2,14
410,281,0,2,13
410,281,1,2,21
410,281,1,3,2
410,281,2,1,1
410,281,2,2,159
410,281,2,3,1
410,281,3,2,23
410,281,3,3,1
411,353,0,2,9
411,353,1,2,88
411,353,1,3,4
411,353,2,2,61
411,353,2,3,1
411,353,3,2,37
411,354,0,2,13
411,354,1,2,137
411,354,1,3,3
411,354,2,2,44
411,354,2,3,1
411,354,3,2,16
411,354,3,3,1
412,353,0,2,7
412,353,1,2,28
412,353,1,3,2
412,353,2,2,108
412,353,2,3,3
412,353,3,2,17
412,354,0,2,6
412,354,1,2,21
412,354,1,3,1
412,354,2,2,113
412,354,2,3,3
412,354,3,2,12
412,354,3,3,1
412,411,0,2,7
412,411,1,2,5
412,411,1,3,1
412,411,2,2,124
412,411,2,3,4
412,411,3,2,24
415,413,0,2,8
415,413,1,2,5
415,413,1,3,1
415,413,2,2,114
415,413,2,3,3
415,413,3,2,76
415,413,3,3,1
415,414,0,2,6
415,414,1,2,1
415,414,2,2,124
415,414,2,3,3
415,414,3,2,79
415,414,3,3,1
419,417,0,2,19
419,417,0,3,1
419,417,1,2,122
419,417,1,3,3
419,417,2,2,35
419,417,3,2,37
419,417,3,3,1
426,43,0,2,2
426,43,1,2,212
426,43,1,3,5
426,43,2,2,6
426,43,3,2,4
426,46,0,2,4
426,46,1,2,212
426,46,1,3,5
426,46,2,2,3
426,46,3,2,3
426,47,0,2,1
426,47,1,2,205
426,47,1,3,5
426,47,2,2,4
426,47,3,2,8
426,54,0,1,1
426,54,0,2,11
426,54,1,2,169
426,54,1,3,5
426,54,2,2,52
426,54,3,2,2
426,268,0,2,6
426,268,0,3,1
426,268,1,1,1
426,268,1,2,196
426,268,1,3,4
426,268,2,2,11
426,268,3,2,12
427,43,0,2,14
427,43,1,2,90
427,43,2,2,72
427,43,3,2,6
427,46,0,2,13
427,46,1,2,108
427,46,2,2,48
427,46,3,2,12
427,47,0,2,13
427,47,1,2,102
427,47,2,2,53
427,47,3,2,14
427,54,0,2,5
427,54,1,2,29
427,54,2,2,141
427,54,3,2,1
427,268,0,2,16
427,268,1,2,55
427,268,2,2,80
427,268,3,2,16
428,43,0,2,13
428,43,1,2,90
428,43,2,2,75
428,43,3,2,4
428,45,0,2,3
428,45,1,2,159
428,45,2,2,17
428,45,3,2,3
428,46,0,2,9
428,46,1,2,110
428,46,2,2,53
428,46,3,2,9
428,54,0,2,9
428,54,1,2,15
428,54,2,2,149
428,54,3,2,1
428,268,0,2,8
428,268,1,2,64
428,268,2,2,71
428,268,3,2,22
428,426,0,2,2
428,426,1,2,7
428,426,2,2,177
428,426,3,2,1
428,427,0,2,16
428,427,1,2,86
428,427,2,2,77
428,427,3,2,8
429,155,0,2,10
429,155,1,2,31
429,155,1,3,1
429,155,2,2,142
429,155,2,3,1
429,324,0,2,2
429,324,1,2,180
429,324,1,3,1
429,324,2,2,5
436,435,0,2,10
436,435,1,2,47
436,435,2,2,13
436,435,3,2,16
437,394,0,2,5
437,394,1,2,10
437,394,1,3,3
437,394,2,1,1
437,394,2,2,213
437,394,2,3,2
437,394,3,2,8
437,409,0,1,1
437,409,0,2,12
437,409,1,2,60
437,409,1,3,3
437,409,2,2,141
437,409,3,2,21
437,409,3,3,2
439,168,0,2,7
439,168,1,2,130
439,168,1,3,2
439,168,2,2,80
439,168,2,3,3
439,168,3,2,1
439,334,0,2,12
439,334,0,3,1
439,334,1,2,22
439,334,1,3,1
439,334,2,2,177
439,334,2,3,2
439,334,3,2,7
440,349,0,2,6
440,349,0,3,1
440,349,1,2,174
440,349,1,3,3
440,349,2,2,35
440,349,2,3,1
440,349,3,2,11
440,350,0,1,1
440,350,0,2,10
440,350,0,3,1
440,350,1,2,147
440,350,1,3,2
440,350,2,2,38
440,350,2,3,1
440,350,3,2,5
441,288,0,2,17
441,288,0,3,1
441,288,1,1,1
441,288,1,2,87
441,288,2,2,63
441,288,3,2,23
442,376,0,2,35
442,376,1,2,104
442,376,1,3,1
442,376,2,1,1
442,376,2,2,82
442,376,2,3,3
442,376,3,2,6
442,376,3,3,1
442,378,0,2,4
442,378,1,1,1
442,378,1,2,208
442,378,1,3,5
442,378,2,2,8
442,378,3,2,3
442,380,0,2,4
442,380,1,1,1
442,380,1,2,207
442,380,1,3,5
442,380,2,2,7
442,380,3,2,6
442,381,0,2,26
442,381,1,2,43
442,381,1,3,1
442,381,2,1,1
442,381,2,2,141
442,381,2,3,3
442,381,3,2,23
443,223,0,2,10
443,223,1,2,150
443,223,2,2,7
443,223,3,2,5
443,225,0,2,13
443,225,0,3,1
443,225,1,2,142
443,225,1,3,4
443,225,2,2,59
443,225,3,2,7
443,226,0,2,17
443,226,1,1,1
443,226,1,2,148
443,226,1,3,4
443,226,2,2,59
443,226,3,2,15
444,163,1,2,78
447,168,0,2,13
447,168,1,2,137
447,168,1,3,3
447,168,2,2,52
447,168,2,3,1
447,168,3,2,16
447,334,0,2,14
447,334,1,2,33
447,334,1,3,1
447,334,2,2,111
447,334,3,1,1
447,334,3,2,84
447,334,3,3,3
447,439,0,2,24
447,439,1,2,106
447,439,1,3,3
447,439,2,2,88
447,439,2,3,1
447,439,3,2,5
448,257,0,2,11
448,257,1,2,163
448,257,1,3,2
448,257,2,2,4
448,257,3,2,9
448,261,0,2,14
448,261,1,1,1
448,261,1,2,159
448,261,1,3,4
448,261,2,2,22
448,261,3,2,22
448,263,0,2,7
448,263,1,1,1
448,263,1,2,132
448,263,1,3,3
448,263,2,2,8
448,263,3,2,58
448,263,3,3,1
450,241,0,2,14
450,241,0,3,1
450,241,1,2,30
450,241,1,3,1
450,241,2,1,1
450,241,2,2,168
450,241,2,3,3
450,241,3,2,6
450,242,0,2,12
450,242,1,2,38
450,242,1,3,1
450,242,2,1,1
450,242,2,2,95
450,242,3,2,23
450,305,0,2,19
450,305,1,2,48
450,305,1,3,3
450,305,2,2,156
450,305,2,3,2
450,305,3,2,1
450,306,0,2,22
450,306,1,2,49
450,306,1,3,2
450,306,2,2,105
450,306,2,3,1
450,306,3,1,1
450,306,3,2,48
450,306,3,3,2
450,307,0,2,11
450,307,0,3,1
450,307,1,2,35
450,307,1,3,1
450,307,2,2,99
450,307,2,3,1
450,307,3,1,1
450,307,3,2,48
450,307,3,3,2
451,284,0,2,12
451,284,1,2,174
451,284,1,3,3
451,284,2,2,17
451,284,2,3,1
451,284,3,2,13
451,288,0,2,11
451,288,1,2,126
451,288,1,3,1
451,288,2,2,23
451,288,3,2,14
451,441,0,2,18
451,441,1,2,138
451,441,1,3,3
451,441,2,2,27
451,441,3,2,48
451,441,3,3,2
452,176,0,1,1
452,176,0,2,10
452,176,0,3,1
452,176,1,2,80
452,176,1,3,2
452,176,2,2,36
452,176,3,2,108
452,176,3,3,1
453,234,0,2,1
453,234,1,2,2
453,234,2,2,5
453,234,3,2,3
453,235,0,2,1
453,235,2,2,7
453,235,3,2,3
453,237,2,2,10
453,237,3,2,1
453,346,1,2,1
453,346,2,2,8
453,346,3,2,2
453,347,1,2,7
453,347,2,2,4
454,19,0,2,8
454,19,0,3,2
454,19,1,2,184
454,19,1,3,3
454,19,2,1,1
454,19,2,2,34
454,19,3,2,3
454,376,0,2,11
454,376,1,2,38
454,376,2,1,1
454,376,2,2,173
454,376,2,3,4
454,376,3,2,6
454,376,3,3,1
454,380,0,2,16
454,380,1,2,157
454,380,1,3,5
454,380,2,1,1
454,380,2,2,48
454,380,3,2,5
454,381,0,2,7
454,381,1,2,42
454,381,2,1,1
454,381,2,2,164
454,381,2,3,4
454,381,3,2,16
454,442,0,2,22
454,442,1,2,69
454,442,1,3,1
454,442,2,1,1
454,442,2,2,127
454,442,2,3,4
454,442,3,2,8
457,98,0,2,8
457,98,1,1,1
457,98,1,2,162
457,98,1,3,3
457,98,2,2,41
457,98,2,3,1
457,98,3,2,1
457,130,0,2,9
457,130,1,2,155
457,130,1,3,1
457,130,2,2,34
457,130,3,2,1
458,123,0,2,16
458,123,1,2,90
458,123,2,2,58
458,123,3,2,10
458,130,0,2,14
458,130,1,2,113
458,130,2,2,50
458,130,3,2,10
463,136,0,2,13
463,136,0,3,1
463,136,1,2,72
463,136,2,1,1
463,136,2,2,114
463,136,2,3,2
463,136,3,2,4
464,136,0,2,4
464,136,1,2,25
464,136,1,3,1
464,136,2,2,142
464,136,2,3,2
464,136,3,2,2
464,463,0,2,9
464,463,1,2,53
464,463,1,3,1
464,463,2,2,136
464,463,3,2,10
464,463,3,3,2
465,278,0,2,6
465,278,1,2,7
465,278,2,2,198
465,278,2,3,5
465,278,3,2,10
466,278,0,2,15
466,278,0,3,1
466,278,1,2,47
466,278,1,3,2
466,278,2,2,138
466,278,2,3,2
466,278,3,2,19
470,191,1,2,59
470,191,2,2,3
470,191,3,2,79
470,193,0,2,10
470,193,1,2,62
470,193,1,3,1
470,193,2,2,27
470,193,2,3,2
470,193,3,2,122
470,193,3,3,2
470,195,0,2,5
470,195,0,3,1
470,195,1,2,98
470,195,1,3,2
470,195,2,2,9
470,195,2,3,2
470,195,3,2,63
470,196,0,2,4
470,196,1,2,38
470,196,1,3,1
470,196,2,2,26
470,196,3,2,147
470,196,3,3,4
470,197,0,2,3
470,197,1,2,111
470,197,1,3,3
470,197,2,2,5
470,197,3,2,104
470,197,3,3,2
470,200,0,2,10
470,200,1,2,131
470,200,1,3,3
470,200,2,2,13
470,200,3,2,70
470,200,3,3,1
470,205,0,2,1
470,205,1,2,50
470,205,1,3,1
470,205,2,2,13
470,205,3,2,118
470,205,3,3,4
470,207,0,2,3
470,207,1,2,87
470,207,2,2,2
470,207,3,2,49
471,191,0,2,4
471,191,1,2,56
471,191,2,2,2
471,191,3,2,79
471,193,0,2,6
471,193,1,2,36
471,193,1,3,1
471,193,2,2,25
471,193,2,3,1
471,193,3,1,1
471,193,3,2,165
471,193,3,3,3
471,195,0,2,3
471,195,1,2,45
471,195,1,3,2
471,195,2,2,12
471,195,2,3,1
471,195,3,2,115
471,195,3,3,2
471,196,0,2,1
471,196,1,2,22
471,196,1,3,1
471,196,2,2,33
471,196,2,3,1
471,196,3,2,155
471,196,3,3,3
471,197,0,2,2
471,197,0,3,1
471,197,1,2,104
471,197,1,3,4
471,197,2,2,8
471,197,3,2,99
471,198,0,2,5
471,198,0,3,1
471,198,1,2,26
471,198,1,3,1
471,198,2,2,69
471,198,3,1,1
471,198,3,2,133
471,198,3,3,3
471,200,0,2,4
471,200,1,2,134
471,200,1,3,3
471,200,2,2,11
471,200,2,3,1
471,200,3,1,1
471,200,3,2,88
471,204,0,2,7
471,204,0,3,2
471,204,1,2,19
471,204,1,3,1
471,204,2,2,96
471,204,2,3,1
471,204,3,1,1
471,204,3,2,107
471,204,3,3,1
471,207,0,2,2
471,207,1,2,82
471,207,2,2,4
471,207,3,2,53
472,191,1,2,58
472,191,2,2,2
472,191,3,2,81
472,192,0,2,1
472,192,1,2,95
472,192,3,2,44
472,193,0,2,1
472,193,1,2,12
472,193,2,2,13
472,193,3,2,115
472,196,0,2,2
472,196,1,2,15
472,196,2,2,19
472,196,3,2,105
472,197,1,2,63
472,197,2,2,5
472,197,3,2,73
472,200,0,2,4
472,200,1,2,92
472,200,2,2,5
472,200,3,2,40
472,206,0,2,3
472,206,1,2,21
472,206,2,2,13
472,206,3,2,104
472,207,0,2,1
472,207,1,2,90
472,207,2,2,1
472,207,3,2,48
472,470,1,2,11
472,470,2,2,17
472,470,3,2,113
472,471,0,2,10
472,471,1,2,28
472,471,2,2,44
472,471,3,2,59
473,191,1,2,41
473,191,2,2,7
473,191,3,2,93
473,192,0,2,4
473,192,0,3,1
473,192,1,2,80
473,192,1,3,1
473,192,2,2,17
473,192,3,2,126
473,192,3,3,3
473,198,0,2,9
473,198,0,3,1
473,198,1,2,17
473,198,2,2,93
473,198,2,3,1
473,198,3,2,112
473,198,3,3,3
473,203,0,2,6
473,203,1,2,18
473,203,2,2,103
473,203,2,3,2
473,203,3,2,98
473,203,3,3,3
473,204,0,2,5
473,204,0,3,1
473,204,1,2,13
473,204,2,2,122
473,204,2,3,1
473,204,3,2,85
473,204,3,3,3
473,206,0,2,3
473,206,1,2,27
473,206,1,3,1
473,206,2,2,45
473,206,2,3,1
473,206,3,2,146
473,206,3,3,3
473,470,0,2,7
473,470,0,3,1
473,470,1,2,16
473,470,2,2,45
473,470,3,2,155
473,470,3,3,4
473,471,0,3,1
473,471,1,2,17
473,471,2,2,35
473,471,2,3,1
473,471,3,2,171
473,471,3,3,3
473,472,0,2,2
473,472,1,2,12
473,472,2,2,20
473,472,3,2,107
474,193,0,2,6
474,193,1,2,31
474,193,2,1,1
474,193,2,2,36
474,193,2,3,2
474,193,3,2,158
474,193,3,3,2
474,198,0,2,4
474,198,1,2,15
474,198,1,3,1
474,198,2,1,1
474,198,2,2,132
474,198,3,2,81
474,198,3,3,3
474,200,0,2,5
474,200,1,2,129
474,200,1,3,1
474,200,2,2,28
474,200,3,1,1
474,200,3,2,74
474,200,3,3,2
474,203,0,3,1
474,203,1,2,5
474,203,2,2,132
474,203,2,3,3
474,203,3,2,77
474,204,0,2,3
474,204,0,3,2
474,204,1,2,9
474,204,2,1,1
474,204,2,2,150
474,204,2,3,2
474,204,3,2,66
474,206,0,2,3
474,206,1,2,25
474,206,1,3,1
474,206,2,2,59
474,206,2,3,1
474,206,3,2,123
474,206,3,3,2
474,470,0,2,5
474,470,1,2,14
474,470,2,2,34
474,470,2,3,1
474,470,3,2,160
474,470,3,3,3
474,473,0,2,6
474,473,1,2,32
474,473,1,3,1
474,473,2,2,36
474,473,3,2,148
474,473,3,3,3
475,191,1,2,12
475,191,2,2,5
475,191,3,2,28
475,193,0,2,5
475,193,0,3,1
475,193,1,2,8
475,193,2,2,35
475,193,2,3,3
475,193,3,1,1
475,193,3,2,98
475,193,3,3,1
475,195,0,3,1
475,195,1,2,5
475,195,2,2,14
475,195,2,3,2
475,195,3,2,66
475,195,3,3,2
475,196,0,2,2
475,196,1,2,4
475,196,1,3,1
475,196,2,2,50
475,196,2,3,1
475,196,3,2,69
475,196,3,3,3
475,197,0,2,1
475,197,1,2,46
475,197,1,3,1
475,197,2,2,10
475,197,3,2,70
475,197,3,3,4
475,200,0,2,6
475,200,1,2,49
475,200,1,3,2
475,200,2,2,19
475,200,3,1,1
475,200,3,2,77
475,200,3,3,2
475,205,0,2,2
475,205,1,2,13
475,205,1,3,2
475,205,2,2,21
475,205,3,1,1
475,205,3,2,70
475,205,3,3,3
475,207,1,2,23
475,207,2,2,1
475,207,3,2,22
475,472,1,2,3
475,472,2,2,10
475,472,3,2,32
475,473,0,2,4
475,473,1,2,12
475,473,1,3,1
475,473,2,2,31
475,473,2,3,2
475,473,3,2,90
475,473,3,3,2
475,474,0,2,4
475,474,1,2,19
475,474,1,3,1
475,474,2,2,39
475,474,2,3,1
475,474,3,1,1
475,474,3,2,78
475,474,3,3,2
476,192,0,2,2
476,192,1,2,149
476,192,1,3,1
476,192,2,2,2
476,192,3,2,41
476,193,0,2,7
476,193,1,2,58
476,193,2,2,11
476,193,3,2,117
476,193,3,3,1
476,195,0,2,2
476,195,1,2,67
476,195,2,2,3
476,195,3,2,70
476,195,3,3,1
476,196,0,2,6
476,196,1,2,72
476,196,1,3,1
476,196,2,2,14
476,196,3,2,91
476,197,0,2,2
476,197,1,2,147
476,197,1,3,1
476,197,2,2,2
476,197,3,2,40
476,200,0,2,3
476,200,1,2,174
476,200,2,2,4
476,200,3,2,14
476,205,0,2,6
476,205,1,2,80
476,205,1,3,1
476,205,2,2,12
476,205,3,2,52
476,207,0,2,2
476,207,1,2,108
476,207,3,2,31
476,471,0,2,6
476,471,1,2,75
476,471,1,3,1
476,471,2,2,14
476,471,3,2,90
476,473,0,2,11
476,473,1,2,86
476,473,2,2,8
476,473,3,2,90
476,473,3,3,1
476,474,0,2,7
476,474,1,2,114
476,474,1,3,1
476,474,2,2,14
476,474,3,2,60
477,191,1,2,79
477,191,2,2,2
477,191,3,2,60
477,192,0,3,1
477,192,1,2,132
477,192,1,3,1
477,192,2,2,2
477,192,3,2,54
477,192,3,3,3
477,193,0,2,3
477,193,1,2,60
477,193,2,2,17
477,193,2,3,1
477,193,3,2,108
477,193,3,3,4
477,198,0,2,40
477,198,0,3,1
477,198,1,2,38
477,198,1,3,1
477,198,2,2,58
477,198,2,3,1
477,198,3,2,51
477,198,3,3,2
477,200,0,2,4
477,200,1,2,166
477,200,1,3,4
477,200,2,2,6
477,200,3,2,13
477,204,0,2,50
477,204,1,2,31
477,204,1,3,1
477,204,2,2,75
477,204,2,3,1
477,204,3,2,33
477,204,3,3,3
477,205,0,2,1
477,205,1,2,86
477,205,1,3,2
477,205,2,2,9
477,205,2,3,1
477,205,3,2,86
477,205,3,3,2
477,206,0,2,5
477,206,1,2,67
477,206,1,3,1
477,206,2,2,12
477,206,2,3,2
477,206,3,2,104
477,206,3,3,2
477,470,0,2,3
477,470,0,3,1
477,470,1,2,52
477,470,2,2,18
477,470,3,2,115
477,470,3,3,4
477,471,0,2,4
477,471,0,3,1
477,471,1,2,66
477,471,1,3,2
477,471,2,2,12
477,471,3,2,107
477,471,3,3,2
477,472,0,2,1
477,472,1,2,55
477,472,2,2,11
477,472,3,2,74
477,474,0,2,3
477,474,1,2,89
477,474,2,2,11
477,474,2,3,1
477,474,3,2,75
477,474,3,3,3
477,476,0,2,22
477,476,1,2,49
477,476,2,2,53
477,476,3,2,32
477,476,3,3,1
480,176,0,2,7
480,176,1,2,21
480,176,2,1,1
480,176,2,2,170
480,176,2,3,4
480,176,3,2,3
480,452,0,2,6
480,452,1,2,8
480,452,1,3,1
480,452,2,1,1
480,452,2,2,192
480,452,2,3,4
480,452,3,2,6
481,176,0,2,6
481,176,0,3,1
481,176,1,2,8
481,176,2,2,172
481,176,3,2,8
481,452,0,2,2
481,452,1,2,1
481,452,1,3,1
481,452,2,2,194
481,452,2,3,1
481,452,3,2,7
481,480,0,2,10
481,480,1,2,73
481,480,2,2,91
481,480,2,3,2
481,480,3,2,6
483,174,0,2,11
483,174,1,2,48
483,174,2,2,130
483,174,2,3,4
483,174,3,2,2
484,272,0,2,16
484,272,1,1,1
484,272,1,2,69
484,272,1,3,2
484,272,2,2,87
484,272,2,3,2
484,272,3,2,47
484,272,3,3,1
484,273,0,2,10
484,273,1,1,1
484,273,1,2,42
484,273,1,3,1
484,273,2,2,122
484,273,2,3,1
484,273,3,2,19
484,274,0,2,20
484,274,1,2,35
484,274,1,3,1
484,274,2,2,60
484,274,2,3,2
484,274,3,2,89
484,274,3,3,2
484,275,0,2,16
484,275,1,2,49
484,275,1,3,2
484,275,2,2,87
484,275,2,3,1
484,275,3,1,1
484,275,3,2,67
484,275,3,3,1
485,174,0,2,2
485,174,1,2,2
485,174,2,2,205
485,174,2,3,4
485,483,0,2,4
485,483,1,2,2
485,483,2,2,179
485,483,2,3,4
485,483,3,2,5
486,271,0,2,5
486,271,0,3,1
486,271,1,2,60
486,271,1,3,1
486,271,2,2,15
486,271,3,2,91
486,271,3,3,3
486,273,0,2,21
486,273,1,2,123
486,273,1,3,1
486,273,2,2,28
486,273,2,3,1
486,273,3,2,22
486,275,1,2,69
486,275,1,3,2
486,275,2,2,19
486,275,3,2,132
486,275,3,3,2
487,271,0,2,8
487,271,1,2,26
487,271,1,3,2
487,271,2,2,51
487,271,2,3,1
487,271,3,2,86
487,271,3,3,2
487,273,0,2,32
487,273,1,2,67
487,273,2,2,67
487,273,3,2,27
487,273,3,3,2
487,275,0,2,7
487,275,0,3,1
487,275,1,2,33
487,275,1,3,2
487,275,2,2,29
487,275,3,2,150
487,275,3,3,1
487,486,0,2,12
487,486,1,2,30
487,486,2,2,55
487,486,2,3,1
487,486,3,2,122
487,486,3,3,4
488,272,0,2,13
488,272,1,2,66
488,272,1,3,2
488,272,2,2,78
488,272,2,3,1
488,272,3,2,59
488,272,3,3,2
488,273,0,2,12
488,273,1,2,62
488,273,1,3,2
488,273,2,2,90
488,273,3,2,31
488,275,0,2,6
488,275,1,2,71
488,275,1,3,4
488,275,2,2,43
488,275,3,2,101
488,484,0,2,10
488,484,1,2,58
488,484,1,3,1
488,484,2,2,55
488,484,2,3,3
488,484,3,2,70
488,484,3,3,1
488,486,0,2,5
488,486,1,2,37
488,486,2,2,67
488,486,2,3,2
488,486,3,2,94
488,486,3,3,3
488,487,0,2,7
488,487,1,2,50
488,487,1,3,1
488,487,2,2,37
488,487,2,3,1
488,487,3,2,108
488,487,3,3,3
489,273,0,2,7
489,273,1,2,13
489,273,1,3,1
489,273,2,2,169
489,273,2,3,1
489,273,3,2,7
489,488,0,2,19
489,488,1,2,52
489,488,1,3,3
489,488,2,2,93
489,488,2,3,2
489,488,3,2,41
491,271,0,2,6
491,271,0,3,1
491,271,1,2,35
491,271,2,2,58
491,271,2,3,1
491,271,3,1,1
491,271,3,2,92
491,271,3,3,2
491,272,0,2,19
491,272,1,1,1
491,272,1,2,157
491,272,1,3,3
491,272,2,2,27
491,272,3,2,35
491,272,3,3,1
491,273,0,1,1
491,273,0,2,12
491,273,1,2,121
491,273,1,3,1
491,273,2,2,63
491,273,3,2,21
491,274,0,2,10
491,274,1,2,136
491,274,1,3,2
491,274,2,2,11
491,274,2,3,1
491,274,3,2,68
491,274,3,3,1
491,275,0,2,4
491,275,1,2,58
491,275,1,3,2
491,275,2,2,35
491,275,2,3,1
491,275,3,1,1
491,275,3,2,146
491,275,3,3,1
491,484,0,2,16
491,484,1,2,118
491,484,1,3,3
491,484,2,2,20
491,484,3,1,1
491,484,3,2,62
491,484,3,3,1
492,38,0,2,18
492,38,1,2,48
492,38,2,2,142
492,38,2,3,5
492,38,3,2,9
492,187,0,2,4
492,187,1,2,38
492,187,1,3,1
492,187,2,2,156
492,187,2,3,4
492,187,3,2,19
493,187,0,2,15
493,187,0,3,1
493,187,1,2,4
493,187,2,2,165
493,187,2,3,4
493,187,3,1,1
493,187,3,2,51
493,492,0,2,9
493,492,0,3,1
493,492,1,2,29
493,492,1,3,1
493,492,2,2,169
493,492,2,3,3
493,492,3,2,12
495,98,0,2,9
495,98,1,1,1
495,98,1,2,124
495,98,1,3,1
495,98,2,2,35
495,98,2,3,1
495,98,3,2,6
495,98,3,3,1
495,125,0,2,13
495,125,1,1,1
495,125,1,2,129
495,125,1,3,1
495,125,2,2,17
495,125,3,2,7
495,130,0,2,10
495,130,1,2,116
495,130,2,2,12
495,130,3,2,11
495,457,0,2,15
495,457,1,2,99
495,457,1,3,1
495,457,2,1,1
495,457,2,2,62
495,457,2,3,2
495,457,3,2,2
497,111,0,2,17
497,111,0,3,1
497,111,1,2,60
497,111,1,3,2
497,111,2,2,104
497,111,2,3,1
497,111,3,1,1
497,111,3,2,48
497,111,3,3,1
497,121,0,2,24
497,121,0,3,1
497,121,1,2,43
497,121,1,3,2
497,121,2,1,1
497,121,2,2,119
497,121,2,3,2
497,121,3,2,35
497,304,0,2,10
497,304,1,2,18
497,304,2,2,68
497,304,3,2,22
497,495,0,2,6
497,495,1,2,35
497,495,1,3,2
497,495,2,2,106
497,495,3,1,1
497,495,3,2,28
497,495,3,3,1
498,138,0,2,6
498,138,1,2,22
498,138,1,3,1
498,138,2,1,1
498,138,2,2,173
498,138,2,3,3
498,138,3,2,2
498,312,0,2,8
498,312,1,2,11
498,312,1,3,1
498,312,2,1,1
498,312,2,2,197
498,312,2,3,4
498,312,3,2,17
499,140,0,2,14
499,140,1,1,1
499,140,1,2,108
499,140,1,3,2
499,140,2,2,48
499,140,2,3,3
499,140,3,2,8
499,141,0,1,1
499,141,0,2,9
499,141,1,2,180
499,141,1,3,4
499,141,2,2,10
499,141,2,3,1
499,141,3,2,16
499,314,0,1,1
499,314,0,2,4
499,314,1,2,198
499,314,1,3,3
499,314,2,2,10
499,314,2,3,2
499,314,3,2,3
501,431,0,2,13
501,431,1,2,141
501,431,1,3,2
501,431,2,2,40
501,431,2,3,3
501,431,3,2,6
501,500,0,2,14
501,500,1,2,38
501,500,1,3,2
501,500,2,2,117
501,500,2,3,3
501,500,3,1,1
501,500,3,2,60
502,189,0,2,14
502,189,1,2,112
502,189,1,3,5
502,189,2,2,100
502,189,3,2,5
502,455,0,2,19
502,455,1,2,75
502,455,1,3,2
502,455,2,2,87
502,455,2,3,3
502,455,3,2,4
503,502,0,2,23
503,502,1,2,115
503,502,1,3,1
503,502,2,2,68
503,502,3,2,2
504,365,0,2,24
504,365,0,3,1
504,365,1,1,1
504,365,1,2,159
504,365,1,3,1
504,365,2,2,16
504,365,2,3,2
504,365,3,2,42
504,365,3,3,1
504,366,0,2,19
504,366,1,2,29
504,366,2,2,98
504,366,3,2,43
506,365,0,2,14
506,365,1,2,163
506,365,1,3,3
506,365,2,2,17
506,365,2,3,1
506,365,3,1,1
506,365,3,2,44
506,365,3,3,1
506,504,0,2,19
506,504,1,1,1
506,504,1,2,119
506,504,1,3,1
506,504,2,2,40
506,504,2,3,3
506,504,3,2,66
506,504,3,3,1
507,366,0,2,14
507,366,1,2,16
507,366,2,2,137
507,366,3,2,13
507,506,0,2,17
507,506,1,2,21
507,506,2,1,1
507,506,2,2,167
507,506,2,3,4
507,506,3,2,25
507,506,3,3,1
509,234,0,2,14
509,234,1,2,164
509,234,1,3,5
509,234,2,2,20
509,234,3,2,26
509,236,0,2,8
509,236,1,2,198
509,236,1,3,5
509,236,2,2,14
509,236,3,2,3
509,237,0,2,21
509,237,1,2,70
509,237,1,3,1
509,237,2,2,90
509,237,2,3,2
509,237,3,2,23
509,237,3,3,2
509,346,0,2,9
509,346,1,2,158
509,346,1,3,1
509,346,2,2,17
509,346,3,2,8
509,348,0,2,3
509,348,1,2,199
509,348,1,3,2
509,348,2,2,12
509,348,3,2,1
510,236,0,2,11
510,236,0,3,1
510,236,1,2,186
510,236,1,3,3
510,236,2,2,16
510,236,3,2,11
510,236,3,3,1
510,237,0,2,15
510,237,1,2,84
510,237,1,3,3
510,237,2,1,1
510,237,2,2,87
510,237,2,3,1
510,237,3,2,31
510,237,3,3,1
510,346,0,2,5
510,346,1,2,160
510,346,1,3,1
510,346,2,2,21
510,346,3,2,7
510,347,0,2,3
510,347,1,2,217
510,347,1,3,4
510,347,2,2,3
510,347,2,3,1
510,348,0,2,4
510,348,1,1,1
510,348,1,2,198
510,348,1,3,1
510,348,2,2,24
510,348,3,2,2
510,348,3,3,1
511,234,0,2,10
511,234,0,3,1
511,234,1,2,63
511,234,1,3,2
511,234,2,2,45
511,234,3,2,107
511,234,3,3,2
511,235,0,2,15
511,235,1,2,43
511,235,1,3,2
511,235,2,2,59
511,235,2,3,1
511,235,3,1,1
511,235,3,2,129
511,235,3,3,2
511,346,0,2,15
511,346,1,2,108
511,346,2,2,43
511,346,3,2,27
511,346,3,3,1
511,509,0,2,14
511,509,0,3,1
511,509,1,2,35
511,509,1,3,1
511,509,2,2,100
511,509,2,3,2
511,509,3,2,85
511,509,3,3,1
511,510,0,2,17
511,510,1,2,38
511,510,1,3,2
511,510,2,2,127
511,510,2,3,1
511,510,3,1,1
511,510,3,2,65
511,510,3,3,2
513,284,0,2,17
513,284,1,2,151
513,284,1,3,2
513,284,2,1,1
513,284,2,2,51
513,284,2,3,1
513,284,3,2,5
513,284,3,3,1
513,287,0,1,1
513,287,0,2,9
513,287,1,2,14
513,287,1,3,1
513,287,2,2,180
513,287,2,3,4
513,287,3,2,22
513,288,0,2,7
513,288,1,1,1
513,288,1,2,129
513,288,1,3,1
513,288,2,2,38
513,288,3,2,16
513,451,0,2,26
513,451,1,2,55
513,451,1,3,1
513,451,2,2,110
513,451,2,3,3
513,451,3,2,32
513,451,3,3,1
515,168,0,2,3
515,168,1,2,154
515,168,1,3,5
515,168,2,2,6
515,168,3,2,4
515,334,0,2,14
515,334,1,1,1
515,334,1,2,95
515,334,1,3,3
515,334,2,2,44
515,334,3,2,38
515,334,3,3,1
515,439,0,2,5
515,439,1,2,155
515,439,1,3,5
515,439,2,2,9
515,439,3,2,3
515,447,0,2,2
515,447,1,1,1
515,447,1,2,142
515,447,1,3,4
515,447,2,2,5
515,447,3,2,47
516,166,0,2,3
516,166,1,2,1
516,166,2,1,1
516,166,2,2,206
516,166,2,3,5
516,166,3,2,1
516,334,0,2,13
516,334,0,3,1
516,334,1,2,18
516,334,1,3,1
516,334,2,2,171
516,334,2,3,2
516,334,3,1,1
516,334,3,2,40
516,439,0,2,19
516,439,1,2,70
516,439,1,3,4
516,439,2,2,134
516,439,2,3,1
516,447,0,2,21
516,447,1,1,1
516,447,1,2,30
516,447,1,3,2
516,447,2,2,177
516,447,2,3,2
516,447,3,2,19
516,515,0,2,3
516,515,1,2,4
516,515,2,1,1
516,515,2,2,186
516,515,2,3,5
516,515,3,2,3
520,363,0,2,3
520,363,0,3,1
520,363,1,2,206
520,363,1,3,4
520,363,2,2,7
521,394,0,2,11
521,394,0,3,2
521,394,1,1,1
521,394,1,2,162
521,394,1,3,3
521,394,2,2,62
521,394,3,2,1
521,409,0,2,7
521,409,1,1,1
521,409,1,2,221
521,409,1,3,4
521,409,2,2,5
521,409,2,3,1
521,409,3,2,1
521,437,0,2,8
521,437,1,1,1
521,437,1,2,228
521,437,1,3,3
521,437,2,2,11
521,437,2,3,1
521,437,3,3,1
523,386,0,2,6
523,386,0,3,1
523,386,1,2,15
523,386,2,2,181
523,386,2,3,4
523,386,3,2,10
523,387,0,2,11
523,387,1,2,178
523,387,1,3,5
523,387,2,2,25
523,387,3,2,3
523,388,0,2,5
523,388,1,2,35
523,388,2,1,1
523,388,2,2,144
523,388,2,3,4
523,388,3,2,3
523,389,0,3,1
523,389,1,2,4
523,389,2,1,1
523,389,2,2,195
523,389,2,3,4
523,389,3,2,1
523,409,0,2,5
523,409,1,1,1
523,409,1,2,198
523,409,1,3,4
523,409,2,2,16
523,409,2,3,1
523,409,3,2,9
524,388,0,2,14
524,388,1,2,110
524,388,1,3,2
524,388,2,1,1
524,388,2,2,56
524,388,2,3,2
524,388,3,2,2
524,389,0,2,21
524,389,1,1,1
524,389,1,2,61
524,389,1,3,2
524,389,2,2,110
524,389,2,3,3
524,389,3,2,4
524,394,0,2,15
524,394,1,1,1
524,394,1,2,166
524,394,1,3,3
524,394,2,2,27
524,394,2,3,1
524,394,3,2,18
524,394,3,3,1
524,409,0,2,6
524,409,1,2,209
524,409,1,3,4
524,409,2,2,2
524,409,2,3,1
524,409,3,1,1
524,409,3,2,7
524,437,0,2,3
524,437,1,1,1
524,437,1,2,226
524,437,1,3,3
524,437,2,2,5
524,437,2,3,2
524,437,3,2,3
524,521,0,2,15
524,521,1,1,1
524,521,1,2,164
524,521,1,3,3
524,521,2,2,57
524,521,2,3,2
524,521,3,2,1
524,523,0,2,14
524,523,1,1,1
524,523,1,2,168
524,523,1,3,4
524,523,2,2,42
524,523,2,3,1
524,523,3,2,9
525,164,0,2,6
525,164,1,2,39
525,164,2,2,135
525,164,2,3,4
525,164,3,2,19
525,165,0,2,14
525,165,0,3,1
525,165,1,2,97
525,165,1,3,2
525,165,2,2,100
525,165,3,2,21
525,404,0,2,16
525,404,1,2,51
525,404,1,3,1
525,404,2,2,104
525,404,2,3,4
525,404,3,2,51
526,164,0,2,26
526,164,1,2,55
526,164,2,2,67
526,164,2,3,3
526,164,3,2,28
526,165,0,2,9
526,165,0,3,1
526,165,1,2,88
526,165,1,3,2
526,165,2,1,1
526,165,2,2,38
526,165,3,2,79
526,404,0,2,12
526,404,1,2,36
526,404,2,2,66
526,404,2,3,1
526,404,3,2,81
526,404,3,3,3
526,525,0,2,23
526,525,1,2,57
526,525,1,3,2
526,525,2,2,46
526,525,2,3,1
526,525,3,2,84
526,525,3,3,1
527,165,0,2,19
527,165,0,3,1
527,165,1,2,150
527,165,1,3,2
527,165,2,2,38
527,165,3,1,1
527,165,3,2,31
527,404,0,2,9
527,404,1,2,122
527,404,1,3,4
527,404,2,2,31
527,404,3,2,57
527,525,0,2,14
527,525,0,3,1
527,525,1,2,147
527,525,1,3,3
527,525,2,2,33
527,525,3,2,40
527,526,0,2,10
527,526,1,1,1
527,526,1,2,162
527,526,1,3,4
527,526,2,2,7
527,526,3,2,38
528,136,0,2,16
528,136,0,3,1
528,136,1,2,71
528,136,2,1,1
528,136,2,2,108
528,136,2,3,2
528,136,3,2,2
528,464,0,2,16
528,464,0,3,1
528,464,1,2,131
528,464,1,3,1
528,464,2,2,46
528,464,2,3,1
528,464,3,2,9
529,297,0,2,15
529,297,0,3,2
529,297,1,2,187
529,297,1,3,2
529,297,2,2,9
529,297,2,3,1
529,297,3,2,1
530,290,0,2,18
530,290,0,3,1
530,290,1,1,1
530,290,1,2,130
530,290,1,3,3
530,290,2,2,73
530,290,2,3,1
530,290,3,2,23
530,295,0,2,3
530,295,0,3,1
530,295,1,2,206
530,295,1,3,4
530,295,2,2,1
530,295,3,2,6
530,298,0,2,15
530,298,1,2,96
530,298,1,3,3
530,298,2,2,29
530,298,3,1,1
530,298,3,2,104
530,298,3,3,2
530,299,0,2,6
530,299,1,2,194
530,299,1,3,5
530,299,2,2,11
530,299,3,2,2
530,303,0,2,2
530,303,0,3,1
530,303,1,2,211
530,303,1,3,4
530,303,2,2,3
530,529,0,2,20
530,529,0,3,1
530,529,1,2,89
530,529,1,3,3
530,529,2,2,43
530,529,2,3,1
530,529,3,1,1
530,529,3,2,84
532,276,0,2,8
532,276,1,2,176
532,276,1,3,4
532,276,2,2,28
532,276,2,3,1
532,276,3,2,13
532,465,0,2,3
532,465,1,2,216
532,465,1,3,5
532,465,2,2,4
532,466,0,2,7
532,466,1,2,180
532,466,1,3,3
532,466,2,2,32
532,466,2,3,2
532,466,3,2,8
534,103,0,2,17
534,103,1,2,54
534,103,1,3,3
534,103,2,1,1
534,103,2,2,149
534,103,2,3,1
534,103,3,2,5
534,109,0,2,10
534,109,1,2,126
534,109,2,2,61
534,134,0,2,15
534,134,0,3,1
534,134,1,2,61
534,134,1,3,2
534,134,2,1,1
534,134,2,2,144
534,134,2,3,1
534,134,3,2,1
534,300,0,2,16
534,300,1,2,150
534,300,1,3,1
534,300,2,1,1
534,300,2,2,59
534,300,2,3,2
534,300,3,2,3
536,241,0,2,15
536,241,0,3,1
536,241,1,2,39
536,241,2,2,134
536,241,2,3,4
536,241,3,2,12
536,242,0,2,5
536,242,1,2,38
536,242,2,2,88
536,242,3,2,19
536,242,3,3,1
536,305,0,2,18
536,305,1,2,88
536,305,1,3,3
536,305,2,2,117
536,305,2,3,2
536,306,0,2,18
536,306,1,2,48
536,306,1,3,1
536,306,2,2,81
536,306,2,3,1
536,306,3,2,59
536,306,3,3,3
536,450,0,2,25
536,450,0,3,1
536,450,1,2,57
536,450,1,3,2
536,450,2,2,47
536,450,2,3,1
536,450,3,2,100
536,450,3,3,1
537,241,0,2,18
537,241,0,3,1
537,241,1,2,28
537,241,2,1,1
537,241,2,2,159
537,241,2,3,3
537,241,3,2,13
537,241,3,3,1
537,242,0,2,10
537,242,1,2,61
537,242,1,3,1
537,242,2,2,82
537,242,3,1,1
537,242,3,2,15
537,305,0,2,9
537,305,0,3,1
537,305,1,2,40
537,305,2,2,175
537,305,2,3,4
537,306,0,1,1
537,306,0,2,11
537,306,1,2,87
537,306,1,3,3
537,306,2,2,96
537,306,3,2,30
537,306,3,3,2
537,307,0,2,17
537,307,1,2,58
537,307,2,2,87
537,307,2,3,3
537,307,3,1,1
537,307,3,2,31
537,307,3,3,2
537,536,0,2,13
537,536,1,2,124
537,536,1,3,3
537,536,2,2,52
537,536,2,3,1
537,536,3,2,40
537,536,3,3,1
538,241,0,2,24
538,241,0,3,1
538,241,1,2,87
538,241,1,3,3
538,241,2,2,62
538,241,3,1,1
538,241,3,2,45
538,242,0,2,16
538,242,1,2,79
538,242,2,1,1
538,242,2,2,36
538,242,3,2,37
538,306,0,2,6
538,306,1,1,1
538,306,1,2,148
538,306,1,3,4
538,306,2,2,26
538,306,3,2,44
538,307,0,2,13
538,307,1,2,83
538,307,1,3,3
538,307,2,2,28
538,307,3,1,1
538,307,3,2,69
538,307,3,3,1
538,450,0,2,11
538,450,0,3,1
538,450,1,2,168
538,450,1,3,3
538,450,2,2,11
538,450,3,1,1
538,450,3,2,57
538,536,0,2,10
538,536,1,2,142
538,536,1,3,1
538,536,2,2,9
538,536,3,2,68
538,536,3,3,3
538,537,0,2,8
538,537,0,3,1
538,537,1,2,131
538,537,1,3,1
538,537,2,2,52
538,537,2,3,2
538,537,3,1,1
538,537,3,2,56
539,450,0,2,10
539,450,1,2,42
539,450,1,3,2
539,450,2,1,1
539,450,2,2,179
539,450,2,3,3
539,450,3,2,1
539,538,0,2,3
539,538,1,2,6
539,538,2,1,1
539,538,2,2,223
539,538,2,3,4
541,234,0,2,18
541,234,1,2,65
541,234,1,3,3
541,234,2,2,124
541,234,2,3,1
541,234,3,2,17
541,234,3,3,1
541,235,0,2,15
541,235,0,3,1
541,235,1,2,26
541,235,1,3,1
541,235,2,2,190
541,235,2,3,1
541,235,3,1,1
541,235,3,2,14
541,235,3,3,2
541,236,0,2,15
541,236,0,3,2
541,236,1,2,95
541,236,1,3,1
541,236,2,2,99
541,236,2,3,2
541,236,3,2,14
541,348,0,2,12
541,348,0,3,1
541,348,1,1,1
541,348,1,2,138
541,348,1,3,1
541,348,2,2,77
541,509,0,2,8
541,509,1,2,24
541,509,2,2,193
541,509,2,3,5
541,509,3,2,8
541,510,0,2,8
541,510,1,2,35
541,510,2,1,1
541,510,2,2,199
541,510,2,3,4
541,510,3,2,4
541,510,3,3,1
541,511,0,2,19
541,511,1,2,15
541,511,2,2,197
541,511,2,3,4
541,511,3,1,1
541,511,3,2,15
541,511,3,3,1
546,9,0,2,3
546,9,1,2,6
546,9,2,2,53
547,278,0,2,15
547,278,1,2,49
547,278,1,3,5
547,278,2,2,144
547,278,3,2,13
547,532,0,2,12
547,532,1,2,53
547,532,1,3,2
547,532,2,1,1
547,532,2,2,174
547,532,2,3,3
547,532,3,2,7
548,278,0,2,12
548,278,0,3,1
548,278,1,2,74
548,278,1,3,3
548,278,2,2,127
548,278,2,3,1
548,278,3,2,8
548,532,0,2,18
548,532,0,3,1
548,532,1,2,63
548,532,2,1,1
548,532,2,2,161
548,532,2,3,4
548,532,3,2,4
551,415,0,2,9
551,415,1,2,104
551,415,1,3,2
551,415,2,2,4
551,415,2,3,1
551,415,3,2,92
551,415,3,3,2
552,419,0,2,18
552,419,1,2,43
552,419,1,3,1
552,419,2,2,109
552,419,2,3,3
552,419,3,2,31
554,279,0,2,5
554,279,0,3,1
554,279,1,2,178
554,279,1,3,2
554,279,2,2,3
554,279,2,3,1
554,279,3,2,19
554,279,3,3,1
554,281,0,2,3
554,281,1,2,10
554,281,2,2,164
554,281,2,3,4
554,281,3,2,19
555,248,0,2,25
555,248,1,2,64
555,248,2,2,100
555,248,2,3,3
555,248,3,2,35
555,248,3,3,2
555,249,0,2,15
555,249,1,2,48
555,249,1,3,3
555,249,2,2,84
555,249,3,1,1
555,249,3,2,99
555,249,3,3,2
555,251,0,1,1
555,251,0,2,14
555,251,0,3,1
555,251,1,2,47
555,251,2,2,125
555,251,2,3,1
555,251,3,2,51
555,251,3,3,1
556,222,0,2,23
556,222,1,2,83
556,222,1,3,1
556,222,2,2,62
556,222,3,1,1
556,222,3,2,66
556,318,0,2,11
556,318,1,2,189
556,318,1,3,1
556,318,2,2,12
556,318,3,2,14
556,321,0,2,12
556,321,0,3,1
556,321,1,1,1
556,321,1,2,177
556,321,1,3,2
556,321,2,2,9
556,321,3,2,24
556,321,3,3,1
557,222,0,2,18
557,222,1,1,1
557,222,1,2,67
557,222,1,3,1
557,222,2,2,56
557,222,3,2,74
557,318,0,2,14
557,318,1,2,165
557,318,1,3,1
557,318,2,2,10
557,318,3,2,12
557,321,0,2,15
557,321,1,1,1
557,321,1,2,130
557,321,1,3,3
557,321,2,2,22
557,321,2,3,1
557,321,3,2,32
557,556,0,2,3
557,556,1,2,6
557,556,2,1,1
557,556,2,2,129
557,556,2,3,4
557,556,3,2,84
558,221,0,2,10
558,221,1,2,62
558,221,2,2,33
558,221,3,2,51
558,222,0,2,15
558,222,1,2,94
558,222,2,2,32
558,222,3,2,44
558,318,0,2,5
558,318,1,2,163
558,318,2,2,5
558,318,3,2,11
558,321,0,2,2
558,321,1,2,148
558,321,2,2,2
558,321,3,2,9
558,556,0,2,4
558,556,1,2,66
558,556,2,2,39
558,556,3,2,77
559,278,0,2,17
559,278,1,2,47
559,278,2,2,52
559,278,3,2,73
559,532,0,2,26
559,532,1,1,1
559,532,1,2,78
559,532,2,2,60
559,532,3,2,50
560,276,0,2,10
560,276,1,2,105
560,276,1,3,4
560,276,2,2,90
560,276,3,2,16
560,465,0,2,6
560,465,1,2,170
560,465,1,3,4
560,465,2,2,35
560,465,3,2,8
560,466,0,2,16
560,466,1,2,128
560,466,1,3,3
560,466,2,2,73
560,466,3,2,6
560,466,3,3,1
560,532,0,2,11
560,532,1,2,68
560,532,1,3,1
560,532,2,1,1
560,532,2,2,151
560,532,2,3,3
560,532,3,2,11
560,547,0,2,13
560,547,1,2,124
560,547,1,3,3
560,547,2,1,1
560,547,2,2,103
560,547,2,3,1
560,547,3,2,2
560,548,0,2,18
560,548,1,2,119
560,548,1,3,1
560,548,2,1,1
560,548,2,2,100
560,548,2,3,2
560,548,3,2,5
560,548,3,3,1
560,559,0,2,17
560,559,1,2,34
560,559,2,1,1
560,559,2,2,112
560,559,3,2,52
562,263,0,2,22
562,263,1,2,49
562,263,2,2,57
562,263,2,3,2
562,263,3,2,67
562,263,3,3,3
562,448,0,2,15
562,448,0,3,1
562,448,1,2,14
562,448,2,2,168
562,448,2,3,2
562,448,3,2,40
562,448,3,3,1
563,257,0,2,3
563,257,1,2,5
563,257,1,3,1
563,257,2,2,169
563,257,2,3,2
563,257,3,2,9
563,259,1,2,2
563,259,2,2,217
563,259,2,3,5
563,259,3,2,1
563,263,0,2,1
563,263,1,2,1
563,263,2,1,1
563,263,2,2,199
563,263,2,3,5
563,263,3,2,3
563,342,0,2,9
563,342,1,2,29
563,342,2,1,1
563,342,2,2,178
563,342,2,3,4
563,343,0,2,5
563,343,1,2,17
563,343,2,2,189
563,343,2,3,4
563,343,3,2,3
563,343,3,3,1
564,258,0,2,17
564,258,0,3,1
564,258,1,2,100
564,258,2,2,112
564,258,2,3,4
564,258,3,2,1
564,260,0,2,20
564,260,1,1,1
564,260,1,2,63
564,260,1,3,2
564,260,2,2,133
564,260,2,3,1
564,260,3,2,9
564,261,0,2,15
564,261,1,1,1
564,261,1,2,113
564,261,1,3,4
564,261,2,2,80
564,261,3,2,9
564,261,3,3,1
564,263,0,2,11
564,263,1,2,35
564,263,1,3,2
564,263,2,1,1
564,263,2,2,111
564,263,2,3,3
564,263,3,2,48
564,563,0,2,3
564,563,1,1,1
564,563,1,2,240
564,563,1,3,4
564,563,2,2,1
564,563,3,2,2
564,563,3,3,1
565,219,0,2,17
565,219,1,2,39
565,219,2,2,87
565,219,3,2,51
569,349,0,2,4
569,349,1,2,200
569,349,2,2,9
569,349,2,3,2
569,349,3,2,1
569,350,0,2,5
569,350,1,1,1
569,350,1,2,154
569,350,1,3,1
569,350,2,2,28
569,350,3,2,1
569,440,0,2,22
569,440,1,2,76
569,440,1,3,1
569,440,2,1,1
569,440,2,2,129
569,440,2,3,1
569,440,3,2,8
570,29,0,2,21
570,29,0,3,1
570,29,1,2,91
570,29,1,3,1
570,29,2,2,59
570,29,2,3,1
570,29,3,1,1
570,29,3,2,39
570,29,3,3,1
570,266,0,2,16
570,266,1,2,45
570,266,1,3,2
570,266,2,2,95
570,266,2,3,1
570,266,3,2,69
570,266,3,3,1
570,424,0,2,4
570,424,1,2,181
570,424,1,3,2
570,424,2,2,14
570,424,3,2,27
570,424,3,3,2
573,57,0,2,14
573,57,1,1,1
573,57,1,2,88
573,57,1,3,3
573,57,2,2,108
573,57,2,3,2
573,57,3,2,1
573,102,0,2,9
573,102,1,2,122
573,102,1,3,1
573,102,2,2,74
573,102,2,3,1
573,313,0,2,1
573,313,1,1,1
573,313,1,2,209
573,313,1,3,5
573,313,2,2,5
573,313,3,2,1
574,9,0,2,9
574,9,1,2,14
574,9,2,2,63
574,546,0,2,8
574,546,0,3,1
574,546,1,2,72
574,546,1,3,1
574,546,2,1,1
574,546,2,2,120
574,546,2,3,3
574,546,3,2,3
576,191,0,2,3
576,191,1,2,71
576,191,2,2,2
576,191,3,2,65
576,193,0,2,8
576,193,0,3,1
576,193,1,2,56
576,193,1,3,1
576,193,2,2,19
576,193,2,3,1
576,193,3,1,1
576,193,3,2,159
576,193,3,3,2
576,195,0,2,5
576,195,0,3,1
576,195,1,2,65
576,195,1,3,3
576,195,2,2,11
576,195,3,2,94
576,195,3,3,1
576,196,0,2,6
576,196,1,2,36
576,196,1,3,2
576,196,2,2,42
576,196,2,3,2
576,196,3,2,137
576,196,3,3,1
576,197,0,2,4
576,197,0,3,1
576,197,1,2,142
576,197,1,3,4
576,197,2,2,3
576,197,3,2,74
576,200,0,2,6
576,200,1,1,1
576,200,1,2,184
576,200,1,3,4
576,200,2,2,16
576,200,3,2,41
576,206,0,2,5
576,206,1,2,41
576,206,1,3,3
576,206,2,2,32
576,206,3,2,143
576,206,3,3,2
576,207,0,2,4
576,207,1,2,104
576,207,2,2,1
576,207,3,2,32
576,470,0,2,8
576,470,0,3,1
576,470,1,2,37
576,470,2,2,19
576,470,3,2,160
576,470,3,3,4
576,472,0,2,3
576,472,1,2,28
576,472,2,2,14
576,472,3,2,96
576,473,0,2,9
576,473,1,2,68
576,473,1,3,2
576,473,2,2,18
576,473,2,3,2
576,473,3,2,138
576,473,3,3,1
576,477,0,2,5
576,477,1,2,21
576,477,1,3,2
576,477,2,2,89
576,477,2,3,1
576,477,3,2,74
576,477,3,3,2
577,297,0,2,5
577,297,1,2,79
577,297,2,2,29
577,297,3,2,1
577,298,0,2,4
577,298,1,2,3
577,298,2,2,107
577,529,0,2,7
577,529,1,2,11
577,529,2,2,96
578,255,0,2,13
578,255,0,3,1
578,255,1,2,167
578,255,1,3,4
578,255,2,2,17
578,255,3,2,11
578,399,0,2,3
578,399,1,2,187
578,399,1,3,4
578,399,2,2,19
578,399,2,3,1
578,399,3,2,4
579,255,0,2,9
579,255,1,2,135
579,255,1,3,4
579,255,2,2,18
579,255,2,3,1
579,255,3,2,18
579,399,0,2,4
579,399,1,2,163
579,399,1,3,3
579,399,2,2,14
579,399,2,3,2
579,399,3,2,4
581,255,0,2,12
581,255,1,2,128
581,255,1,3,5
581,255,2,2,22
581,255,3,2,27
581,399,0,2,4
581,399,1,2,173
581,399,1,3,3
581,399,2,2,12
581,399,2,3,2
581,399,3,2,5
581,578,0,1,1
581,578,0,2,18
581,578,1,2,61
581,578,1,3,1
581,578,2,2,107
581,578,2,3,3
581,578,3,2,30
581,578,3,3,1
581,579,0,2,22
581,579,0,3,1
581,579,1,2,39
581,579,1,3,1
581,579,2,1,1
581,579,2,2,84
581,579,2,3,1
581,579,3,2,48
581,579,3,3,2
583,2,0,2,10
583,2,1,2,32
583,2,2,2,101
583,2,3,2,1
586,584,0,2,10
586,584,0,3,1
586,584,1,2,19
586,584,1,3,1
586,584,2,1,1
586,584,2,2,215
586,584,2,3,3
586,585,0,2,19
586,585,0,3,1
586,585,1,1,1
586,585,1,2,78
586,585,1,3,1
586,585,2,2,128
586,585,2,3,2
586,585,3,2,19
586,585,3,3,1
587,584,0,2,7
587,584,1,2,33
587,584,1,3,1
587,584,2,2,161
587,585,0,2,5
587,585,1,2,112
587,585,2,2,82
587,585,2,3,1
587,585,3,2,2
587,586,0,2,6
587,586,1,2,140
587,586,2,2,48
587,586,2,3,1
587,586,3,2,4
588,587,0,2,4
588,587,1,2,16
588,587,1,3,1
588,587,2,2,180
589,584,0,2,10
589,584,1,2,82
589,584,1,3,2
589,584,2,1,1
589,584,2,2,102
589,584,2,3,3
589,585,0,1,1
589,585,0,2,16
589,585,1,2,95
589,585,2,2,79
589,585,2,3,4
589,585,3,2,4
589,585,3,3,1
589,586,0,2,11
589,586,0,3,1
589,586,1,2,102
589,586,1,3,1
589,586,2,1,1
589,586,2,2,79
589,586,2,3,3
589,586,3,2,1
589,588,0,2,1
589,588,1,1,1
589,588,1,2,187
589,588,1,3,4
589,588,2,2,4
589,588,2,3,1
589,588,3,2,1
591,229,0,2,13
591,229,0,3,1
591,229,1,2,36
591,229,1,3,2
591,229,2,2,67
591,229,2,3,1
591,229,3,2,42
596,422,0,2,11
596,422,1,1,1
596,422,1,2,167
596,422,1,3,3
596,422,2,2,63
596,422,2,3,1
596,422,3,2,4
596,422,3,3,1
596,423,0,2,16
596,423,1,1,1
596,423,1,2,144
596,423,1,3,3
596,423,2,2,83
596,423,2,3,2
596,423,3,2,3
597,29,0,2,14
597,29,1,2,140
597,29,1,3,2
597,29,2,2,14
597,29,2,3,1
597,29,3,2,10
597,29,3,3,1
597,266,0,2,8
597,266,1,2,158
597,266,1,3,1
597,266,2,2,24
597,266,2,3,1
597,266,3,2,22
597,266,3,3,2
598,355,0,2,12
598,355,1,2,102
598,355,1,3,4
598,355,2,2,101
598,355,3,3,1
600,98,0,2,12
600,98,1,1,1
600,98,1,2,125
600,98,1,3,4
600,98,2,2,75
600,98,3,2,6
600,130,0,2,14
600,130,1,2,135
600,130,2,2,37
600,130,3,2,7
600,130,3,3,1
600,457,0,2,22
600,457,1,2,70
600,457,2,1,1
600,457,2,2,127
600,457,2,3,4
600,457,3,2,1
600,497,0,2,14
600,497,0,3,1
600,497,1,1,1
600,497,1,2,143
600,497,1,3,1
600,497,2,2,55
600,497,2,3,2
600,497,3,2,4
602,176,0,2,8
602,176,1,1,1
602,176,1,2,174
602,176,1,3,4
602,176,2,2,6
602,176,3,2,35
602,452,0,2,3
602,452,1,2,166
602,452,1,3,3
602,452,2,2,8
602,452,3,1,1
602,452,3,2,57
602,452,3,3,1
602,480,0,2,1
602,480,1,1,1
602,480,1,2,201
602,480,1,3,4
602,480,2,2,1
602,481,0,2,1
602,481,1,2,203
602,481,1,3,1
602,481,3,2,2
603,176,0,2,11
603,176,1,1,1
603,176,1,2,54
603,176,1,3,1
603,176,2,2,154
603,176,2,3,1
603,176,3,2,9
603,176,3,3,1
603,481,0,2,8
603,481,1,2,147
603,481,2,2,29
603,481,3,2,4
603,602,0,2,2
603,602,1,2,1
603,602,2,1,1
603,602,2,2,211
603,602,2,3,3
603,602,3,2,4
604,273,0,2,5
604,273,0,3,1
604,273,1,2,23
604,273,2,1,1
604,273,2,2,182
604,273,2,3,1
604,273,3,2,2
604,275,0,2,19
604,275,1,2,15
604,275,1,3,1
604,275,2,1,1
604,275,2,2,200
604,275,2,3,3
604,275,3,2,4
604,488,0,2,14
604,488,0,3,1
604,488,1,2,46
604,488,1,3,2
604,488,2,2,147
604,488,2,3,2
604,488,3,2,6
604,489,0,2,13
604,489,1,2,83
604,489,1,3,2
604,489,2,2,116
604,489,2,3,3
604,489,3,2,1
605,273,0,2,19
605,273,1,2,58
605,273,1,3,1
605,273,2,1,1
605,273,2,2,111
605,273,3,2,22
605,275,0,2,11
605,275,1,2,50
605,275,1,3,2
605,275,2,1,1
605,275,2,2,60
605,275,2,3,1
605,275,3,2,115
605,275,3,3,1
605,488,0,2,14
605,488,1,2,48
605,488,1,3,3
605,488,2,2,62
605,488,2,3,1
605,488,3,2,87
605,489,0,2,20
605,489,1,2,95
605,489,1,3,3
605,489,2,2,59
605,489,2,3,1
605,489,3,2,45
605,604,0,1,1
605,604,0,2,24
605,604,1,2,156
605,604,1,3,3
605,604,2,2,44
605,604,2,3,1
605,604,3,2,3
607,362,0,2,1
607,362,1,2,215
607,362,1,3,4
607,362,2,2,2
607,362,2,3,1
607,363,0,2,1
607,363,1,2,215
607,363,1,3,4
607,363,2,3,1
607,520,0,2,10
607,520,0,3,1
607,520,1,1,1
607,520,1,2,160
607,520,1,3,1
607,520,2,2,73
607,520,2,3,3
608,492,1,2,72
608,492,1,3,4
608,492,2,2,15
608,492,3,2,9
609,27,0,2,12
609,27,1,2,92
609,27,1,3,1
609,27,2,2,110
609,27,2,3,3
609,27,3,2,7
609,27,3,3,1
609,254,0,2,14
609,254,1,2,167
609,254,1,3,4
609,254,2,2,5
609,254,3,2,40
609,254,3,3,1
610,254,0,2,3
610,254,1,2,213
610,254,1,3,4
610,254,2,2,5
610,254,3,2,5
610,254,3,3,1
610,609,0,2,9
610,609,1,1,1
610,609,1,2,205
610,609,1,3,4
610,609,2,2,17
610,609,3,2,16
610,609,3,3,1
611,540,0,2,18
611,540,1,2,114
611,540,2,1,1
611,540,2,2,58
611,540,2,3,2
611,540,3,2,32
611,540,3,3,1
616,295,0,2,7
616,295,1,2,166
616,295,1,3,4
616,295,2,2,10
616,295,2,3,1
616,295,3,2,10
616,299,0,2,9
616,299,0,3,1
616,299,1,2,124
616,299,1,3,3
616,299,2,2,59
616,299,2,3,1
616,303,0,2,2
616,303,1,2,177
616,303,1,3,5
616,303,2,2,8
616,303,3,2,1
616,530,0,2,13
616,530,0,3,1
616,530,1,2,15
616,530,2,2,151
616,530,2,3,4
616,530,3,2,14
617,108,1,2,1
617,108,2,2,152
618,27,0,2,11
618,27,1,2,195
618,27,1,3,3
618,27,2,2,6
618,27,3,2,9
618,27,3,3,1
618,254,0,2,9
618,254,1,2,164
618,254,1,3,3
618,254,2,2,3
618,254,3,2,50
618,254,3,3,1
618,610,0,2,20
618,610,1,1,1
618,610,1,2,132
618,610,1,3,2
618,610,2,2,58
618,610,2,3,1
618,610,3,2,37
618,610,3,3,1
619,227,0,2,7
619,227,1,2,15
619,227,2,2,107
619,227,2,3,1
619,227,3,2,92
619,227,3,3,4
620,223,0,2,10
620,223,1,2,104
620,223,2,2,49
620,223,3,2,12
620,225,0,2,6
620,225,1,2,38
620,225,1,3,3
620,225,2,2,174
620,225,2,3,2
620,225,3,2,6
620,407,0,2,9
620,407,0,3,1
620,407,1,2,111
620,407,1,3,4
620,407,2,2,109
620,407,3,2,6
620,408,0,2,14
620,408,1,2,174
620,408,1,3,4
620,408,2,1,1
620,408,2,2,50
620,408,2,3,1
620,408,3,2,9
621,225,0,2,11
621,225,1,2,81
621,225,1,3,2
621,225,2,2,118
621,225,2,3,2
621,225,3,2,14
621,225,3,3,1
621,407,0,2,15
621,407,1,2,125
621,407,1,3,3
621,407,2,2,74
621,407,2,3,1
621,407,3,2,21
621,407,3,3,1
621,408,0,2,19
621,408,1,1,1
621,408,1,2,166
621,408,1,3,3
621,408,2,2,33
621,408,3,2,29
621,408,3,3,2
621,443,0,2,23
621,443,1,2,50
621,443,1,3,1
621,443,2,2,162
621,443,2,3,4
621,443,3,1,1
621,443,3,2,9
622,353,0,2,10
622,353,1,2,36
622,353,2,2,83
622,353,3,2,22
622,411,0,2,9
622,411,1,2,29
622,411,2,2,97
622,411,3,2,33
622,412,0,2,4
622,412,1,2,91
622,412,2,2,7
622,412,3,2,15
623,276,0,2,18
623,276,1,2,81
623,276,1,3,1
623,276,2,2,65
623,276,2,3,1
623,276,3,2,48
623,276,3,3,3
623,465,0,2,9
623,465,1,2,158
623,465,1,3,5
623,465,2,2,17
623,465,3,2,29
623,466,0,2,21
623,466,1,2,90
623,466,1,3,2
623,466,2,2,71
623,466,2,3,3
623,466,3,2,32
623,532,0,2,12
623,532,1,2,28
623,532,1,3,3
623,532,2,2,159
623,532,2,3,2
623,532,3,2,27
623,547,0,2,12
623,547,1,2,112
623,547,1,3,1
623,547,2,2,84
623,547,2,3,4
623,547,3,2,19
623,548,0,2,15
623,548,1,2,95
623,548,2,2,104
623,548,2,3,5
623,548,3,2,13
623,559,0,2,10
623,559,1,2,16
623,559,2,2,79
623,559,3,2,90
624,284,0,2,13
624,284,1,2,152
624,284,2,2,14
624,284,3,2,16
624,288,0,2,16
624,288,1,2,105
624,288,2,2,14
624,288,3,2,37
624,451,0,2,11
624,451,1,2,24
624,451,2,2,79
624,451,3,2,76
634,366,0,2,11
634,366,1,2,48
634,366,2,2,124
634,366,3,2,4
634,506,0,2,18
634,506,1,2,51
634,506,1,3,1
634,506,2,1,1
634,506,2,2,171
634,506,2,3,4
634,506,3,2,2
635,350,0,2,4
635,350,1,1,1
635,350,1,2,192
635,350,1,3,4
635,350,2,2,3
635,440,1,1,1
635,440,1,2,243
635,440,1,3,4
635,440,2,2,2
635,440,3,2,1
636,520,0,2,11
636,520,1,2,42
636,520,1,3,1
636,520,2,1,1
636,520,2,2,194
636,520,2,3,4
642,639,1,2,2
642,639,2,2,196
642,639,2,3,5
642,639,3,2,5
643,140,0,2,10
643,140,0,3,1
643,140,1,2,59
643,140,1,3,1
643,140,2,1,1
643,140,2,2,113
643,140,2,3,3
643,141,0,2,10
643,141,1,1,1
643,141,1,2,109
643,141,1,3,3
643,141,2,2,97
643,141,2,3,2
643,141,3,2,5
643,314,0,2,6
643,314,1,1,1
643,314,1,2,202
643,314,1,3,3
643,314,2,2,13
643,314,2,3,2
645,374,0,2,20
645,374,0,3,1
645,374,1,2,169
645,374,1,3,3
645,374,2,2,7
645,374,3,2,27
645,374,3,3,1
646,455,0,2,8
646,455,1,2,78
646,455,1,3,2
646,455,2,1,1
646,455,2,2,95
646,455,2,3,2
646,455,3,2,4
646,503,0,2,23
646,503,1,2,72
646,503,2,2,107
646,503,2,3,1
646,503,3,2,4
648,390,0,2,8
648,390,1,2,86
648,390,2,2,121
648,390,2,3,4
649,387,0,2,18
649,387,1,2,168
649,387,1,3,5
649,387,2,2,24
649,387,3,2,12
649,388,0,2,4
649,388,1,2,15
649,388,1,3,1
649,388,2,1,1
649,388,2,2,171
649,388,2,3,3
649,388,3,2,2
649,389,0,2,3
649,389,1,2,7
649,389,1,3,1
649,389,2,1,1
649,389,2,2,194
649,389,2,3,4
649,389,3,2,2
649,394,0,2,10
649,394,1,2,35
649,394,1,3,2
649,394,2,2,173
649,394,2,3,3
649,394,3,1,1
649,394,3,2,18
649,437,0,2,8
649,437,1,1,1
649,437,1,2,164
649,437,1,3,1
649,437,2,2,48
649,437,2,3,2
649,437,3,2,27
649,437,3,3,2
649,521,0,2,15
649,521,0,3,1
649,521,1,2,42
649,521,2,1,1
649,521,2,2,189
649,521,2,3,4
649,521,3,2,1
649,524,0,2,8
649,524,1,2,5
649,524,1,3,1
649,524,2,1,1
649,524,2,2,209
649,524,2,3,4
649,524,3,2,15
650,409,0,2,17
650,409,0,3,1
650,409,1,2,165
650,409,1,3,4
650,409,2,2,39
650,409,3,1,1
650,409,3,2,13
650,521,0,1,1
650,521,0,2,15
650,521,1,2,42
650,521,1,3,4
650,521,2,2,188
650,521,2,3,1
650,521,3,2,2
650,524,0,2,12
650,524,0,3,1
650,524,1,2,17
650,524,1,3,1
650,524,2,1,1
650,524,2,2,193
650,524,2,3,2
650,524,3,2,15
650,524,3,3,1
650,649,0,2,18
650,649,1,2,157
650,649,1,3,3
650,649,2,1,1
650,649,2,2,59
650,649,2,3,2
650,649,3,2,13
651,236,0,2,12
651,236,0,3,1
651,236,1,2,165
651,236,1,3,2
651,236,2,2,24
651,236,2,3,1
651,236,3,2,18
651,237,0,2,25
651,237,1,2,73
651,237,2,1,1
651,237,2,2,79
651,237,2,3,3
651,237,3,2,35
651,237,3,3,1
651,346,0,2,8
651,346,1,2,150
651,346,2,2,21
651,346,3,2,9
651,347,0,2,10
651,347,1,2,202
651,347,1,3,3
651,347,2,2,6
651,347,2,3,1
651,348,0,2,11
651,348,0,3,1
651,348,1,1,1
651,348,1,2,192
651,348,1,3,1
651,348,2,2,20
651,348,3,2,4
651,511,0,2,17
651,511,1,2,102
651,511,2,2,31
651,511,2,3,2
651,511,3,1,1
651,511,3,2,92
651,511,3,3,2
652,234,0,2,14
652,234,1,2,75
652,234,1,3,1
652,234,2,2,51
652,234,2,3,2
652,234,3,2,56
652,234,3,3,2
652,235,0,2,22
652,235,1,2,53
652,235,1,3,1
652,235,2,1,1
652,235,2,2,86
652,235,2,3,3
652,235,3,2,54
652,235,3,3,1
652,237,0,2,12
652,237,1,2,35
652,237,1,3,2
652,237,2,1,1
652,237,2,2,110
652,237,2,3,2
652,237,3,2,29
652,237,3,3,1
652,347,0,2,8
652,347,1,2,173
652,347,1,3,4
652,347,2,2,15
652,347,3,3,1
652,509,0,2,16
652,509,1,2,34
652,509,1,3,1
652,509,2,2,122
652,509,2,3,3
652,509,3,2,31
652,509,3,3,1
652,510,0,2,17
652,510,1,2,42
652,510,1,3,1
652,510,2,1,1
652,510,2,2,126
652,510,2,3,4
652,510,3,2,31
652,511,0,2,24
652,511,0,3,1
652,511,1,2,81
652,511,1,3,2
652,511,2,1,1
652,511,2,2,45
652,511,2,3,2
652,511,3,2,66
652,651,0,2,20
652,651,0,3,1
652,651,1,1,1
652,651,1,2,41
652,651,1,3,1
652,651,2,2,99
652,651,2,3,1
652,651,3,2,51
652,651,3,3,1
654,278,0,2,10
654,278,1,2,27
654,278,1,3,1
654,278,2,2,167
654,278,2,3,3
654,278,3,2,3
654,532,0,2,8
654,532,1,2,42
654,532,2,1,1
654,532,2,2,181
654,532,2,3,4
654,532,3,2,1
654,560,0,2,14
654,560,1,2,67
654,560,2,1,1
654,560,2,2,151
654,560,2,3,4
654,560,3,2,1
654,623,0,2,15
654,623,0,3,1
654,623,1,2,50
654,623,1,3,1
654,623,2,2,142
654,623,2,3,2
654,623,3,2,6
655,136,0,2,14
655,136,0,3,1
655,136,1,1,1
655,136,1,2,145
655,136,1,3,1
655,136,2,2,16
655,136,3,2,8
656,241,0,2,7
656,241,1,2,28
656,241,1,3,1
656,241,2,2,124
656,241,2,3,3
656,241,3,2,11
656,241,3,3,1
656,242,0,2,3
656,242,1,2,17
656,242,1,3,1
656,242,2,2,78
656,242,3,2,22
656,306,0,2,13
656,306,1,2,21
656,306,1,3,1
656,306,2,2,101
656,306,2,3,1
656,306,3,2,50
656,306,3,3,3
656,307,0,2,12
656,307,1,2,14
656,307,2,2,85
656,307,2,3,4
656,307,3,2,34
656,307,3,3,1
656,536,0,2,6
656,536,1,2,15
656,536,1,3,1
656,536,2,2,61
656,536,2,3,1
656,536,3,2,105
656,536,3,3,3
656,539,0,2,4
656,539,1,2,149
656,539,1,3,5
656,539,2,2,29
656,539,3,2,3
658,108,0,2,2
658,108,1,2,1
658,108,2,1,1
658,108,2,2,241
658,108,2,3,4
659,257,0,2,3
659,257,1,2,160
659,257,1,3,2
659,257,2,2,1
659,257,2,3,1
659,257,3,2,1
659,261,0,2,8
659,261,1,1,1
659,261,1,2,178
659,261,1,3,5
659,261,2,2,9
659,261,3,2,9
659,263,0,2,18
659,263,0,3,1
659,263,1,1,1
659,263,1,2,106
659,263,1,3,3
659,263,2,2,57
659,263,2,3,1
659,263,3,2,2
659,342,0,2,1
659,342,1,1,1
659,342,1,2,191
659,342,1,3,4
659,342,2,2,3
659,343,1,2,192
659,343,1,3,5
659,343,3,2,1
659,448,0,2,32
659,448,1,1,1
659,448,1,2,89
659,448,1,3,1
659,448,2,2,98
659,448,2,3,3
659,448,3,2,6
659,562,0,2,7
659,562,1,2,178
659,562,1,3,5
659,562,2,2,30
660,260,0,2,16
660,260,1,2,65
660,260,1,3,1
660,260,2,1,1
660,260,2,2,128
660,260,2,3,2
660,260,3,2,3
660,342,0,2,5
660,342,1,2,161
660,342,1,3,4
660,342,2,1,1
660,342,2,2,38
660,563,0,2,3
660,563,1,1,1
660,563,1,2,221
660,563,1,3,5
660,563,2,2,7
660,563,3,2,2
663,39,0,2,16
663,39,1,2,188
663,39,1,3,3
663,39,2,2,2
663,39,2,3,1
663,186,0,2,9
663,186,0,3,1
663,186,1,1,1
663,186,1,2,162
663,186,1,3,2
663,186,2,2,40
663,186,3,2,13
663,186,3,3,1
663,325,0,2,2
663,325,1,1,1
663,325,1,2,206
663,325,1,3,4
663,325,2,2,1
663,325,3,2,5
663,329,0,2,8
663,329,1,2,151
663,329,1,3,2
663,329,2,2,21
663,329,3,2,24
663,329,3,3,1
664,39,0,2,7
664,39,0,3,1
664,39,1,2,172
664,39,1,3,2
664,39,2,2,27
664,39,2,3,2
664,186,0,2,17
664,186,1,1,1
664,186,1,2,85
664,186,1,3,2
664,186,2,2,120
664,186,2,3,3
664,186,3,2,2
664,329,0,2,9
664,329,1,2,132
664,329,1,3,2
664,329,2,2,55
664,329,2,3,1
664,329,3,2,8
664,329,3,3,1
664,663,0,2,15
664,663,1,2,44
664,663,1,3,1
664,663,2,1,1
664,663,2,2,173
664,663,2,3,3
664,663,3,2,6
665,186,0,2,14
665,186,1,1,1
665,186,1,2,89
665,186,1,3,2
665,186,2,2,113
665,186,2,3,3
665,186,3,2,8
665,325,0,2,2
665,325,1,1,1
665,325,1,2,204
665,325,1,3,3
665,325,2,2,6
665,325,2,3,1
665,325,3,2,2
665,663,0,2,9
665,663,1,2,41
665,663,2,1,1
665,663,2,2,178
665,663,2,3,4
665,663,3,2,10
670,247,0,2,13
670,247,1,2,51
670,247,1,3,1
670,247,2,1,1
670,247,2,2,136
670,247,3,2,6
670,249,0,2,16
670,249,0,3,1
670,249,1,2,63
670,249,1,3,1
670,249,2,1,1
670,249,2,2,155
670,249,2,3,3
670,249,3,2,3