6,5,0,2,19,252,7
6,5,1,2,165,252,65
6,5,2,2,63,252,25
6,5,2,3,3,252,1
7,5,0,2,18,250,7
7,5,1,2,48,250,19
7,5,2,2,179,250,71
7,5,2,3,4,250,1
7,6,0,2,8,251,3
7,6,1,2,33,251,13
7,6,2,2,203,251,80
7,6,2,3,4,251,1
12,5,0,2,10,228,4
12,5,1,2,38,228,16
12,5,2,2,176,228,77
12,5,2,3,3,228,1
12,6,0,2,6,229,2
12,6,1,2,31,229,13
12,6,2,2,187,229,81
12,6,2,3,4,229,1
12,7,0,2,18,227,7
12,7,1,2,120,227,52
12,7,1,3,3,227,1
12,7,2,2,84,227,37
45,43,0,2,5,210,2
45,43,1,2,12,210,5
45,43,2,2,190,210,90
45,43,2,3,3,210,1
46,43,0,2,15,227,6
46,43,1,2,61,227,26
46,43,2,2,128,227,56
46,43,2,3,4,227,1
46,43,3,2,18,227,7
46,45,0,2,14,209,6
46,45,1,2,153,209,73
46,45,2,2,26,209,12
46,45,3,2,13,209,6
47,43,0,2,14,223,6
47,43,1,2,58,223,26
47,43,2,2,133,223,59
47,43,3,2,13,223,5
47,45,0,2,8,210,3
47,45,1,2,155,210,73
47,45,2,2,16,210,7
47,45,3,2,28,210,13
47,46,0,2,11,222,4
47,46,1,2,79,222,35
47,46,2,2,78,222,35
47,46,3,2,49,222,22
53,5,0,2,14,252,5
53,5,1,2,96,252,38
53,5,2,2,137,252,54
53,5,2,3,4,252,1
53,6,0,2,10,253,3
53,6,1,2,45,253,17
53,6,2,2,191,253,75
53,6,2,3,3,253,1
53,7,0,2,10,251,3
53,7,1,2,178,251,70
53,7,1,3,3,251,1
53,7,2,2,55,251,21
53,12,0,2,14,229,6
53,12,1,2,136,229,59
53,12,2,2,73,229,31
53,12,2,3,3,229,1
54,43,0,2,11,216,5
54,43,1,2,158,216,73
54,43,2,2,40,216,18
54,43,2,3,3,216,1
54,45,0,2,2,198,1
54,45,1,2,192,198,96
54,45,1,3,2,198,1
54,46,0,2,6,214,2
54,46,1,2,180,214,84
54,46,1,3,3,214,1
54,46,2,2,17,214,7
54,46,3,2,6,214,2
54,47,0,2,9,210,4
54,47,1,2,177,210,84
54,47,1,3,3,210,1
54,47,2,2,15,210,7
54,47,3,2,4,210,1
62,5,0,2,9,162,5
62,5,1,2,30,162,18
62,5,1,3,2,162,1
62,5,2,2,118,162,72
62,7,0,2,7,161,4
62,7,1,2,70,161,43
62,7,1,3,4,161,2
62,7,2,2,78,161,48
62,12,0,2,8,145,5
62,12,1,2,64,145,44
62,12,1,3,2,145,1
62,12,2,2,68,145,46
62,53,0,2,3,163,1
62,53,1,2,47,163,28
62,53,1,3,2,163,1
62,53,2,2,107,163,65
62,53,2,3,3,163,1
78,5,0,2,16,251,6
78,5,1,2,78,251,31
78,5,2,2,152,251,60
78,5,2,3,5,251,1
78,7,0,2,24,250,9
78,7,1,2,153,250,61
78,7,1,3,4,250,1
78,7,2,2,67,250,26
78,12,0,2,11,228,4
78,12,1,2,167,228,73
78,12,1,3,4,228,1
78,12,2,2,45,228,19
78,53,0,2,15,252,5
78,53,1,2,108,252,42
78,53,1,3,3,252,1
78,53,2,2,123,252,48
84,2,0,2,5,142,3
84,2,1,2,55,142,38
84,2,2,2,81,142,57
84,11,0,2,11,229,4
84,11,1,2,91,229,39
84,11,1,3,3,229,1
84,11,2,2,122,229,53
102,57,0,2,15,211,7
102,57,1,2,52,211,24
102,57,2,2,142,211,67
106,2,0,2,1,74,1
106,2,1,2,69,74,93
106,2,2,2,4,74,5
106,11,0,2,1,86,1
106,11,1,2,84,86,97
106,11,2,2,1,86,1
106,84,1,2,86,88,97
106,84,2,2,2,88,2
113,112,0,2,18,238,7
113,112,1,2,90,238,37
113,112,1,3,3,238,1
113,112,2,2,125,238,52
114,113,0,2,6,239,2
114,113,1,2,55,239,23
114,113,2,2,173,239,72
114,113,2,3,3,239,1
115,113,0,2,19,214,8
115,113,1,2,90,214,42
115,113,2,2,102,214,47
115,114,0,2,16,222,7
115,114,1,2,157,222,70
115,114,1,3,3,222,1
115,114,2,2,45,222,20
116,114,0,2,16,229,6
116,114,1,2,103,229,44
116,114,2,2,108,229,47
116,115,0,2,19,214,8
116,115,1,2,49,214,22
116,115,2,2,145,214,67
117,114,0,2,9,221,4
117,114,1,2,39,221,17
117,114,2,2,170,221,76
117,115,1,2,18,202,8
117,115,2,2,180,202,89
117,116,0,2,9,210,4
117,116,1,2,27,210,12
117,116,2,2,172,210,81
118,115,0,2,10,195,5
118,115,1,2,45,195,23
118,115,2,2,135,195,69
118,115,2,3,3,195,1
118,116,0,2,14,199,7
118,116,1,2,140,199,70
118,116,2,2,43,199,21
118,117,0,2,9,189,4
118,117,1,2,150,189,79
118,117,2,2,28,189,14
118,117,2,3,2,189,1
125,98,0,2,5,203,2
125,98,1,2,98,203,48
125,98,2,2,91,203,44
125,98,3,2,6,203,2
125,109,0,2,13,182,7
125,109,1,2,75,182,41
125,109,2,2,93,182,51
130,123,0,2,11,187,5
130,123,1,2,63,187,33
130,123,2,2,104,187,55
130,123,3,2,8,187,4
131,108,0,2,1,42,2
131,108,1,2,2,42,4
131,108,2,2,39,42,92
137,136,0,2,12,177,6
137,136,1,2,101,177,57
137,136,2,2,52,177,29
137,136,3,2,9,177,5
144,112,0,2,21,231,9
144,112,1,2,118,231,51
144,112,1,3,3,231,1
144,112,2,2,86,231,37
145,113,0,2,18,230,7
145,113,1,2,75,230,32
145,113,2,2,132,230,57
145,113,2,3,3,230,1
145,144,0,2,13,223,5
145,144,1,2,20,223,8
145,144,2,2,184,223,82
145,144,2,3,4,223,1
146,113,0,2,10,225,4
146,113,1,2,43,225,19
146,113,2,2,168,225,74
146,113,2,3,4,225,1
146,115,0,2,6,225,2
146,115,1,2,51,225,22
146,115,2,2,164,225,72
146,115,2,3,3,225,1
146,116,0,2,15,223,6
146,116,1,2,118,223,52
146,116,2,2,89,223,39
146,117,0,2,12,210,5
146,117,1,2,158,210,75
146,117,2,2,38,210,18
148,5,0,2,5,250,2
148,5,1,2,12,250,4
148,5,2,2,225,250,90
148,5,2,3,4,250,1
148,5,3,2,3,250,1
148,6,0,2,9,251,3
148,6,1,2,16,251,6
148,6,2,2,220,251,87
148,6,2,3,4,251,1
148,7,0,2,18,249,7
148,7,1,2,58,249,23
148,7,2,2,156,249,62
148,7,3,2,11,249,4
148,12,0,2,16,227,7
148,12,1,2,46,227,20
148,12,2,2,160,227,70
148,53,0,2,9,251,3
148,53,1,2,38,251,15
148,53,2,2,197,251,78
148,78,0,2,6,250,2
148,78,1,2,16,250,6
148,78,2,2,222,250,88
148,78,2,3,3,250,1
153,152,0,2,41,252,16
153,152,1,2,39,252,15
153,152,2,2,159,252,63
153,152,3,2,7,252,2
157,148,0,2,16,249,6
157,148,1,2,100,249,40
157,148,2,2,110,249,44
157,148,3,2,17,249,6
165,164,0,2,15,201,7
165,164,1,2,54,201,26
165,164,2,2,120,201,59
165,164,3,2,10,201,4
168,166,0,2,8,187,4
168,166,1,2,7,187,3
168,166,2,2,163,187,87
168,166,2,3,5,187,2
168,166,3,2,4,187,2
175,174,0,2,5,104,4
175,174,1,2,61,104,58
175,174,2,2,37,104,35
178,176,0,2,9,153,5
178,176,1,2,46,153,30
178,176,1,3,2,153,1
178,176,2,2,20,153,13
178,176,3,2,73,153,47
178,176,3,3,2,153,1
186,39,0,2,8,220,3
186,39,1,2,194,220,88
186,39,1,3,3,220,1
186,39,2,2,13,220,5
186,182,0,2,19,237,8
186,182,1,2,117,237,49
186,182,2,2,73,237,30
186,182,3,2,23,237,9
187,38,0,2,11,239,4
187,38,1,2,61,239,25
187,38,2,2,66,239,27
187,38,2,3,3,239,1
187,38,3,2,95,239,39
192,191,1,2,16,140,11
192,191,2,2,42,140,30
192,191,3,2,81,140,57
193,191,1,2,40,141,28
193,191,2,2,8,141,5
193,191,3,2,93,141,65
193,192,0,2,4,229,1
193,192,1,2,89,229,38
193,192,2,2,12,229,5
193,192,3,2,119,229,51
193,192,3,3,3,229,1
194,193,0,2,2,20,10
194,193,1,2,8,20,40
194,193,2,2,3,20,15
194,193,3,2,7,20,35
195,191,1,2,47,135,34
195,191,2,2,9,135,6
195,191,3,2,78,135,57
195,192,0,2,3,179,1
195,192,1,2,67,179,37
195,192,1,3,3,179,1
195,192,2,2,13,179,7
195,192,3,2,91,179,50
196,191,0,2,3,141,2
196,191,1,2,61,141,43
196,191,2,2,4,141,2
196,191,3,2,73,141,51
196,192,0,2,5,221,2
196,192,1,2,110,221,49
196,192,2,2,11,221,4
196,192,3,2,90,221,40
196,192,3,3,4,221,1
197,191,1,2,28,141,19
197,191,2,2,37,141,26
197,191,3,2,75,141,53
197,192,1,2,48,227,21
197,192,2,2,58,227,25
197,192,2,3,3,227,1
197,192,3,2,114,227,50
198,192,1,2,145,230,63
198,192,2,2,7,230,3
198,192,3,2,71,230,30
198,193,0,2,6,246,2
198,193,1,2,72,246,29
198,193,2,2,20,246,8
198,193,3,2,142,246,57
198,193,3,3,3,246,1
198,195,0,2,7,177,3
198,195,1,2,78,177,44
198,195,2,2,4,177,2
198,195,2,3,3,177,1
198,195,3,2,83,177,46
198,196,0,2,7,223,3
198,196,1,2,84,223,37
198,196,2,2,29,223,13
198,196,3,2,98,223,43
198,197,1,2,157,226,69
198,197,3,2,62,226,27
199,192,1,2,27,44,61
199,192,3,2,17,44,38
199,193,0,2,2,44,4
199,193,1,2,1,44,2
199,193,2,2,12,44,27
199,193,3,2,29,44,65
199,195,0,2,1,44,2
199,195,1,2,4,44,9
199,195,2,2,3,44,6
199,195,3,2,36,44,81
199,196,0,2,3,44,6
199,196,1,2,2,44,4
199,196,2,2,7,44,15
199,196,3,2,32,44,72
199,197,0,2,2,44,4
199,197,1,2,25,44,56
199,197,3,2,17,44,38
200,191,1,2,46,141,32
200,191,2,2,9,141,6
200,191,3,2,85,141,60
200,192,0,2,3,232,1
200,192,1,2,59,232,25
200,192,2,2,45,232,19
200,192,3,2,121,232,52
200,198,0,2,3,248,1
200,198,1,2,14,248,5
200,198,2,2,170,248,68
200,198,2,3,3,248,1
200,198,3,2,56,248,22
203,192,0,2,4,228,1
203,192,1,2,154,228,67
203,192,2,2,3,228,1
203,192,3,2,62,228,27
203,193,0,2,3,227,1
203,193,1,2,80,227,35
203,193,2,2,10,227,4
203,193,3,2,129,227,56
203,195,0,2,3,179,1
203,195,1,2,96,179,53
203,195,1,3,2,179,1
203,195,2,2,4,179,2
203,195,3,2,71,179,39
203,195,3,3,2,179,1
203,196,0,2,8,222,3
203,196,1,2,91,222,40
203,196,2,2,22,222,9
203,196,3,2,96,222,43
203,196,3,3,3,222,1
203,197,0,2,3,227,1
203,197,1,2,172,227,75
203,197,1,3,4,227,1
203,197,3,2,47,227,20
203,200,0,2,4,229,1
203,200,1,2,186,229,81
203,200,1,3,4,229,1
203,200,2,2,5,229,2
203,200,3,2,30,229,13
204,192,0,2,4,225,1
204,192,1,2,158,225,70
204,192,2,2,5,225,2
204,192,3,2,53,225,23
204,193,0,2,7,240,2
204,193,1,2,94,240,39
204,193,2,2,17,240,7
204,193,3,2,116,240,48
204,193,3,3,3,240,1
204,195,0,2,4,180,2
204,195,1,2,104,180,57
204,195,2,2,3,180,1
204,195,3,2,64,180,35
204,195,3,3,4,180,2
204,196,0,2,9,226,3
204,196,1,2,117,226,51
204,196,2,2,24,226,10
204,196,3,2,71,226,31
204,196,3,3,3,226,1
204,197,0,2,4,223,1
204,197,1,2,170,223,76
204,197,1,3,4,223,1
204,197,3,2,44,223,19
204,200,0,2,5,244,2
204,200,1,2,217,244,88
204,200,1,3,4,244,1
204,200,3,2,15,244,6
205,193,1,2,20,204,9
205,193,2,2,42,204,20
205,193,2,3,3,204,1
205,193,3,2,134,204,65
205,198,0,2,3,204,1
205,198,1,2,16,204,7
205,198,2,2,89,204,43
205,198,3,2,90,204,44
205,198,3,3,4,204,1
205,200,0,2,10,207,4
205,200,1,2,103,207,49
205,200,2,2,25,207,12
205,200,3,2,64,207,30
205,200,3,3,4,207,1
205,203,1,2,11,189,5
205,203,2,2,104,189,55
205,203,2,3,3,189,1
205,203,3,2,68,189,35
205,204,1,2,14,208,6
205,204,2,2,126,208,60
205,204,2,3,4,208,1
205,204,3,2,60,208,28
206,191,1,2,56,141,39
206,191,2,2,8,141,5
206,191,3,2,77,141,54
206,193,1,2,27,224,12
206,193,2,2,22,224,9
206,193,3,2,169,224,75
206,195,1,2,30,179,16
206,195,2,2,14,179,7
206,195,3,2,129,179,72
206,195,3,3,3,179,1
206,196,1,2,26,219,11
206,196,2,2,38,219,17
206,196,3,2,148,219,67
206,196,3,3,3,219,1
206,197,0,2,3,226,1
206,197,1,2,100,226,44
206,197,1,3,3,226,1
206,197,2,2,3,226,1
206,197,3,2,115,226,50
206,200,0,2,10,225,4
206,200,1,2,138,225,61
206,200,1,3,3,225,1
206,200,2,2,11,225,4
206,200,3,2,62,225,27
206,205,0,2,7,186,3
206,205,1,2,52,186,27
206,205,1,3,3,186,1
206,205,2,2,21,186,11
206,205,3,2,101,186,54
207,191,1,2,25,140,17
207,191,2,2,50,140,35
207,191,3,2,64,140,45
207,192,0,2,3,140,2
207,192,1,2,26,140,18
207,192,2,2,33,140,23
207,192,3,2,78,140,55
207,198,0,2,3,140,2
207,198,2,2,105,140,75
207,198,3,2,32,140,22
207,203,0,2,2,141,1
207,203,2,2,107,141,75
207,203,3,2,32,141,22
207,204,0,2,2,141,1
207,204,2,2,109,141,77
207,204,3,2,30,141,21
207,206,2,2,87,141,61
207,206,3,2,52,141,36
212,103,1,2,9,43,20
212,103,2,2,34,43,79
212,109,0,2,2,41,4
212,109,1,2,18,41,43
212,109,2,2,21,41,51
212,134,0,2,1,41,2
212,134,1,2,6,41,14
212,134,2,2,34,41,82
219,218,0,2,23,245,9
219,218,1,2,70,245,28
219,218,2,2,61,245,24
219,218,3,2,85,245,34
219,218,3,3,3,245,1
225,223,0,2,9,162,5
225,223,1,2,125,162,77
225,223,2,2,21,162,12
225,223,3,2,7,162,4
226,225,0,2,19,224,8
226,225,1,2,108,224,48
226,225,2,2,82,224,36
226,225,3,2,11,224,4
235,234,0,2,18,229,7
235,234,1,2,97,229,42
235,234,2,2,35,229,15
235,234,3,2,74,229,32
236,234,0,2,17,229,7
236,234,1,2,52,229,22
236,234,2,2,131,229,57
236,234,3,2,24,229,10
236,235,0,2,7,228,3
236,235,1,2,14,228,6
236,235,2,2,184,228,80
236,235,2,3,3,228,1
236,235,3,2,18,228,7
237,234,0,2,13,200,6
237,234,1,2,114,200,57
237,234,1,3,2,200,1
237,234,2,2,43,200,21
237,234,3,2,25,200,12
237,234,3,3,2,200,1
237,235,0,2,25,222,11
237,235,1,2,95,222,42
237,235,2,2,63,222,28
237,235,3,2,33,222,14
241,240,0,2,27,202,13
241,240,1,2,81,202,40
241,240,1,3,3,202,1
241,240,2,2,72,202,35
241,240,3,2,17,202,8
242,241,0,2,9,170,5
242,241,1,2,52,170,30
242,241,2,2,97,170,57
242,241,3,2,10,170,5
243,218,0,2,7,224,3
243,218,1,2,17,224,7
243,218,2,2,173,224,77
243,218,2,3,4,224,1
243,218,3,2,22,224,9
243,219,0,2,6,216,2
243,219,1,2,7,216,3
243,219,2,2,195,216,90
243,219,2,3,4,216,1
243,219,3,2,3,216,1
249,247,0,2,24,208,11
249,247,1,2,86,208,41
249,247,2,2,79,208,37
249,247,3,2,17,208,8
249,248,0,2,17,230,7
249,248,1,2,133,230,57
249,248,2,2,58,230,25
249,248,2,3,4,230,1
249,248,3,2,17,230,7
251,248,0,2,23,219,10
251,248,1,2,120,219,54
251,248,2,2,57,219,26
251,248,3,2,16,219,7
251,250,0,2,20,233,8
251,250,1,2,109,233,46
251,250,2,2,33,233,14
251,250,3,2,67,233,28
254,27,0,2,8,226,3
254,27,1,2,49,226,21
254,27,2,2,158,226,69
254,27,2,3,4,226,1
254,27,3,2,6,226,2
259,258,0,2,15,226,6
259,258,1,2,155,226,68
259,258,2,2,51,226,22
259,258,2,3,3,226,1
260,257,0,2,9,174,5
260,257,1,2,134,174,77
260,257,2,2,22,174,12
260,257,3,2,7,174,4
260,259,0,2,17,202,8
260,259,1,2,115,202,56
260,259,2,2,67,202,33
261,257,0,2,7,160,4
261,257,0,3,2,160,1
261,257,1,2,109,160,68
261,257,2,2,30,160,18
261,257,3,2,11,160,6
261,258,0,2,9,205,4
261,258,1,2,57,205,27
261,258,2,2,132,205,64
261,258,2,3,3,205,1
261,259,0,2,4,196,2
261,259,1,2,18,196,9
261,259,2,2,169,196,86
261,259,2,3,5,196,2
263,257,0,2,11,148,7
263,257,1,2,93,148,62
263,257,1,3,2,148,1
263,257,2,2,15,148,10
263,257,3,2,26,148,17
263,259,0,2,9,184,4
263,259,1,2,131,184,71
263,259,1,3,3,184,1
263,259,2,2,39,184,21
263,260,0,2,23,187,12
263,260,1,2,56,187,29
263,260,2,2,75,187,40
263,260,3,2,29,187,15
263,261,0,2,20,181,11
263,261,1,2,106,181,58
263,261,1,3,5,181,2
263,261,2,2,26,181,14
263,261,3,2,23,181,12
267,192,1,2,32,40,80
267,192,2,2,1,40,2
267,192,3,2,7,40,17
267,193,0,2,1,40,2
267,193,1,2,9,40,22
267,193,2,2,5,40,12
267,193,3,2,25,40,62
267,195,1,2,16,40,40
267,195,2,2,3,40,7
267,195,3,2,21,40,52
267,196,0,2,1,40,2
267,196,1,2,12,40,30
267,196,2,2,5,40,12
267,196,3,2,22,40,55
267,197,0,2,1,40,2
267,197,1,2,29,40,72
267,197,2,2,1,40,2
267,197,3,2,9,40,22
267,200,0,2,1,40,2
267,200,1,2,34,40,85
267,200,3,2,5,40,12
267,205,1,2,18,40,45
267,205,2,2,3,40,7
267,205,3,2,19,40,47
267,207,1,2,29,40,72
267,207,2,2,1,40,2
267,207,3,2,10,40,25
268,45,0,2,6,189,3
268,45,1,2,149,189,78
268,45,2,2,4,189,2
268,45,3,2,27,189,14
268,46,0,2,11,205,5
268,46,1,2,96,205,46
268,46,2,2,30,205,14
268,46,3,2,63,205,30
268,47,0,2,11,201,5
268,47,1,2,73,201,36
268,47,2,2,34,201,16
268,47,3,2,78,201,38
268,47,3,3,3,201,1
268,54,0,2,10,230,4
268,54,1,2,49,230,21
268,54,2,2,152,230,66
268,54,3,2,13,230,5
270,114,0,2,5,160,3
270,114,1,2,9,160,5
270,114,2,2,146,160,91
270,115,1,2,10,155,6
270,115,2,2,144,155,92
270,116,1,2,11,163,6
270,116,2,2,151,163,92
270,117,0,2,5,150,3
270,117,1,2,116,150,77
270,117,2,2,29,150,19
270,118,0,2,5,149,3
270,118,1,2,6,149,4
270,118,2,2,138,149,92
270,146,0,2,5,163,3
270,146,1,2,23,163,14
270,146,2,2,135,163,82
272,271,0,2,13,200,6
272,271,1,2,40,200,20
272,271,2,2,113,200,56
272,271,2,3,3,200,1
272,271,3,2,28,200,14
273,271,0,2,19,172,11
273,271,1,2,52,172,30
273,271,2,2,74,172,43
273,271,3,2,24,172,13
273,272,0,2,17,219,7
273,272,1,2,142,219,64
273,272,2,2,47,219,21
273,272,3,2,10,219,4
274,271,0,2,6,184,3
274,271,1,2,15,184,8
274,271,2,2,90,184,48
274,271,2,3,3,184,1
274,271,3,2,68,184,36
274,271,3,3,2,184,1
274,272,0,2,21,230,9
274,272,1,2,95,230,41
274,272,1,3,4,230,1
274,272,2,2,64,230,27
274,272,3,2,45,230,19
275,271,0,2,4,200,2
275,271,1,2,32,200,16
275,271,2,2,65,200,32
275,271,2,3,3,200,1
275,271,3,2,94,200,47
275,272,0,2,27,247,10
275,272,1,2,120,247,48
275,272,1,3,3,247,1
275,272,2,2,47,247,19
275,272,3,2,48,247,19
275,274,0,2,10,233,4
275,274,1,2,110,233,47
275,274,2,2,22,233,9
275,274,3,2,87,233,37
278,276,0,2,21,225,9
278,276,1,2,132,225,58
278,276,1,3,5,225,2
278,276,2,2,34,225,15
278,276,3,2,33,225,14
281,279,0,2,2,184,1
281,279,1,2,176,184,95
281,279,1,3,4,184,2
281,279,2,2,2,184,1
282,116,0,2,4,179,2
282,116,1,2,163,179,91
282,116,2,2,7,179,3
282,116,3,2,3,179,1
282,118,0,2,5,162,3
282,118,1,2,132,162,81
282,118,1,3,4,162,2
282,118,2,2,20,162,12
282,119,0,2,9,166,5
282,119,1,2,94,166,56
282,119,2,2,60,166,36
286,76,2,2,93,102,91
286,76,3,2,8,102,7
288,287,0,2,3,178,1
288,287,1,2,2,178,1
288,287,2,2,169,178,94
288,287,3,2,2,178,1
291,287,0,2,4,226,1
291,287,1,2,14,226,6
291,287,2,2,203,226,89
291,287,2,3,3,226,1
295,290,0,2,15,221,6
295,290,1,2,43,221,19
295,290,2,2,148,221,66
295,290,3,2,10,221,4
298,297,0,2,16,217,7
298,297,1,2,186,217,85
298,297,2,2,10,217,4
299,290,0,2,18,218,8
299,290,1,2,39,218,17
299,290,2,2,154,218,70
299,290,2,3,5,218,2
299,295,0,2,11,218,5
299,295,1,2,153,218,70
299,295,2,2,47,218,21
300,125,0,2,21,214,9
300,125,1,2,82,214,38
300,125,2,2,105,214,49
300,125,3,2,3,214,1
300,212,0,2,2,45,4
300,212,1,2,13,45,28
300,212,2,2,29,45,64
300,212,3,2,1,45,2
303,290,0,2,4,221,1
303,290,1,2,12,221,5
303,290,2,2,200,221,90
303,290,2,3,5,221,2
303,295,0,2,12,216,5
303,295,1,2,54,216,25
303,295,2,2,143,216,66
303,295,2,3,4,216,1
304,106,0,2,8,81,9
304,106,1,2,17,81,20
304,106,2,2,56,81,69
304,111,0,2,6,128,4
304,111,1,2,60,128,46
304,111,2,2,31,128,24
304,111,3,2,31,128,24
304,125,0,2,14,120,11
304,125,1,2,87,120,72
304,125,2,2,13,120,10
304,125,3,2,6,120,5
305,241,0,2,10,202,4
305,241,1,2,148,202,73
305,241,2,2,37,202,18
305,241,2,3,3,202,1
305,242,0,2,4,148,2
305,242,1,2,110,148,74
305,242,2,2,33,148,22
306,241,0,2,10,213,4
306,241,1,2,64,213,30
306,241,1,3,3,213,1
306,241,2,2,131,213,61
306,305,0,2,16,207,7
306,305,1,2,71,207,34
306,305,1,3,3,207,1
306,305,2,2,115,207,55
307,241,0,2,19,199,9
307,241,1,2,53,199,26
307,241,2,2,107,199,53
307,241,2,3,2,199,1
307,241,3,2,14,199,7
307,242,0,2,12,166,7
307,242,1,2,69,166,41
307,242,2,2,61,166,36
307,242,3,2,22,166,13
307,305,0,2,12,177,6
307,305,1,2,62,177,35
307,305,1,3,3,177,1
307,305,2,2,98,177,55
307,305,2,3,2,177,1
307,306,0,2,12,188,6
307,306,1,2,83,188,44
307,306,1,3,3,188,1
307,306,2,2,59,188,31
307,306,3,2,28,188,14
313,2,0,2,6,133,4
313,2,1,2,10,133,7
313,2,2,2,117,133,87
314,140,0,2,7,186,3
314,140,1,2,7,186,3
314,140,1,3,2,186,1
314,140,2,2,166,186,89
314,140,2,3,2,186,1
314,141,0,2,3,239,1
314,141,1,2,37,239,15
314,141,1,3,3,239,1
314,141,2,2,192,239,80
318,18,0,2,13,225,5
318,18,1,2,25,225,11
318,18,2,2,182,225,80
318,18,3,2,3,225,1
318,221,0,2,14,198,7
318,221,1,2,21,198,10
318,221,2,2,146,198,73
318,221,2,3,2,198,1
318,221,3,2,15,198,7
318,222,0,2,10,218,4
318,222,1,2,13,218,5
318,222,2,2,177,218,81
318,222,3,2,17,218,7
318,316,0,2,9,211,4
318,316,1,2,20,211,9
318,316,2,2,174,211,82
318,316,3,2,6,211,2
320,124,0,2,16,213,7
320,124,1,2,85,213,39
320,124,2,2,108,213,50
320,124,2,3,3,213,1
321,18,0,2,20,225,8
321,18,1,2,72,225,32
321,18,2,2,111,225,49
321,18,2,3,3,225,1
321,18,3,2,16,225,7
321,221,0,2,9,220,4
321,221,1,2,19,220,8
321,221,2,2,161,220,73
321,221,2,3,3,220,1
321,221,3,2,25,220,11
321,222,0,2,11,212,5
321,222,1,2,9,212,4
321,222,2,2,160,212,75
321,222,3,2,29,212,13
321,316,0,2,6,208,2
321,316,1,2,4,208,1
321,316,2,2,177,208,85
321,316,2,3,4,208,1
321,316,3,2,15,208,7
321,318,0,2,13,203,6
321,318,1,2,68,203,33
321,318,2,2,116,203,57
321,318,3,2,4,203,1
324,155,1,2,7,208,3
324,155,2,2,196,208,94
324,155,2,3,3,208,1
325,182,0,2,8,227,3
325,182,1,2,17,227,7
325,182,2,2,178,227,78
325,182,3,2,19,227,8
326,99,0,2,7,236,2
326,99,1,2,201,236,85
326,99,1,3,5,236,2
326,99,2,2,22,236,9
328,154,1,2,11,128,8
328,154,2,2,117,128,91
329,39,0,2,19,216,8
329,39,1,2,166,216,76
329,39,2,2,27,216,12
329,186,0,2,20,216,9
329,186,1,2,64,216,29
329,186,2,2,103,216,47
329,186,3,2,25,216,11
331,330,0,2,11,232,4
331,330,1,2,105,232,45
331,330,2,2,110,232,47
333,5,0,2,6,241,2
333,5,1,2,12,241,4
333,5,2,2,218,241,90
333,5,2,3,5,241,2
333,12,0,2,15,218,6
333,12,1,2,47,218,21
333,12,2,2,151,218,69
333,12,2,3,3,218,1
333,148,0,2,14,240,5
333,148,1,2,59,240,24
333,148,2,2,156,240,65
333,148,3,2,5,240,2
333,157,0,2,18,240,7
333,157,1,2,64,240,26
333,157,2,2,140,240,58
333,157,3,2,12,240,5
334,166,0,2,12,211,5
334,166,1,2,28,211,13
334,166,2,2,142,211,67
334,166,2,3,3,211,1
334,166,3,2,24,211,11
334,168,0,2,11,217,5
334,168,1,2,172,217,79
334,168,2,2,23,217,10
334,168,3,2,7,217,3
337,330,1,2,225,242,92
337,330,1,3,4,242,1
337,330,2,2,10,242,4
340,339,0,2,17,213,7
340,339,1,2,77,213,36
340,339,2,2,85,213,39
340,339,2,3,3,213,1
340,339,3,2,30,213,14
342,257,0,2,9,160,5
342,257,1,2,35,160,21
342,257,2,2,114,160,71
342,257,2,3,2,160,1
342,260,0,2,6,206,2
342,260,1,2,6,206,2
342,260,2,2,190,206,92
342,260,2,3,3,206,1
342,263,1,2,2,198,1
342,263,2,2,188,198,94
342,263,2,3,4,198,2
342,263,3,2,2,198,1
343,257,0,2,11,190,5
343,257,1,2,46,190,24
343,257,2,2,122,190,64
343,257,2,3,2,190,1
343,257,3,2,8,190,4
343,260,0,2,4,196,2
343,260,1,2,13,196,6
343,260,2,2,174,196,88
343,260,2,3,2,196,1
343,260,3,2,2,196,1
343,261,0,2,5,190,2
343,261,1,2,18,190,9
343,261,1,3,2,190,1
343,261,2,2,159,190,83
343,261,3,2,3,190,1
343,263,0,2,7,178,3
343,263,1,2,9,178,5
343,263,2,2,147,178,82
343,263,2,3,5,178,2
343,263,3,2,10,178,5
343,342,0,2,11,189,5
343,342,1,2,100,189,52
343,342,2,2,74,189,39
343,342,2,3,2,189,1
346,234,0,2,7,194,3
346,234,1,2,42,194,21
346,234,2,2,131,194,67
346,234,3,2,13,194,6
346,235,0,2,9,193,4
346,235,1,2,19,193,9
346,235,2,2,147,193,76
346,235,3,2,17,193,8
346,237,0,2,16,164,9
346,237,1,2,26,164,15
346,237,2,2,114,164,69
346,237,3,2,7,164,4
347,234,0,2,6,228,2
347,234,1,2,11,228,4
347,234,2,2,205,228,89
347,234,2,3,4,228,1
347,235,0,2,3,227,1
347,235,1,2,4,227,1
347,235,2,2,215,227,94
347,235,2,3,5,227,2
348,234,0,2,11,208,5
348,234,1,2,47,208,22
348,234,2,2,147,208,70
348,235,0,2,13,230,5
348,235,1,2,24,230,10
348,235,2,2,189,230,82
348,236,0,2,8,207,3
348,236,1,2,50,207,24
348,236,2,2,146,207,70
348,237,0,2,9,201,4
348,237,1,2,18,201,8
348,237,2,2,170,201,84
350,349,0,2,3,183,1
350,349,1,2,119,183,65
350,349,2,2,55,183,30
350,349,2,3,3,183,1
350,349,3,2,2,183,1
352,351,0,2,16,212,7
352,351,1,2,130,212,61
352,351,1,3,3,212,1
352,351,2,2,59,212,27
352,351,3,2,3,212,1
354,353,0,2,7,192,3
354,353,1,2,66,192,34
354,353,1,3,3,192,1
354,353,2,2,105,192,54
354,353,2,3,2,192,1
354,353,3,2,9,192,4
357,115,1,2,3,225,1
357,115,2,2,217,225,96
357,115,2,3,4,225,1
357,116,2,2,228,232,98
357,118,0,2,3,213,1
357,118,2,2,204,213,95
357,118,2,3,5,213,2
357,126,0,2,8,201,3
357,126,1,2,68,201,33
357,126,2,2,120,201,59
357,126,3,2,3,201,1
357,270,0,2,9,163,5
357,270,1,2,57,163,34
357,270,2,2,96,163,58
357,282,2,2,194,200,97
357,282,2,3,5,200,2
358,114,0,2,22,242,9
358,114,1,2,62,242,25
358,114,2,2,152,242,62
358,114,2,3,4,242,1
358,115,0,2,15,217,6
358,115,1,2,22,217,10
358,115,2,2,176,217,81
358,115,2,3,4,217,1
358,116,0,2,9,224,4
358,116,1,2,80,224,35
358,116,2,2,132,224,58
358,117,0,2,7,216,3
358,117,1,2,116,216,53
358,117,2,2,90,216,41
358,146,0,2,13,228,5
358,146,1,2,38,228,16
358,146,2,2,172,228,75
358,146,2,3,4,228,1
366,365,0,2,21,183,11
366,365,1,2,128,183,69
366,365,2,2,12,183,6
366,365,3,2,22,183,12
370,369,0,2,16,179,8
370,369,1,2,30,179,16
370,369,2,2,112,179,62
370,369,3,2,19,179,10
375,19,0,2,21,227,9
375,19,1,2,41,227,18
375,19,2,2,151,227,66
375,19,2,3,3,227,1
375,19,3,2,8,227,3
376,19,0,2,5,235,2
376,19,1,2,202,235,85
376,19,1,3,5,235,2
376,19,2,2,15,235,6
376,19,3,2,7,235,2
380,376,1,2,7,232,3
380,376,2,2,215,232,92
380,376,2,3,4,232,1
380,376,3,2,3,232,1
380,378,0,2,18,223,8
380,378,1,2,89,223,39
380,378,1,3,3,223,1
380,378,2,2,107,223,47
380,378,3,2,3,223,1
381,376,0,2,20,234,8
381,376,1,2,114,234,48
381,376,1,3,3,234,1
381,376,2,2,87,234,37
381,376,3,2,8,234,3
381,378,0,2,5,242,2
381,378,1,2,218,242,90
381,378,1,3,4,242,1
381,378,2,2,9,242,3
381,378,3,2,5,242,2
381,380,0,2,6,232,2
381,380,1,2,201,232,86
381,380,1,3,4,232,1
381,380,2,2,9,232,3
381,380,3,2,11,232,4
386,385,0,2,12,222,5
386,385,1,2,85,222,38
386,385,2,2,118,222,53
386,385,2,3,4,222,1
388,386,0,2,13,167,7
388,386,1,2,56,167,33
388,386,1,3,3,167,1
388,386,2,2,92,167,55
388,386,3,2,2,167,1
388,387,0,2,6,171,3
388,387,1,2,144,171,84
388,387,1,3,3,171,1
388,387,2,2,16,171,9
389,386,0,2,11,193,5
389,386,1,2,135,193,69
389,386,1,3,3,193,1
389,386,2,2,38,193,19
389,386,2,3,2,193,1
389,386,3,2,4,193,2
389,387,0,2,4,193,2
389,387,1,2,179,193,92
389,387,1,3,5,193,2
389,387,2,2,4,193,2
397,396,0,2,7,195,3
397,396,1,2,114,195,58
397,396,2,2,61,195,31
397,396,2,3,3,195,1
397,396,3,2,7,195,3
400,170,0,2,16,190,8
400,170,1,2,52,190,27
400,170,1,3,5,190,2
400,170,2,2,111,190,58
400,170,3,2,6,190,3
400,171,0,2,6,217,2
400,171,1,2,20,217,9
400,171,2,2,176,217,81
400,171,3,2,10,217,4
403,163,1,2,192,194,98
404,164,0,2,17,191,8
404,164,1,2,66,191,34
404,164,1,3,3,191,1
404,164,2,2,86,191,45
404,164,3,2,18,191,9
406,227,0,2,25,224,11
406,227,1,2,45,224,20
406,227,2,2,118,224,52
406,227,3,2,31,224,13
407,223,0,2,13,173,7
407,223,1,2,85,173,49
407,223,2,2,63,173,36
407,223,3,2,12,173,6
407,225,0,2,15,228,6
407,225,1,2,43,228,18
407,225,2,2,161,228,70
407,225,2,3,5,228,2
407,225,3,2,4,228,1
407,226,0,2,16,234,6
407,226,1,2,27,234,11
407,226,2,2,170,234,72
407,226,2,3,3,234,1
407,226,3,2,17,234,7
408,223,0,2,10,175,5
408,223,1,2,61,175,34
408,223,2,2,82,175,46
408,223,3,2,22,175,12
408,225,0,2,4,229,1
408,225,1,2,20,229,8
408,225,2,2,191,229,83
408,225,2,3,5,229,2
408,225,3,2,9,229,3
408,226,0,2,7,247,2
408,226,1,2,19,247,7
408,226,2,2,190,247,76
408,226,2,3,3,247,1
408,226,3,2,26,247,10
409,387,0,2,19,214,8
409,387,1,2,139,214,64
409,387,1,3,4,214,1
409,387,2,2,50,214,23
409,388,2,2,188,197,95
409,388,2,3,4,197,2
409,388,3,2,2,197,1
409,389,2,2,204,212,96
409,389,2,3,5,212,2
409,394,0,2,10,229,4
409,394,1,2,20,229,8
409,394,2,2,179,229,78
409,394,2,3,5,229,2
409,394,3,2,14,229,6
410,281,0,2,13,221,5
410,281,1,2,21,221,9
410,281,2,2,159,221,71
410,281,3,2,23,221,10
411,353,0,2,9,200,4
411,353,1,2,88,200,44
411,353,1,3,4,200,2
411,353,2,2,61,200,30
411,353,3,2,37,200,18
411,354,0,2,13,215,6
411,354,1,2,137,215,63
411,354,1,3,3,215,1
411,354,2,2,44,215,20
411,354,3,2,16,215,7
412,353,0,2,7,165,4
412,353,1,2,28,165,16
412,353,1,3,2,165,1
412,353,2,2,108,165,65
412,353,2,3,3,165,1
412,353,3,2,17,165,10
412,354,0,2,6,157,3
412,354,1,2,21,157,13
412,354,2,2,113,157,71
412,354,2,3,3,157,1
412,354,3,2,12,157,7
412,411,0,2,7,165,4
412,411,1,2,5,165,3
412,411,2,2,124,165,75
412,411,2,3,4,165,2
412,411,3,2,24,165,14
415,413,0,2,8,208,3
415,413,1,2,5,208,2
415,413,2,2,114,208,54
415,413,2,3,3,208,1
415,413,3,2,76,208,36
415,414,0,2,6,214,2
415,414,2,2,124,214,57
415,414,2,3,3,214,1
415,414,3,2,79,214,36
419,417,0,2,19,218,8
419,417,1,2,122,218,55
419,417,1,3,3,218,1
419,417,2,2,35,218,16
419,417,3,2,37,218,16
426,43,1,2,212,229,92
426,43,1,3,5,229,2
426,43,2,2,6,229,2
426,43,3,2,4,229,1
426,46,0,2,4,227,1
426,46,1,2,212,227,93
426,46,1,3,5,227,2
426,46,2,2,3,227,1
426,46,3,2,3,227,1
426,47,1,2,205,223,91
426,47,1,3,5,223,2
426,47,2,2,4,223,1
426,47,3,2,8,223,3
426,54,0,2,11,240,4
426,54,1,2,169,240,70
426,54,1,3,5,240,2
426,54,2,2,52,240,21
426,268,0,2,6,231,2
426,268,1,2,196,231,84
426,268,1,3,4,231,1
426,268,2,2,11,231,4
426,268,3,2,12,231,5
427,43,0,2,14,182,7
427,43,1,2,90,182,49
427,43,2,2,72,182,39
427,43,3,2,6,182,3
427,46,0,2,13,181,7
427,46,1,2,108,181,59
427,46,2,2,48,181,26
427,46,3,2,12,181,6
427,47,0,2,13,182,7
427,47,1,2,102,182,56
427,47,2,2,53,182,29
427,47,3,2,14,182,7
427,54,0,2,5,176,2
427,54,1,2,29,176,16
427,54,2,2,141,176,80
427,268,0,2,16,167,9
427,268,1,2,55,167,32
427,268,2,2,80,167,47
427,268,3,2,16,167,9
428,43,0,2,13,182,7
428,43,1,2,90,182,49
428,43,2,2,75,182,41
428,43,3,2,4,182,2
428,45,0,2,3,182,1
428,45,1,2,159,182,87
428,45,2,2,17,182,9
428,45,3,2,3,182,1
428,46,0,2,9,181,4
428,46,1,2,110,181,60
428,46,2,2,53,181,29
428,46,3,2,9,181,4
428,54,0,2,9,174,5
428,54,1,2,15,174,8
428,54,2,2,149,174,85
428,268,0,2,8,165,4
428,268,1,2,64,165,38
428,268,2,2,71,165,43
428,268,3,2,22,165,13
428,426,0,2,2,187,1
428,426,1,2,7,187,3
428,426,2,2,177,187,94
428,427,0,2,16,187,8
428,427,1,2,86,187,45
428,427,2,2,77,187,41
428,427,3,2,8,187,4
429,155,0,2,10,185,5
429,155,1,2,31,185,16
429,155,2,2,142,185,76
429,324,0,2,2,188,1
429,324,1,2,180,188,95
429,324,2,2,5,188,2
436,435,0,2,10,86,11
436,435,1,2,47,86,54
436,435,2,2,13,86,15
436,435,3,2,16,86,18
437,394,0,2,5,242,2
437,394,1,2,10,242,4
437,394,1,3,3,242,1
437,394,2,2,213,242,88
437,394,3,2,8,242,3
437,409,0,2,12,240,5
437,409,1,2,60,240,25
437,409,1,3,3,240,1
437,409,2,2,141,240,58
437,409,3,2,21,240,8
439,168,0,2,7,223,3
439,168,1,2,130,223,58
439,168,2,2,80,223,35
439,168,2,3,3,223,1
439,334,0,2,12,222,5
439,334,1,2,22,222,9
439,334,2,2,177,222,79
439,334,3,2,7,222,3
440,349,0,2,6,231,2
440,349,1,2,174,231,75
440,349,1,3,3,231,1
440,349,2,2,35,231,15
440,349,3,2,11,231,4
440,350,0,2,10,205,4
440,350,1,2,147,205,71
440,350,2,2,38,205,18
440,350,3,2,5,205,2
441,288,0,2,17,192,8
441,288,1,2,87,192,45
441,288,2,2,63,192,32
441,288,3,2,23,192,11
442,376,0,2,35,233,15
442,376,1,2,104,233,44
442,376,2,2,82,233,35
442,376,2,3,3,233,1
442,376,3,2,6,233,2
442,378,0,2,4,229,1
442,378,1,2,208,229,90
442,378,1,3,5,229,2
442,378,2,2,8,229,3
442,378,3,2,3,229,1
442,380,0,2,4,230,1
442,380,1,2,207,230,90
442,380,1,3,5,230,2
442,380,2,2,7,230,3
442,380,3,2,6,230,2
442,381,0,2,26,238,10
442,381,1,2,43,238,18
442,381,2,2,141,238,59
442,381,2,3,3,238,1
442,381,3,2,23,238,9
443,223,0,2,10,172,5
443,223,1,2,150,172,87
443,223,2,2,7,172,4
443,223,3,2,5,172,2
443,225,0,2,13,226,5
443,225,1,2,142,226,62
443,225,1,3,4,226,1
443,225,2,2,59,226,26
443,225,3,2,7,226,3
443,226,0,2,17,244,6
443,226,1,2,148,244,60
443,226,1,3,4,244,1
443,226,2,2,59,244,24
443,226,3,2,15,244,6
444,163,1,2,78,78,100
447,168,0,2,13,222,5
447,168,1,2,137,222,61
447,168,1,3,3,222,1
447,168,2,2,52,222,23
447,168,3,2,16,222,7
447,334,0,2,14,247,5
447,334,1,2,33,247,13
447,334,2,2,111,247,44
447,334,3,2,84,247,34
447,334,3,3,3,247,1
447,439,0,2,24,227,10
447,439,1,2,106,227,46
447,439,1,3,3,227,1
447,439,2,2,88,227,38
447,439,3,2,5,227,2
448,257,0,2,11,189,5
448,257,1,2,163,189,86
448,257,1,3,2,189,1
448,257,2,2,4,189,2
448,257,3,2,9,189,4
448,261,0,2,14,222,6
448,261,1,2,159,222,71
448,261,1,3,4,222,1
448,261,2,2,22,222,9
448,261,3,2,22,222,9
448,263,0,2,7,210,3
448,263,1,2,132,210,62
448,263,1,3,3,210,1
448,263,2,2,8,210,3
448,263,3,2,58,210,27
450,241,0,2,14,224,6
450,241,1,2,30,224,13
450,241,2,2,168,224,75
450,241,2,3,3,224,1
450,241,3,2,6,224,2
450,242,0,2,12,170,7
450,242,1,2,38,170,22
450,242,2,2,95,170,55
450,242,3,2,23,170,13
450,305,0,2,19,229,8
450,305,1,2,48,229,20
450,305,1,3,3,229,1
450,305,2,2,156,229,68
450,306,0,2,22,230,9
450,306,1,2,49,230,21
450,306,2,2,105,230,45
450,306,3,2,48,230,20
450,307,0,2,11,199,5
450,307,1,2,35,199,17
450,307,2,2,99,199,49
450,307,3,2,48,199,24
450,307,3,3,2,199,1
451,284,0,2,12,220,5
451,284,1,2,174,220,79
451,284,1,3,3,220,1
451,284,2,2,17,220,7
451,284,3,2,13,220,5
451,288,0,2,11,175,6
451,288,1,2,126,175,72
451,288,2,2,23,175,13
451,288,3,2,14,175,8
451,441,0,2,18,236,7
451,441,1,2,138,236,58
451,441,1,3,3,236,1
451,441,2,2,27,236,11
451,441,3,2,48,236,20
452,176,0,2,10,239,4
452,176,1,2,80,239,33
452,176,2,2,36,239,15
452,176,3,2,108,239,45
453,234,0,2,1,11,9
453,234,1,2,2,11,18
453,234,2,2,5,11,45
453,234,3,2,3,11,27
453,235,0,2,1,11,9
453,235,2,2,7,11,63
453,235,3,2,3,11,27
453,237,2,2,10,11,90
453,237,3,2,1,11,9
453,346,1,2,1,11,9
453,346,2,2,8,11,72
453,346,3,2,2,11,18
453,347,1,2,7,11,63
453,347,2,2,4,11,36
454,19,0,2,8,235,3
454,19,1,2,184,235,78
454,19,1,3,3,235,1
454,19,2,2,34,235,14
454,19,3,2,3,235,1
454,376,0,2,11,234,4
454,376,1,2,38,234,16
454,376,2,2,173,234,73
454,376,2,3,4,234,1
454,376,3,2,6,234,2
454,380,0,2,16,232,6
454,380,1,2,157,232,67
454,380,1,3,5,232,2
454,380,2,2,48,232,20
454,380,3,2,5,232,2
454,381,0,2,7,234,2
454,381,1,2,42,234,17
454,381,2,2,164,234,70
454,381,2,3,4,234,1
454,381,3,2,16,234,6
454,442,0,2,22,232,9
454,442,1,2,69,232,29
454,442,2,2,127,232,54
454,442,2,3,4,232,1
454,442,3,2,8,232,3
457,98,0,2,8,217,3
457,98,1,2,162,217,74
457,98,1,3,3,217,1
457,98,2,2,41,217,18
457,130,0,2,9,200,4
457,130,1,2,155,200,77
457,130,2,2,34,200,17
458,123,0,2,16,174,9
458,123,1,2,90,174,51
458,123,2,2,58,174,33
458,123,3,2,10,174,5
458,130,0,2,14,187,7
458,130,1,2,113,187,60
458,130,2,2,50,187,26
458,130,3,2,10,187,5
463,136,0,2,13,207,6
463,136,1,2,72,207,34
463,136,2,2,114,207,55
463,136,3,2,4,207,1
464,136,0,2,4,176,2
464,136,1,2,25,176,14
464,136,2,2,142,176,80
464,136,2,3,2,176,1
464,136,3,2,2,176,1
464,463,0,2,9,211,4
464,463,1,2,53,211,25
464,463,2,2,136,211,64
464,463,3,2,10,211,4
465,278,0,2,6,226,2
465,278,1,2,7,226,3
465,278,2,2,198,226,87
465,278,2,3,5,226,2
465,278,3,2,10,226,4
466,278,0,2,15,224,6
466,278,1,2,47,224,20
466,278,2,2,138,224,61
466,278,3,2,19,224,8
470,191,1,2,59,141,41
470,191,2,2,3,141,2
470,191,3,2,79,141,56
470,193,0,2,10,226,4
470,193,1,2,62,226,27
470,193,2,2,27,226,11
470,193,3,2,122,226,53
470,195,0,2,5,180,2
470,195,1,2,98,180,54
470,195,1,3,2,180,1
470,195,2,2,9,180,5
470,195,2,3,2,180,1
470,195,3,2,63,180,35
470,196,0,2,4,220,1
470,196,1,2,38,220,17
470,196,2,2,26,220,11
470,196,3,2,147,220,66
470,196,3,3,4,220,1
470,197,0,2,3,228,1
470,197,1,2,111,228,48
470,197,1,3,3,228,1
470,197,2,2,5,228,2
470,197,3,2,104,228,45
470,200,0,2,10,228,4
470,200,1,2,131,228,57
470,200,1,3,3,228,1
470,200,2,2,13,228,5
470,200,3,2,70,228,30
470,205,1,2,50,187,26
470,205,2,2,13,187,6
470,205,3,2,118,187,63
470,205,3,3,4,187,2
470,207,0,2,3,141,2
470,207,1,2,87,141,61
470,207,2,2,2,141,1
470,207,3,2,49,141,34
471,191,0,2,4,141,2
471,191,1,2,56,141,39
471,191,2,2,2,141,1
471,191,3,2,79,141,56
471,193,0,2,6,238,2
471,193,1,2,36,238,15
471,193,2,2,25,238,10
471,193,3,2,165,238,69
471,193,3,3,3,238,1
471,195,0,2,3,180,1
471,195,1,2,45,180,25
471,195,1,3,2,180,1
471,195,2,2,12,180,6
471,195,3,2,115,180,63
471,195,3,3,2,180,1
471,196,1,2,22,216,10
471,196,2,2,33,216,15
471,196,3,2,155,216,71
471,196,3,3,3,216,1
471,197,1,2,104,218,47
471,197,1,3,4,218,1
471,197,2,2,8,218,3
471,197,3,2,99,218,45
471,198,0,2,5,239,2
471,198,1,2,26,239,10
471,198,2,2,69,239,28
471,198,3,2,133,239,55
471,198,3,3,3,239,1
471,200,0,2,4,242,1
471,200,1,2,134,242,55
471,200,1,3,3,242,1
471,200,2,2,11,242,4
471,200,3,2,88,242,36
471,204,0,2,7,235,2
471,204,1,2,19,235,8
471,204,2,2,96,235,40
471,204,3,2,107,235,45
471,207,0,2,2,141,1
471,207,1,2,82,141,58
471,207,2,2,4,141,2
471,207,3,2,53,141,37
472,191,1,2,58,141,41
472,191,2,2,2,141,1
472,191,3,2,81,141,57
472,192,1,2,95,140,67
472,192,3,2,44,140,31
472,193,1,2,12,141,8
472,193,2,2,13,141,9
472,193,3,2,115,141,81
472,196,0,2,2,141,1
472,196,1,2,15,141,10
472,196,2,2,19,141,13
472,196,3,2,105,141,74
472,197,1,2,63,141,44
472,197,2,2,5,141,3
472,197,3,2,73,141,51
472,200,0,2,4,141,2
472,200,1,2,92,141,65
472,200,2,2,5,141,3
472,200,3,2,40,141,28
472,206,0,2,3,141,2
472,206,1,2,21,141,14
472,206,2,2,13,141,9
472,206,3,2,104,141,73
472,207,1,2,90,140,64
472,207,3,2,48,140,34
472,470,1,2,11,141,7
472,470,2,2,17,141,12
472,470,3,2,113,141,80
472,471,0,2,10,141,7
472,471,1,2,28,141,19
472,471,2,2,44,141,31
472,471,3,2,59,141,41
473,191,1,2,41,141,29
473,191,2,2,7,141,4
473,191,3,2,93,141,65
473,192,0,2,4,232,1
473,192,1,2,80,232,34
473,192,2,2,17,232,7
473,192,3,2,126,232,54
473,192,3,3,3,232,1
473,198,0,2,9,236,3
473,198,1,2,17,236,7
473,198,2,2,93,236,39
473,198,3,2,112,236,47
473,198,3,3,3,236,1
473,203,0,2,6,230,2
473,203,1,2,18,230,7
473,203,2,2,103,230,44
473,203,3,2,98,230,42
473,203,3,3,3,230,1
473,204,0,2,5,230,2
473,204,1,2,13,230,5
473,204,2,2,122,230,53
473,204,3,2,85,230,36
473,204,3,3,3,230,1
473,206,0,2,3,226,1
473,206,1,2,27,226,11
473,206,2,2,45,226,19
473,206,3,2,146,226,64
473,206,3,3,3,226,1
473,470,0,2,7,228,3
473,470,1,2,16,228,7
473,470,2,2,45,228,19
473,470,3,2,155,228,67
473,470,3,3,4,228,1
473,471,1,2,17,228,7
473,471,2,2,35,228,15
473,471,3,2,171,228,75
473,471,3,3,3,228,1
473,472,0,2,2,141,1
473,472,1,2,12,141,8
473,472,2,2,20,141,14
473,472,3,2,107,141,75
474,193,0,2,6,236,2
474,193,1,2,31,236,13
474,193,2,2,36,236,15
474,193,3,2,158,236,66
474,198,0,2,4,237,1
474,198,1,2,15,237,6
474,198,2,2,132,237,55
474,198,3,2,81,237,34
474,198,3,3,3,237,1
474,200,0,2,5,240,2
474,200,1,2,129,240,53
474,200,2,2,28,240,11
474,200,3,2,74,240,30
474,203,1,2,5,218,2
474,203,2,2,132,218,60
474,203,2,3,3,218,1
474,203,3,2,77,218,35
474,204,0,2,3,233,1
474,204,1,2,9,233,3
474,204,2,2,150,233,64
474,204,3,2,66,233,28
474,206,0,2,3,214,1
474,206,1,2,25,214,11
474,206,2,2,59,214,27
474,206,3,2,123,214,57
474,470,0,2,5,217,2
474,470,1,2,14,217,6
474,470,2,2,34,217,15
474,470,3,2,160,217,73
474,470,3,3,3,217,1
474,473,0,2,6,226,2
474,473,1,2,32,226,14
474,473,2,2,36,226,15
474,473,3,2,148,226,65
474,473,3,3,3,226,1
475,191,1,2,12,45,26
475,191,2,2,5,45,11
475,191,3,2,28,45,62
475,193,0,2,5,152,3
475,193,1,2,8,152,5
475,193,2,2,35,152,23
475,193,2,3,3,152,1
475,193,3,2,98,152,64
475,195,0,3,1,90,1
475,195,1,2,5,90,5
475,195,2,2,14,90,15
475,195,2,3,2,90,2
475,195,3,2,66,90,73
475,195,3,3,2,90,2
475,196,0,2,2,130,1
475,196,1,2,4,130,3
475,196,2,2,50,130,38
475,196,3,2,69,130,53
475,196,3,3,3,130,2
475,197,1,2,46,132,34
475,197,2,2,10,132,7
475,197,3,2,70,132,53
475,197,3,3,4,132,3
475,200,0,2,6,156,3
475,200,1,2,49,156,31
475,200,1,3,2,156,1
475,200,2,2,19,156,12
475,200,3,2,77,156,49
475,200,3,3,2,156,1
475,205,0,2,2,112,1
475,205,1,2,13,112,11
475,205,1,3,2,112,1
475,205,2,2,21,112,18
475,205,3,2,70,112,62
475,205,3,3,3,112,2
475,207,1,2,23,46,50
475,207,2,2,1,46,2
475,207,3,2,22,46,47
475,472,1,2,3,45,6
475,472,2,2,10,45,22
475,472,3,2,32,45,71
475,473,0,2,4,142,2
475,473,1,2,12,142,8
475,473,2,2,31,142,21
475,473,2,3,2,142,1
475,473,3,2,90,142,63
475,473,3,3,2,142,1
475,474,0,2,4,145,2
475,474,1,2,19,145,13
475,474,2,2,39,145,26
475,474,3,2,78,145,53
475,474,3,3,2,145,1
476,192,0,2,2,195,1
476,192,1,2,149,195,76
476,192,2,2,2,195,1
476,192,3,2,41,195,21
476,193,0,2,7,194,3
476,193,1,2,58,194,29
476,193,2,2,11,194,5
476,193,3,2,117,194,60
476,195,0,2,2,143,1
476,195,1,2,67,143,46
476,195,2,2,3,143,2
476,195,3,2,70,143,48
476,196,0,2,6,184,3
476,196,1,2,72,184,39
476,196,2,2,14,184,7
476,196,3,2,91,184,49
476,197,0,2,2,192,1
476,197,1,2,147,192,76
476,197,2,2,2,192,1
476,197,3,2,40,192,20
476,200,0,2,3,195,1
476,200,1,2,174,195,89
476,200,2,2,4,195,2
476,200,3,2,14,195,7
476,205,0,2,6,151,3
476,205,1,2,80,151,52
476,205,2,2,12,151,7
476,205,3,2,52,151,34
476,207,0,2,2,141,1
476,207,1,2,108,141,76
476,207,3,2,31,141,21
476,471,0,2,6,186,3
476,471,1,2,75,186,40
476,471,2,2,14,186,7
476,471,3,2,90,186,48
476,473,0,2,11,196,5
476,473,1,2,86,196,43
476,473,2,2,8,196,4
476,473,3,2,90,196,45
476,474,0,2,7,196,3
476,474,1,2,114,196,58
476,474,2,2,14,196,7
476,474,3,2,60,196,30
477,191,1,2,79,141,56
477,191,2,2,2,141,1
477,191,3,2,60,141,42
477,192,1,2,132,193,68
477,192,2,2,2,193,1
477,192,3,2,54,193,27
477,192,3,3,3,193,1
477,193,0,2,3,193,1
477,193,1,2,60,193,31
477,193,2,2,17,193,8
477,193,3,2,108,193,55
477,193,3,3,4,193,2
477,198,0,2,40,192,20
477,198,1,2,38,192,19
477,198,2,2,58,192,30
477,198,3,2,51,192,26
477,198,3,3,2,192,1
477,200,0,2,4,193,2
477,200,1,2,166,193,86
477,200,1,3,4,193,2
477,200,2,2,6,193,3
477,200,3,2,13,193,6
477,204,0,2,50,194,25
477,204,1,2,31,194,15
477,204,2,2,75,194,38
477,204,3,2,33,194,17
477,204,3,3,3,194,1
477,205,1,2,86,187,45
477,205,1,3,2,187,1
477,205,2,2,9,187,4
477,205,3,2,86,187,45
477,205,3,3,2,187,1
477,206,0,2,5,193,2
477,206,1,2,67,193,34
477,206,2,2,12,193,6
477,206,2,3,2,193,1
477,206,3,2,104,193,53
477,206,3,3,2,193,1
477,470,0,2,3,193,1
477,470,1,2,52,193,26
477,470,2,2,18,193,9
477,470,3,2,115,193,59
477,470,3,3,4,193,2
477,471,0,2,4,194,2
477,471,1,2,66,194,34
477,471,1,3,2,194,1
477,471,2,2,12,194,6
477,471,3,2,107,194,55
477,471,3,3,2,194,1
477,472,1,2,55,141,39
477,472,2,2,11,141,7
477,472,3,2,74,141,52
477,474,0,2,3,182,1
477,474,1,2,89,182,48
477,474,2,2,11,182,6
477,474,3,2,75,182,41
477,474,3,3,3,182,1
477,476,0,2,22,157,14
477,476,1,2,49,157,31
477,476,2,2,53,157,33
477,476,3,2,32,157,20
480,176,0,2,7,206,3
480,176,1,2,21,206,10
480,176,2,2,170,206,82
480,176,2,3,4,206,1
480,176,3,2,3,206,1
480,452,0,2,6,218,2
480,452,1,2,8,218,3
480,452,2,2,192,218,88
480,452,2,3,4,218,1
480,452,3,2,6,218,2
481,176,0,2,6,195,3
481,176,1,2,8,195,4
481,176,2,2,172,195,88
481,176,3,2,8,195,4
481,452,2,2,194,206,94
481,452,3,2,7,206,3
481,480,0,2,10,182,5
481,480,1,2,73,182,40
481,480,2,2,91,182,50
481,480,2,3,2,182,1
481,480,3,2,6,182,3
483,174,0,2,11,195,5
483,174,1,2,48,195,24
483,174,2,2,130,195,66
483,174,2,3,4,195,2
483,174,3,2,2,195,1
484,272,0,2,16,225,7
484,272,1,2,69,225,30
484,272,2,2,87,225,38
484,272,3,2,47,225,20
484,273,0,2,10,196,5
484,273,1,2,42,196,21
484,273,2,2,122,196,62
484,273,3,2,19,196,9
484,274,0,2,20,209,9
484,274,1,2,35,209,16
484,274,2,2,60,209,28
484,274,3,2,89,209,42
484,275,0,2,16,224,7
484,275,1,2,49,224,21
484,275,2,2,87,224,38
484,275,3,2,67,224,29
485,174,2,2,205,213,96
485,174,2,3,4,213,1
485,483,0,2,4,194,2
485,483,1,2,2,194,1
485,483,2,2,179,194,92
485,483,2,3,4,194,2
485,483,3,2,5,194,2
486,271,0,2,5,176,2
486,271,1,2,60,176,34
486,271,2,2,15,176,8
486,271,3,2,91,176,51
486,271,3,3,3,176,1
486,273,0,2,21,196,10
486,273,1,2,123,196,62
486,273,2,2,28,196,14
486,273,3,2,22,196,11
486,275,1,2,69,224,30
486,275,2,2,19,224,8
486,275,3,2,132,224,58
487,271,0,2,8,176,4
487,271,1,2,26,176,14
487,271,1,3,2,176,1
487,271,2,2,51,176,28
487,271,3,2,86,176,48
487,271,3,3,2,176,1
487,273,0,2,32,195,16
487,273,1,2,67,195,34
487,273,2,2,67,195,34
487,273,3,2,27,195,13
487,273,3,3,2,195,1
487,275,0,2,7,223,3
487,275,1,2,33,223,14
487,275,2,2,29,223,13
487,275,3,2,150,223,67
487,486,0,2,12,224,5
487,486,1,2,30,224,13
487,486,2,2,55,224,24
487,486,3,2,122,224,54
487,486,3,3,4,224,1
488,272,0,2,13,221,5
488,272,1,2,66,221,29
488,272,2,2,78,221,35
488,272,3,2,59,221,26
488,273,0,2,12,197,6
488,273,1,2,62,197,31
488,273,1,3,2,197,1
488,273,2,2,90,197,45
488,273,3,2,31,197,15
488,275,0,2,6,225,2
488,275,1,2,71,225,31
488,275,1,3,4,225,1
488,275,2,2,43,225,19
488,275,3,2,101,225,44
488,484,0,2,10,198,5
488,484,1,2,58,198,29
488,484,2,2,55,198,27
488,484,2,3,3,198,1
488,484,3,2,70,198,35
488,486,0,2,5,208,2
488,486,1,2,37,208,17
488,486,2,2,67,208,32
488,486,3,2,94,208,45
488,486,3,3,3,208,1
488,487,0,2,7,207,3
488,487,1,2,50,207,24
488,487,2,2,37,207,17
488,487,3,2,108,207,52
488,487,3,3,3,207,1
489,273,0,2,7,198,3
489,273,1,2,13,198,6
489,273,2,2,169,198,85
489,273,3,2,7,198,3
489,488,0,2,19,210,9
489,488,1,2,52,210,24
489,488,1,3,3,210,1
489,488,2,2,93,210,44
489,488,3,2,41,210,19
491,271,0,2,6,196,3
491,271,1,2,35,196,17
491,271,2,2,58,196,29
491,271,3,2,92,196,46
491,271,3,3,2,196,1
491,272,0,2,19,243,7
491,272,1,2,157,243,64
491,272,1,3,3,243,1
491,272,2,2,27,243,11
491,272,3,2,35,243,14
491,273,0,2,12,219,5
491,273,1,2,121,219,55
491,273,2,2,63,219,28
491,273,3,2,21,219,9
491,274,0,2,10,229,4
491,274,1,2,136,229,59
491,274,2,2,11,229,4
491,274,3,2,68,229,29
491,275,0,2,4,248,1
491,275,1,2,58,248,23
491,275,2,2,35,248,14
491,275,3,2,146,248,58
491,484,0,2,16,221,7
491,484,1,2,118,221,53
491,484,1,3,3,221,1
491,484,2,2,20,221,9
491,484,3,2,62,221,28
492,38,0,2,18,222,8
492,38,1,2,48,222,21
492,38,2,2,142,222,63
492,38,2,3,5,222,2
492,38,3,2,9,222,4
492,187,0,2,4,222,1
492,187,1,2,38,222,17
492,187,2,2,156,222,70
492,187,2,3,4,222,1
492,187,3,2,19,222,8
493,187,0,2,15,241,6
493,187,1,2,4,241,1
493,187,2,2,165,241,68
493,187,2,3,4,241,1
493,187,3,2,51,241,21
493,492,0,2,9,224,4
493,492,1,2,29,224,12
493,492,2,2,169,224,75
493,492,2,3,3,224,1
493,492,3,2,12,224,5
495,98,0,2,9,178,5
495,98,1,2,124,178,69
495,98,2,2,35,178,19
495,98,3,2,6,178,3
495,125,0,2,13,168,7
495,125,1,2,129,168,76
495,125,2,2,17,168,10
495,125,3,2,7,168,4
495,130,0,2,10,149,6
495,130,1,2,116,149,77
495,130,2,2,12,149,8
495,130,3,2,11,149,7
495,457,0,2,15,182,8
495,457,1,2,99,182,54
495,457,2,2,62,182,34
495,457,2,3,2,182,1
495,457,3,2,2,182,1
497,111,0,2,17,235,7
497,111,1,2,60,235,25
497,111,2,2,104,235,44
497,111,3,2,48,235,20
497,121,0,2,24,227,10
497,121,1,2,43,227,18
497,121,2,2,119,227,52
497,121,3,2,35,227,15
497,304,0,2,10,118,8
497,304,1,2,18,118,15
497,304,2,2,68,118,57
497,304,3,2,22,118,18
497,495,0,2,6,179,3
497,495,1,2,35,179,19
497,495,1,3,2,179,1
497,495,2,2,106,179,59
497,495,3,2,28,179,15
498,138,0,2,6,208,2
498,138,1,2,22,208,10
498,138,2,2,173,208,83
498,138,2,3,3,208,1
498,312,0,2,8,239,3
498,312,1,2,11,239,4
498,312,2,2,197,239,82
498,312,2,3,4,239,1
498,312,3,2,17,239,7
499,140,0,2,14,184,7
499,140,1,2,108,184,58
499,140,1,3,2,184,1
499,140,2,2,48,184,26
499,140,2,3,3,184,1
499,140,3,2,8,184,4
499,141,0,2,9,221,4
499,141,1,2,180,221,81
499,141,1,3,4,221,1
499,141,2,2,10,221,4
499,141,3,2,16,221,7
499,314,0,2,4,221,1
499,314,1,2,198,221,89
499,314,1,3,3,221,1
499,314,2,2,10,221,4
499,314,3,2,3,221,1
501,431,0,2,13,205,6
501,431,1,2,141,205,68
501,431,2,2,40,205,19
501,431,2,3,3,205,1
501,431,3,2,6,205,2
501,500,0,2,14,235,5
501,500,1,2,38,235,16
501,500,2,2,117,235,49
501,500,2,3,3,235,1
501,500,3,2,60,235,25
502,189,0,2,14,236,5
502,189,1,2,112,236,47
502,189,1,3,5,236,2
502,189,2,2,100,236,42
502,189,3,2,5,236,2
502,455,0,2,19,190,10
502,455,1,2,75,190,39
502,455,1,3,2,190,1
502,455,2,2,87,190,45
502,455,2,3,3,190,1
502,455,3,2,4,190,2
503,502,0,2,23,209,11
503,502,1,2,115,209,55
503,502,2,2,68,209,32
504,365,0,2,24,247,9
504,365,1,2,159,247,64
504,365,2,2,16,247,6
504,365,3,2,42,247,17
504,366,0,2,19,189,10
504,366,1,2,29,189,15
504,366,2,2,98,189,51
504,366,3,2,43,189,22
506,365,0,2,14,244,5
506,365,1,2,163,244,66
506,365,1,3,3,244,1
506,365,2,2,17,244,6
506,365,3,2,44,244,18
506,504,0,2,19,250,7
506,504,1,2,119,250,47
506,504,2,2,40,250,16
506,504,2,3,3,250,1
506,504,3,2,66,250,26
507,366,0,2,14,180,7
507,366,1,2,16,180,8
507,366,2,2,137,180,76
507,366,3,2,13,180,7
507,506,0,2,17,236,7
507,506,1,2,21,236,8
507,506,2,2,167,236,70
507,506,2,3,4,236,1
507,506,3,2,25,236,10
509,234,0,2,14,229,6
509,234,1,2,164,229,71
509,234,1,3,5,229,2
509,234,2,2,20,229,8
509,234,3,2,26,229,11
509,236,0,2,8,228,3
509,236,1,2,198,228,86
509,236,1,3,5,228,2
509,236,2,2,14,228,6
509,236,3,2,3,228,1
509,237,0,2,21,209,10
509,237,1,2,70,209,33
509,237,2,2,90,209,43
509,237,3,2,23,209,11
509,346,0,2,9,193,4
509,346,1,2,158,193,81
509,346,2,2,17,193,8
509,346,3,2,8,193,4
509,348,0,2,3,217,1
509,348,1,2,199,217,91
509,348,2,2,12,217,5
510,236,0,2,11,229,4
510,236,1,2,186,229,81
510,236,1,3,3,229,1
510,236,2,2,16,229,6
510,236,3,2,11,229,4
510,237,0,2,15,223,6
510,237,1,2,84,223,37
510,237,1,3,3,223,1
510,237,2,2,87,223,39
510,237,3,2,31,223,13
510,346,0,2,5,194,2
510,346,1,2,160,194,82
510,346,2,2,21,194,10
510,346,3,2,7,194,3
510,347,0,2,3,228,1
510,347,1,2,217,228,95
510,347,1,3,4,228,1
510,347,2,2,3,228,1
510,348,0,2,4,231,1
510,348,1,2,198,231,85
510,348,2,2,24,231,10
511,234,0,2,10,230,4
511,234,1,2,63,230,27
511,234,2,2,45,230,19
511,234,3,2,107,230,46
511,235,0,2,15,252,5
511,235,1,2,43,252,17
511,235,2,2,59,252,23
511,235,3,2,129,252,51
511,346,0,2,15,194,7
511,346,1,2,108,194,55
511,346,2,2,43,194,22
511,346,3,2,27,194,13
511,509,0,2,14,239,5
511,509,1,2,35,239,14
511,509,2,2,100,239,41
511,509,3,2,85,239,35
511,510,0,2,17,253,6
511,510,1,2,38,253,15
511,510,2,2,127,253,50
511,510,3,2,65,253,25
513,284,0,2,17,229,7
513,284,1,2,151,229,65
513,284,2,2,51,229,22
513,284,3,2,5,229,2
513,287,0,2,9,231,3
513,287,1,2,14,231,6
513,287,2,2,180,231,77
513,287,2,3,4,231,1
513,287,3,2,22,231,9
513,288,0,2,7,192,3
513,288,1,2,129,192,67
513,288,2,2,38,192,19
513,288,3,2,16,192,8
513,451,0,2,26,228,11
513,451,1,2,55,228,24
513,451,2,2,110,228,48
513,451,2,3,3,228,1
513,451,3,2,32,228,14
515,168,0,2,3,172,1
515,168,1,2,154,172,89
515,168,1,3,5,172,2
515,168,2,2,6,172,3
515,168,3,2,4,172,2
515,334,0,2,14,196,7
515,334,1,2,95,196,48
515,334,1,3,3,196,1
515,334,2,2,44,196,22
515,334,3,2,38,196,19
515,439,0,2,5,177,2
515,439,1,2,155,177,87
515,439,1,3,5,177,2
515,439,2,2,9,177,5
515,439,3,2,3,177,1
515,447,1,2,142,201,70
515,447,1,3,4,201,1
515,447,2,2,5,201,2
515,447,3,2,47,201,23
516,166,0,2,3,217,1
516,166,2,2,206,217,94
516,166,2,3,5,217,2
516,334,0,2,13,247,5
516,334,1,2,18,247,7
516,334,2,2,171,247,69
516,334,3,2,40,247,16
516,439,0,2,19,228,8
516,439,1,2,70,228,30
516,439,1,3,4,228,1
516,439,2,2,134,228,58
516,447,0,2,21,252,8
516,447,1,2,30,252,11
516,447,2,2,177,252,70
516,447,3,2,19,252,7
516,515,0,2,3,202,1
516,515,1,2,4,202,1
516,515,2,2,186,202,92
516,515,2,3,5,202,2
516,515,3,2,3,202,1
520,363,0,2,3,221,1
520,363,1,2,206,221,93
520,363,1,3,4,221,1
520,363,2,2,7,221,3
521,394,0,2,11,242,4
521,394,1,2,162,242,66
521,394,1,3,3,242,1
521,394,2,2,62,242,25
521,409,0,2,7,240,2
521,409,1,2,221,240,92
521,409,1,3,4,240,1
521,409,2,2,5,240,2
521,437,0,2,8,253,3
521,437,1,2,228,253,90
521,437,1,3,3,253,1
521,437,2,2,11,253,4
523,386,0,2,6,217,2
523,386,1,2,15,217,6
523,386,2,2,181,217,83
523,386,2,3,4,217,1
523,386,3,2,10,217,4
523,387,0,2,11,222,4
523,387,1,2,178,222,80
523,387,1,3,5,222,2
523,387,2,2,25,222,11
523,387,3,2,3,222,1
523,388,0,2,5,192,2
523,388,1,2,35,192,18
523,388,2,2,144,192,75
523,388,2,3,4,192,2
523,388,3,2,3,192,1
523,389,1,2,4,206,1
523,389,2,2,195,206,94
523,389,2,3,4,206,1
523,409,0,2,5,234,2
523,409,1,2,198,234,84
523,409,1,3,4,234,1
523,409,2,2,16,234,6
523,409,3,2,9,234,3
524,388,0,2,14,187,7
524,388,1,2,110,187,58
524,388,1,3,2,187,1
524,388,2,2,56,187,29
524,388,2,3,2,187,1
524,388,3,2,2,187,1
524,389,0,2,21,202,10
524,389,1,2,61,202,30
524,389,2,2,110,202,54
524,389,2,3,3,202,1
524,389,3,2,4,202,1
524,394,0,2,15,232,6
524,394,1,2,166,232,71
524,394,1,3,3,232,1
524,394,2,2,27,232,11
524,394,3,2,18,232,7
524,409,0,2,6,230,2
524,409,1,2,209,230,90
524,409,1,3,4,230,1
524,409,3,2,7,230,3
524,437,0,2,3,243,1
524,437,1,2,226,243,93
524,437,1,3,3,243,1
524,437,2,2,5,243,2
524,437,3,2,3,243,1
524,521,0,2,15,243,6
524,521,1,2,164,243,67
524,521,1,3,3,243,1
524,521,2,2,57,243,23
524,523,0,2,14,239,5
524,523,1,2,168,239,70
524,523,1,3,4,239,1
524,523,2,2,42,239,17
524,523,3,2,9,239,3
525,164,0,2,6,203,2
525,164,1,2,39,203,19
525,164,2,2,135,203,66
525,164,2,3,4,203,1
525,164,3,2,19,203,9
525,165,0,2,14,235,5
525,165,1,2,97,235,41
525,165,2,2,100,235,42
525,165,3,2,21,235,8
525,404,0,2,16,227,7
525,404,1,2,51,227,22
525,404,2,2,104,227,45
525,404,2,3,4,227,1
525,404,3,2,51,227,22
526,164,0,2,26,179,14
526,164,1,2,55,179,30
526,164,2,2,67,179,37
526,164,2,3,3,179,1
526,164,3,2,28,179,15
526,165,0,2,9,218,4
526,165,1,2,88,218,40
526,165,2,2,38,218,17
526,165,3,2,79,218,36
526,404,0,2,12,199,6
526,404,1,2,36,199,18
526,404,2,2,66,199,33
526,404,3,2,81,199,40
526,404,3,3,3,199,1
526,525,0,2,23,214,10
526,525,1,2,57,214,26
526,525,2,2,46,214,21
526,525,3,2,84,214,39
527,165,0,2,19,242,7
527,165,1,2,150,242,61
527,165,2,2,38,242,15
527,165,3,2,31,242,12
527,404,0,2,9,223,4
527,404,1,2,122,223,54
527,404,1,3,4,223,1
527,404,2,2,31,223,13
527,404,3,2,57,223,25
527,525,0,2,14,238,5
527,525,1,2,147,238,61
527,525,1,3,3,238,1
527,525,2,2,33,238,13
527,525,3,2,40,238,16
527,526,0,2,10,222,4
527,526,1,2,162,222,72
527,526,1,3,4,222,1
527,526,2,2,7,222,3
527,526,3,2,38,222,17
528,136,0,2,16,201,7
528,136,1,2,71,201,35
528,136,2,2,108,201,53
528,464,0,2,16,205,7
528,464,1,2,131,205,63
528,464,2,2,46,205,22
528,464,3,2,9,205,4
529,297,0,2,15,217,6
529,297,1,2,187,217,86
529,297,2,2,9,217,4
530,290,0,2,18,250,7
530,290,1,2,130,250,52
530,290,1,3,3,250,1
530,290,2,2,73,250,29
530,290,3,2,23,250,9
530,295,0,2,3,221,1
530,295,1,2,206,221,93
530,295,1,3,4,221,1
530,295,3,2,6,221,2
530,298,0,2,15,250,6
530,298,1,2,96,250,38
530,298,1,3,3,250,1
530,298,2,2,29,250,11
530,298,3,2,104,250,41
530,299,0,2,6,218,2
530,299,1,2,194,218,88
530,299,1,3,5,218,2
530,299,2,2,11,218,5
530,303,1,2,211,221,95
530,303,1,3,4,221,1
530,303,2,2,3,221,1
530,529,0,2,20,242,8
530,529,1,2,89,242,36
530,529,1,3,3,242,1
530,529,2,2,43,242,17
530,529,3,2,84,242,34
532,276,0,2,8,230,3
532,276,1,2,176,230,76
532,276,1,3,4,230,1
532,276,2,2,28,230,12
532,276,3,2,13,230,5
532,465,0,2,3,228,1
532,465,1,2,216,228,94
532,465,1,3,5,228,2
532,465,2,2,4,228,1
532,466,0,2,7,232,3
532,466,1,2,180,232,77
532,466,1,3,3,232,1
532,466,2,2,32,232,13
532,466,3,2,8,232,3
534,103,0,2,17,230,7
534,103,1,2,54,230,23
534,103,1,3,3,230,1
534,103,2,2,149,230,64
534,103,3,2,5,230,2
534,109,0,2,10,197,5
534,109,1,2,126,197,63
534,109,2,2,61,197,30
534,134,0,2,15,226,6
534,134,1,2,61,226,26
534,134,2,2,144,226,63
534,300,0,2,16,232,6
534,300,1,2,150,232,64
534,300,2,2,59,232,25
534,300,3,2,3,232,1
536,241,0,2,15,205,7
536,241,1,2,39,205,19
536,241,2,2,134,205,65
536,241,2,3,4,205,1
536,241,3,2,12,205,5
536,242,0,2,5,151,3
536,242,1,2,38,151,25
536,242,2,2,88,151,58
536,242,3,2,19,151,12
536,305,0,2,18,228,7
536,305,1,2,88,228,38
536,305,1,3,3,228,1
536,305,2,2,117,228,51
536,306,0,2,18,211,8
536,306,1,2,48,211,22
536,306,2,2,81,211,38
536,306,3,2,59,211,27
536,306,3,3,3,211,1
536,450,0,2,25,234,10
536,450,1,2,57,234,24
536,450,2,2,47,234,20
536,450,3,2,100,234,42
537,241,0,2,18,224,8
537,241,1,2,28,224,12
537,241,2,2,159,224,70
537,241,2,3,3,224,1
537,241,3,2,13,224,5
537,242,0,2,10,170,5
537,242,1,2,61,170,35
537,242,2,2,82,170,48
537,242,3,2,15,170,8
537,305,0,2,9,229,3
537,305,1,2,40,229,17
537,305,2,2,175,229,76
537,305,2,3,4,229,1
537,306,0,2,11,230,4
537,306,1,2,87,230,37
537,306,1,3,3,230,1
537,306,2,2,96,230,41
537,306,3,2,30,230,13
537,307,0,2,17,199,8
537,307,1,2,58,199,29
537,307,2,2,87,199,43
537,307,2,3,3,199,1
537,307,3,2,31,199,15
537,307,3,3,2,199,1
537,536,0,2,13,234,5
537,536,1,2,124,234,52
537,536,1,3,3,234,1
537,536,2,2,52,234,22
537,536,3,2,40,234,17
538,241,0,2,24,223,10
538,241,1,2,87,223,39
538,241,1,3,3,223,1
538,241,2,2,62,223,27
538,241,3,2,45,223,20
538,242,0,2,16,169,9
538,242,1,2,79,169,46
538,242,2,2,36,169,21
538,242,3,2,37,169,21
538,306,0,2,6,229,2
538,306,1,2,148,229,64
538,306,1,3,4,229,1
538,306,2,2,26,229,11
538,306,3,2,44,229,19
538,307,0,2,13,198,6
538,307,1,2,83,198,41
538,307,1,3,3,198,1
538,307,2,2,28,198,14
538,307,3,2,69,198,34
538,450,0,2,11,252,4
538,450,1,2,168,252,66
538,450,1,3,3,252,1
538,450,2,2,11,252,4
538,450,3,2,57,252,22
538,536,0,2,10,233,4
538,536,1,2,142,233,60
538,536,2,2,9,233,3
538,536,3,2,68,233,29
538,536,3,3,3,233,1
538,537,0,2,8,252,3
538,537,1,2,131,252,51
538,537,2,2,52,252,20
538,537,3,2,56,252,22
539,450,0,2,10,238,4
539,450,1,2,42,238,17
539,450,2,2,179,238,75
539,450,2,3,3,238,1
539,538,0,2,3,237,1
539,538,1,2,6,237,2
539,538,2,2,223,237,94
539,538,2,3,4,237,1
541,234,0,2,18,229,7
541,234,1,2,65,229,28
541,234,1,3,3,229,1
541,234,2,2,124,229,54
541,234,3,2,17,229,7
541,235,0,2,15,251,5
541,235,1,2,26,251,10
541,235,2,2,190,251,75
541,235,3,2,14,251,5
541,236,0,2,15,228,6
541,236,1,2,95,228,41
541,236,2,2,99,228,43
541,236,3,2,14,228,6
541,348,0,2,12,230,5
541,348,1,2,138,230,60
541,348,2,2,77,230,33
541,509,0,2,8,238,3
541,509,1,2,24,238,10
541,509,2,2,193,238,81
541,509,2,3,5,238,2
541,509,3,2,8,238,3
541,510,0,2,8,252,3
541,510,1,2,35,252,13
541,510,2,2,199,252,78
541,510,2,3,4,252,1
541,510,3,2,4,252,1
541,511,0,2,19,252,7
541,511,1,2,15,252,5
541,511,2,2,197,252,78
541,511,2,3,4,252,1
541,511,3,2,15,252,5
546,9,0,2,3,62,4
546,9,1,2,6,62,9
546,9,2,2,53,62,85
547,278,0,2,15,226,6
547,278,1,2,49,226,21
547,278,1,3,5,226,2
547,278,2,2,144,226,63
547,278,3,2,13,226,5
547,532,0,2,12,252,4
547,532,1,2,53,252,21
547,532,2,2,174,252,69
547,532,2,3,3,252,1
547,532,3,2,7,252,2
548,278,0,2,12,226,5
548,278,1,2,74,226,32
548,278,1,3,3,226,1
548,278,2,2,127,226,56
548,278,3,2,8,226,3
548,532,0,2,18,252,7
548,532,1,2,63,252,25
548,532,2,2,161,252,63
548,532,2,3,4,252,1
548,532,3,2,4,252,1
551,415,0,2,9,214,4
551,415,1,2,104,214,48
551,415,2,2,4,214,1
551,415,3,2,92,214,42
552,419,0,2,18,205,8
552,419,1,2,43,205,20
552,419,2,2,109,205,53
552,419,2,3,3,205,1
552,419,3,2,31,205,15
554,279,0,2,5,210,2
554,279,1,2,178,210,84
554,279,2,2,3,210,1
554,279,3,2,19,210,9
554,281,0,2,3,200,1
554,281,1,2,10,200,5
554,281,2,2,164,200,82
554,281,2,3,4,200,2
554,281,3,2,19,200,9
555,248,0,2,25,229,10
555,248,1,2,64,229,27
555,248,2,2,100,229,43
555,248,2,3,3,229,1
555,248,3,2,35,229,15
555,249,0,2,15,252,5
555,249,1,2,48,252,19
555,249,1,3,3,252,1
555,249,2,2,84,252,33
555,249,3,2,99,252,39
555,251,0,2,14,241,5
555,251,1,2,47,241,19
555,251,2,2,125,241,51
555,251,3,2,51,241,21
556,222,0,2,23,236,9
556,222,1,2,83,236,35
556,222,2,2,62,236,26
556,222,3,2,66,236,27
556,318,0,2,11,227,4
556,318,1,2,189,227,83
556,318,2,2,12,227,5
556,318,3,2,14,227,6
556,321,0,2,12,227,5
556,321,1,2,177,227,77
556,321,2,2,9,227,3
556,321,3,2,24,227,10
557,222,0,2,18,217,8
557,222,1,2,67,217,30
557,222,2,2,56,217,25
557,222,3,2,74,217,34
557,318,0,2,14,202,6
557,318,1,2,165,202,81
557,318,2,2,10,202,4
557,318,3,2,12,202,5
557,321,0,2,15,204,7
557,321,1,2,130,204,63
557,321,1,3,3,204,1
557,321,2,2,22,204,10
557,321,3,2,32,204,15
557,556,0,2,3,227,1
557,556,1,2,6,227,2
557,556,2,2,129,227,56
557,556,2,3,4,227,1
557,556,3,2,84,227,37
558,221,0,2,10,156,6
558,221,1,2,62,156,39
558,221,2,2,33,156,21
558,221,3,2,51,156,32
558,222,0,2,15,185,8
558,222,1,2,94,185,50
558,222,2,2,32,185,17
558,222,3,2,44,185,23
558,318,0,2,5,184,2
558,318,1,2,163,184,88
558,318,2,2,5,184,2
558,318,3,2,11,184,5
558,321,0,2,2,161,1
558,321,1,2,148,161,91
558,321,2,2,2,161,1
558,321,3,2,9,161,5
558,556,0,2,4,186,2
558,556,1,2,66,186,35
558,556,2,2,39,186,20
558,556,3,2,77,186,41
559,278,0,2,17,189,8
559,278,1,2,47,189,24
559,278,2,2,52,189,27
559,278,3,2,73,189,38
559,532,0,2,26,215,12
559,532,1,2,78,215,36
559,532,2,2,60,215,27
559,532,3,2,50,215,23
560,276,0,2,10,225,4
560,276,1,2,105,225,46
560,276,1,3,4,225,1
560,276,2,2,90,225,40
560,276,3,2,16,225,7
560,465,0,2,6,223,2
560,465,1,2,170,223,76
560,465,1,3,4,223,1
560,465,2,2,35,223,15
560,465,3,2,8,223,3
560,466,0,2,16,227,7
560,466,1,2,128,227,56
560,466,1,3,3,227,1
560,466,2,2,73,227,32
560,466,3,2,6,227,2
560,532,0,2,11,246,4
560,532,1,2,68,246,27
560,532,2,2,151,246,61
560,532,2,3,3,246,1
560,532,3,2,11,246,4
560,547,0,2,13,247,5
560,547,1,2,124,247,50
560,547,1,3,3,247,1
560,547,2,2,103,247,41
560,548,0,2,18,247,7
560,548,1,2,119,247,48
560,548,2,2,100,247,40
560,548,3,2,5,247,2
560,559,0,2,17,216,7
560,559,1,2,34,216,15
560,559,2,2,112,216,51
560,559,3,2,52,216,24
562,263,0,2,22,200,11
562,263,1,2,49,200,24
562,263,2,2,57,200,28
562,263,2,3,2,200,1
562,263,3,2,67,200,33
562,263,3,3,3,200,1
562,448,0,2,15,241,6
562,448,1,2,14,241,5
562,448,2,2,168,241,69
562,448,3,2,40,241,16
563,257,0,2,3,189,1
563,257,1,2,5,189,2
563,257,2,2,169,189,89
563,257,2,3,2,189,1
563,257,3,2,9,189,4
563,259,2,2,217,225,96
563,259,2,3,5,225,2
563,263,2,2,199,210,94
563,263,2,3,5,210,2
563,263,3,2,3,210,1
563,342,0,2,9,221,4
563,342,1,2,29,221,13
563,342,2,2,178,221,80
563,342,2,3,4,221,1
563,343,0,2,5,219,2
563,343,1,2,17,219,7
563,343,2,2,189,219,86
563,343,2,3,4,219,1
563,343,3,2,3,219,1
564,258,0,2,17,235,7
564,258,1,2,100,235,42
564,258,2,2,112,235,47
564,258,2,3,4,235,1
564,260,0,2,20,229,8
564,260,1,2,63,229,27
564,260,2,2,133,229,58
564,260,3,2,9,229,3
564,261,0,2,15,223,6
564,261,1,2,113,223,50
564,261,1,3,4,223,1
564,261,2,2,80,223,35
564,261,3,2,9,223,4
564,263,0,2,11,211,5
564,263,1,2,35,211,16
564,263,2,2,111,211,52
564,263,2,3,3,211,1
564,263,3,2,48,211,22
564,563,0,2,3,252,1
564,563,1,2,240,252,95
564,563,1,3,4,252,1
565,219,0,2,17,194,8
565,219,1,2,39,194,20
565,219,2,2,87,194,44
565,219,3,2,51,194,26
569,349,0,2,4,216,1
569,349,1,2,200,216,92
569,349,2,2,9,216,4
569,350,0,2,5,190,2
569,350,1,2,154,190,81
569,350,2,2,28,190,14
569,440,0,2,22,238,9
569,440,1,2,76,238,31
569,440,2,2,129,238,54
569,440,3,2,8,238,3
570,29,0,2,21,215,9
570,29,1,2,91,215,42
570,29,2,2,59,215,27
570,29,3,2,39,215,18
570,266,0,2,16,229,6
570,266,1,2,45,229,19
570,266,2,2,95,229,41
570,266,3,2,69,229,30
570,424,0,2,4,230,1
570,424,1,2,181,230,78
570,424,2,2,14,230,6
570,424,3,2,27,230,11
573,57,0,2,14,217,6
573,57,1,2,88,217,40
573,57,1,3,3,217,1
573,57,2,2,108,217,49
573,102,0,2,9,207,4
573,102,1,2,122,207,58
573,102,2,2,74,207,35
573,313,1,2,209,222,94
573,313,1,3,5,222,2
573,313,2,2,5,222,2
574,9,0,2,9,86,10
574,9,1,2,14,86,16
574,9,2,2,63,86,73
574,546,0,2,8,209,3
574,546,1,2,72,209,34
574,546,2,2,120,209,57
574,546,2,3,3,209,1
574,546,3,2,3,209,1
576,191,0,2,3,141,2
576,191,1,2,71,141,50
576,191,2,2,2,141,1
576,191,3,2,65,141,46
576,193,0,2,8,248,3
576,193,1,2,56,248,22
576,193,2,2,19,248,7
576,193,3,2,159,248,64
576,195,0,2,5,180,2
576,195,1,2,65,180,36
576,195,1,3,3,180,1
576,195,2,2,11,180,6
576,195,3,2,94,180,52
576,196,0,2,6,226,2
576,196,1,2,36,226,15
576,196,2,2,42,226,18
576,196,3,2,137,226,60
576,197,0,2,4,228,1
576,197,1,2,142,228,62
576,197,1,3,4,228,1
576,197,2,2,3,228,1
576,197,3,2,74,228,32
576,200,0,2,6,252,2
576,200,1,2,184,252,73
576,200,1,3,4,252,1
576,200,2,2,16,252,6
576,200,3,2,41,252,16
576,206,0,2,5,226,2
576,206,1,2,41,226,18
576,206,1,3,3,226,1
576,206,2,2,32,226,14
576,206,3,2,143,226,63
576,207,0,2,4,141,2
576,207,1,2,104,141,73
576,207,3,2,32,141,22
576,470,0,2,8,229,3
576,470,1,2,37,229,16
576,470,2,2,19,229,8
576,470,3,2,160,229,69
576,470,3,3,4,229,1
576,472,0,2,3,141,2
576,472,1,2,28,141,19
576,472,2,2,14,141,9
576,472,3,2,96,141,68
576,473,0,2,9,238,3
576,473,1,2,68,238,28
576,473,2,2,18,238,7
576,473,3,2,138,238,57
576,477,0,2,5,194,2
576,477,1,2,21,194,10
576,477,1,3,2,194,1
576,477,2,2,89,194,45
576,477,3,2,74,194,38
576,477,3,3,2,194,1
577,297,0,2,5,114,4
577,297,1,2,79,114,69
577,297,2,2,29,114,25
577,298,0,2,4,114,3
577,298,1,2,3,114,2
577,298,2,2,107,114,93
577,529,0,2,7,114,6
577,529,1,2,11,114,9
577,529,2,2,96,114,84
578,255,0,2,13,213,6
578,255,1,2,167,213,78
578,255,1,3,4,213,1
578,255,2,2,17,213,7
578,255,3,2,11,213,5
578,399,0,2,3,218,1
578,399,1,2,187,218,85
578,399,1,3,4,218,1
578,399,2,2,19,218,8
578,399,3,2,4,218,1
579,255,0,2,9,185,4
579,255,1,2,135,185,72
579,255,1,3,4,185,2
579,255,2,2,18,185,9
579,255,3,2,18,185,9
579,399,0,2,4,190,2
579,399,1,2,163,190,85
579,399,1,3,3,190,1
579,399,2,2,14,190,7
579,399,2,3,2,190,1
579,399,3,2,4,190,2
581,255,0,2,12,194,6
581,255,1,2,128,194,65
581,255,1,3,5,194,2
581,255,2,2,22,194,11
581,255,3,2,27,194,13
581,399,0,2,4,199,2
581,399,1,2,173,199,86
581,399,1,3,3,199,1
581,399,2,2,12,199,6
581,399,2,3,2,199,1
581,399,3,2,5,199,2
581,578,0,2,18,222,8
581,578,1,2,61,222,27
581,578,2,2,107,222,48
581,578,2,3,3,222,1
581,578,3,2,30,222,13
581,579,0,2,22,199,11
581,579,1,2,39,199,19
581,579,2,2,84,199,42
581,579,3,2,48,199,24
581,579,3,3,2,199,1
583,2,0,2,10,144,6
583,2,1,2,32,144,22
583,2,2,2,101,144,70
586,584,0,2,10,250,4
586,584,1,2,19,250,7
586,584,2,2,215,250,86
586,584,2,3,3,250,1
586,585,0,2,19,250,7
586,585,1,2,78,250,31
586,585,2,2,128,250,51
586,585,3,2,19,250,7
587,584,0,2,7,202,3
587,584,1,2,33,202,16
587,584,2,2,161,202,79
587,585,0,2,5,202,2
587,585,1,2,112,202,55
587,585,2,2,82,202,40
587,586,0,2,6,199,3
587,586,1,2,140,199,70
587,586,2,2,48,199,24
587,586,3,2,4,199,2
588,587,0,2,4,201,1
588,587,1,2,16,201,7
588,587,2,2,180,201,89
589,584,0,2,10,200,5
589,584,1,2,82,200,41
589,584,1,3,2,200,1
589,584,2,2,102,200,51
589,584,2,3,3,200,1
589,585,0,2,16,200,8
589,585,1,2,95,200,47
589,585,2,2,79,200,39
589,585,2,3,4,200,2
589,585,3,2,4,200,2
589,586,0,2,11,199,5
589,586,1,2,102,199,51
589,586,2,2,79,199,39
589,586,2,3,3,199,1
589,588,1,2,187,199,93
589,588,1,3,4,199,2
589,588,2,2,4,199,2
591,229,0,2,13,162,8
591,229,1,2,36,162,22
591,229,1,3,2,162,1
591,229,2,2,67,162,41
591,229,3,2,42,162,25
596,422,0,2,11,251,4
596,422,1,2,167,251,66
596,422,1,3,3,251,1
596,422,2,2,63,251,25
596,422,3,2,4,251,1
596,423,0,2,16,252,6
596,423,1,2,144,252,57
596,423,1,3,3,252,1
596,423,2,2,83,252,32
596,423,3,2,3,252,1
597,29,0,2,14,182,7
597,29,1,2,140,182,76
597,29,1,3,2,182,1
597,29,2,2,14,182,7
597,29,3,2,10,182,5
597,266,0,2,8,216,3
597,266,1,2,158,216,73
597,266,2,2,24,216,11
597,266,3,2,22,216,10
598,355,0,2,12,220,5
598,355,1,2,102,220,46
598,355,1,3,4,220,1
598,355,2,2,101,220,45
600,98,0,2,12,223,5
600,98,1,2,125,223,56
600,98,1,3,4,223,1
600,98,2,2,75,223,33
600,98,3,2,6,223,2
600,130,0,2,14,194,7
600,130,1,2,135,194,69
600,130,2,2,37,194,19
600,130,3,2,7,194,3
600,457,0,2,22,225,9
600,457,1,2,70,225,31
600,457,2,2,127,225,56
600,457,2,3,4,225,1
600,497,0,2,14,221,6
600,497,1,2,143,221,64
600,497,2,2,55,221,24
600,497,3,2,4,221,1
602,176,0,2,8,228,3
602,176,1,2,174,228,76
602,176,1,3,4,228,1
602,176,2,2,6,228,2
602,176,3,2,35,228,15
602,452,0,2,3,239,1
602,452,1,2,166,239,69
602,452,1,3,3,239,1
602,452,2,2,8,239,3
602,452,3,2,57,239,23
602,480,1,2,201,208,96
602,480,1,3,4,208,1
602,481,1,2,203,207,98
603,176,0,2,11,232,4
603,176,1,2,54,232,23
603,176,2,2,154,232,66
603,176,3,2,9,232,3
603,481,0,2,8,188,4
603,481,1,2,147,188,78
603,481,2,2,29,188,15
603,481,3,2,4,188,2
603,602,2,2,211,222,95
603,602,2,3,3,222,1
603,602,3,2,4,222,1
604,273,0,2,5,215,2
604,273,1,2,23,215,10
604,273,2,2,182,215,84
604,275,0,2,19,243,7
604,275,1,2,15,243,6
604,275,2,2,200,243,82
604,275,2,3,3,243,1
604,275,3,2,4,243,1
604,488,0,2,14,218,6
604,488,1,2,46,218,21
604,488,2,2,147,218,67
604,488,3,2,6,218,2
604,489,0,2,13,218,5
604,489,1,2,83,218,38
604,489,2,2,116,218,53
604,489,2,3,3,218,1
605,273,0,2,19,212,8
605,273,1,2,58,212,27
605,273,2,2,111,212,52
605,273,3,2,22,212,10
605,275,0,2,11,241,4
605,275,1,2,50,241,20
605,275,2,2,60,241,24
605,275,3,2,115,241,47
605,488,0,2,14,215,6
605,488,1,2,48,215,22
605,488,1,3,3,215,1
605,488,2,2,62,215,28
605,488,3,2,87,215,40
605,489,0,2,20,223,8
605,489,1,2,95,223,42
605,489,1,3,3,223,1
605,489,2,2,59,223,26
605,489,3,2,45,223,20
605,604,0,2,24,232,10
605,604,1,2,156,232,67
605,604,1,3,3,232,1
605,604,2,2,44,232,18
605,604,3,2,3,232,1
607,362,1,2,215,223,96
607,362,1,3,4,223,1
607,363,1,2,215,221,97
607,363,1,3,4,221,1
607,520,0,2,10,249,4
607,520,1,2,160,249,64
607,520,2,2,73,249,29
607,520,2,3,3,249,1
608,492,1,2,72,100,72
608,492,1,3,4,100,4
608,492,2,2,15,100,15
608,492,3,2,9,100,9
609,27,0,2,12,226,5
609,27,1,2,92,226,40
609,27,2,2,110,226,48
609,27,2,3,3,226,1
609,27,3,2,7,226,3
609,254,0,2,14,231,6
609,254,1,2,167,231,72
609,254,1,3,4,231,1
609,254,2,2,5,231,2
609,254,3,2,40,231,17
610,254,0,2,3,231,1
610,254,1,2,213,231,92
610,254,1,3,4,231,1
610,254,2,2,5,231,2
610,254,3,2,5,231,2
610,609,0,2,9,253,3
610,609,1,2,205,253,81
610,609,1,3,4,253,1
610,609,2,2,17,253,6
610,609,3,2,16,253,6
611,540,0,2,18,226,7
611,540,1,2,114,226,50
611,540,2,2,58,226,25
611,540,3,2,32,226,14
616,295,0,2,7,198,3
616,295,1,2,166,198,83
616,295,1,3,4,198,2
616,295,2,2,10,198,5
616,295,3,2,10,198,5
616,299,0,2,9,197,4
616,299,1,2,124,197,62
616,299,1,3,3,197,1
616,299,2,2,59,197,29
616,303,0,2,2,193,1
616,303,1,2,177,193,91
616,303,1,3,5,193,2
616,303,2,2,8,193,4
616,530,0,2,13,198,6
616,530,1,2,15,198,7
616,530,2,2,151,198,76
616,530,2,3,4,198,2
616,530,3,2,14,198,7
617,108,2,2,152,153,99
618,27,0,2,11,225,4
618,27,1,2,195,225,86
618,27,1,3,3,225,1
618,27,2,2,6,225,2
618,27,3,2,9,225,4
618,254,0,2,9,230,3
618,254,1,2,164,230,71
618,254,1,3,3,230,1
618,254,2,2,3,230,1
618,254,3,2,50,230,21
618,610,0,2,20,252,7
618,610,1,2,132,252,52
618,610,2,2,58,252,23
618,610,3,2,37,252,14
619,227,0,2,7,226,3
619,227,1,2,15,226,6
619,227,2,2,107,226,47
619,227,3,2,92,226,40
619,227,3,3,4,226,1
620,223,0,2,10,175,5
620,223,1,2,104,175,59
620,223,2,2,49,175,28
620,223,3,2,12,175,6
620,225,0,2,6,229,2
620,225,1,2,38,229,16
620,225,1,3,3,229,1
620,225,2,2,174,229,75
620,225,3,2,6,229,2
620,407,0,2,9,240,3
620,407,1,2,111,240,46
620,407,1,3,4,240,1
620,407,2,2,109,240,45
620,407,3,2,6,240,2
620,408,0,2,14,253,5
620,408,1,2,174,253,68
620,408,1,3,4,253,1
620,408,2,2,50,253,19
620,408,3,2,9,253,3
621,225,0,2,11,229,4
621,225,1,2,81,229,35
621,225,2,2,118,229,51
621,225,3,2,14,229,6
621,407,0,2,15,240,6
621,407,1,2,125,240,52
621,407,1,3,3,240,1
621,407,2,2,74,240,30
621,407,3,2,21,240,8
621,408,0,2,19,253,7
621,408,1,2,166,253,65
621,408,1,3,3,253,1
621,408,2,2,33,253,13
621,408,3,2,29,253,11
621,443,0,2,23,250,9
621,443,1,2,50,250,20
621,443,2,2,162,250,64
621,443,2,3,4,250,1
621,443,3,2,9,250,3
622,353,0,2,10,151,6
622,353,1,2,36,151,23
622,353,2,2,83,151,54
622,353,3,2,22,151,14
622,411,0,2,9,168,5
622,411,1,2,29,168,17
622,411,2,2,97,168,57
622,411,3,2,33,168,19
622,412,0,2,4,117,3
622,412,1,2,91,117,77
622,412,2,2,7,117,5
622,412,3,2,15,117,12
623,276,0,2,18,217,8
623,276,1,2,81,217,37
623,276,2,2,65,217,29
623,276,3,2,48,217,22
623,276,3,3,3,217,1
623,465,0,2,9,218,4
623,465,1,2,158,218,72
623,465,1,3,5,218,2
623,465,2,2,17,218,7
623,465,3,2,29,218,13
623,466,0,2,21,219,9
623,466,1,2,90,219,41
623,466,2,2,71,219,32
623,466,2,3,3,219,1
623,466,3,2,32,219,14
623,532,0,2,12,231,5
623,532,1,2,28,231,12
623,532,1,3,3,231,1
623,532,2,2,159,231,68
623,532,3,2,27,231,11
623,547,0,2,12,232,5
623,547,1,2,112,232,48
623,547,2,2,84,232,36
623,547,2,3,4,232,1
623,547,3,2,19,232,8
623,548,0,2,15,232,6
623,548,1,2,95,232,40
623,548,2,2,104,232,44
623,548,2,3,5,232,2
623,548,3,2,13,232,5
623,559,0,2,10,195,5
623,559,1,2,16,195,8
623,559,2,2,79,195,40
623,559,3,2,90,195,46
624,284,0,2,13,195,6
624,284,1,2,152,195,77
624,284,2,2,14,195,7
624,284,3,2,16,195,8
624,288,0,2,16,172,9
624,288,1,2,105,172,61
624,288,2,2,14,172,8
624,288,3,2,37,172,21
624,451,0,2,11,190,5
624,451,1,2,24,190,12
624,451,2,2,79,190,41
624,451,3,2,76,190,40
634,366,0,2,11,187,5
634,366,1,2,48,187,25
634,366,2,2,124,187,66
634,366,3,2,4,187,2
634,506,0,2,18,248,7
634,506,1,2,51,248,20
634,506,2,2,171,248,68
634,506,2,3,4,248,1
635,350,0,2,4,204,1
635,350,1,2,192,204,94
635,350,1,3,4,204,1
635,350,2,2,3,204,1
635,440,1,2,243,251,96
635,440,1,3,4,251,1
636,520,0,2,11,253,4
636,520,1,2,42,253,16
636,520,2,2,194,253,76
636,520,2,3,4,253,1
642,639,2,2,196,208,94
642,639,2,3,5,208,2
642,639,3,2,5,208,2
643,140,0,2,10,188,5
643,140,1,2,59,188,31
643,140,2,2,113,188,60
643,140,2,3,3,188,1
643,141,0,2,10,227,4
643,141,1,2,109,227,48
643,141,1,3,3,227,1
643,141,2,2,97,227,42
643,141,3,2,5,227,2
643,314,0,2,6,227,2
643,314,1,2,202,227,88
643,314,1,3,3,227,1
643,314,2,2,13,227,5
645,374,0,2,20,228,8
645,374,1,2,169,228,74
645,374,1,3,3,228,1
645,374,2,2,7,228,3
645,374,3,2,27,228,11
646,455,0,2,8,190,4
646,455,1,2,78,190,41
646,455,1,3,2,190,1
646,455,2,2,95,190,50
646,455,2,3,2,190,1
646,455,3,2,4,190,2
646,503,0,2,23,207,11
646,503,1,2,72,207,34
646,503,2,2,107,207,51
646,503,3,2,4,207,1
648,390,0,2,8,219,3
648,390,1,2,86,219,39
648,390,2,2,121,219,55
648,390,2,3,4,219,1
649,387,0,2,18,227,7
649,387,1,2,168,227,74
649,387,1,3,5,227,2
649,387,2,2,24,227,10
649,387,3,2,12,227,5
649,388,0,2,4,197,2
649,388,1,2,15,197,7
649,388,2,2,171,197,86
649,388,2,3,3,197,1
649,388,3,2,2,197,1
649,389,0,2,3,212,1
649,389,1,2,7,212,3
649,389,2,2,194,212,91
649,389,2,3,4,212,1
649,394,0,2,10,242,4
649,394,1,2,35,242,14
649,394,2,2,173,242,71
649,394,2,3,3,242,1
649,394,3,2,18,242,7
649,437,0,2,8,253,3
649,437,1,2,164,253,64
649,437,2,2,48,253,18
649,437,3,2,27,253,10
649,521,0,2,15,253,5
649,521,1,2,42,253,16
649,521,2,2,189,253,74
649,521,2,3,4,253,1
649,524,0,2,8,243,3
649,524,1,2,5,243,2
649,524,2,2,209,243,86
649,524,2,3,4,243,1
649,524,3,2,15,243,6
650,409,0,2,17,240,7
650,409,1,2,165,240,68
650,409,1,3,4,240,1
650,409,2,2,39,240,16
650,409,3,2,13,240,5
650,521,0,2,15,253,5
650,521,1,2,42,253,16
650,521,1,3,4,253,1
650,521,2,2,188,253,74
650,524,0,2,12,243,4
650,524,1,2,17,243,6
650,524,2,2,193,243,79
650,524,3,2,15,243,6
650,649,0,2,18,253,7
650,649,1,2,157,253,62
650,649,1,3,3,253,1
650,649,2,2,59,253,23
650,649,3,2,13,253,5
651,236,0,2,12,223,5
651,236,1,2,165,223,73
651,236,2,2,24,223,10
651,236,3,2,18,223,8
651,237,0,2,25,217,11
651,237,1,2,73,217,33
651,237,2,2,79,217,36
651,237,2,3,3,217,1
651,237,3,2,35,217,16
651,346,0,2,8,188,4
651,346,1,2,150,188,79
651,346,2,2,21,188,11
651,346,3,2,9,188,4
651,347,0,2,10,222,4
651,347,1,2,202,222,90
651,347,1,3,3,222,1
651,347,2,2,6,222,2
651,348,0,2,11,230,4
651,348,1,2,192,230,83
651,348,2,2,20,230,8
651,348,3,2,4,230,1
651,511,0,2,17,247,6
651,511,1,2,102,247,41
651,511,2,2,31,247,12
651,511,3,2,92,247,37
652,234,0,2,14,201,6
652,234,1,2,75,201,37
652,234,2,2,51,201,25
652,234,3,2,56,201,27
652,235,0,2,22,221,9
652,235,1,2,53,221,23
652,235,2,2,86,221,38
652,235,2,3,3,221,1
652,235,3,2,54,221,24
652,237,0,2,12,192,6
652,237,1,2,35,192,18
652,237,1,3,2,192,1
652,237,2,2,110,192,57
652,237,2,3,2,192,1
652,237,3,2,29,192,15
652,347,0,2,8,201,3
652,347,1,2,173,201,86
652,347,1,3,4,201,1
652,347,2,2,15,201,7
652,509,0,2,16,208,7
652,509,1,2,34,208,16
652,509,2,2,122,208,58
652,509,2,3,3,208,1
652,509,3,2,31,208,14
652,510,0,2,17,222,7
652,510,1,2,42,222,18
652,510,2,2,126,222,56
652,510,2,3,4,222,1
652,510,3,2,31,222,13
652,511,0,2,24,222,10
652,511,1,2,81,222,36
652,511,2,2,45,222,20
652,511,3,2,66,222,29
652,651,0,2,20,216,9
652,651,1,2,41,216,18
652,651,2,2,99,216,45
652,651,3,2,51,216,23
654,278,0,2,10,211,4
654,278,1,2,27,211,12
654,278,2,2,167,211,79
654,278,2,3,3,211,1
654,278,3,2,3,211,1
654,532,0,2,8,237,3
654,532,1,2,42,237,17
654,532,2,2,181,237,76
654,532,2,3,4,237,1
654,560,0,2,14,238,5
654,560,1,2,67,238,28
654,560,2,2,151,238,63
654,560,2,3,4,238,1
654,623,0,2,15,217,6
654,623,1,2,50,217,23
654,623,2,2,142,217,65
654,623,3,2,6,217,2
655,136,0,2,14,186,7
655,136,1,2,145,186,77
655,136,2,2,16,186,8
655,136,3,2,8,186,4
656,241,0,2,7,175,4
656,241,1,2,28,175,16
656,241,2,2,124,175,70
656,241,2,3,3,175,1
656,241,3,2,11,175,6
656,242,0,2,3,121,2
656,242,1,2,17,121,14
656,242,2,2,78,121,64
656,242,3,2,22,121,18
656,306,0,2,13,190,6
656,306,1,2,21,190,11
656,306,2,2,101,190,53
656,306,3,2,50,190,26
656,306,3,3,3,190,1
656,307,0,2,12,150,8
656,307,1,2,14,150,9
656,307,2,2,85,150,56
656,307,2,3,4,150,2
656,307,3,2,34,150,22
656,536,0,2,6,192,3
656,536,1,2,15,192,7
656,536,2,2,61,192,31
656,536,3,2,105,192,54
656,536,3,3,3,192,1
656,539,0,2,4,190,2
656,539,1,2,149,190,78
656,539,1,3,5,190,2
656,539,2,2,29,190,15
656,539,3,2,3,190,1
658,108,2,2,241,249,96
658,108,2,3,4,249,1
659,257,0,2,3,168,1
659,257,1,2,160,168,95
659,257,1,3,2,168,1
659,261,0,2,8,210,3
659,261,1,2,178,210,84
659,261,1,3,5,210,2
659,261,2,2,9,210,4
659,261,3,2,9,210,4
659,263,0,2,18,189,9
659,263,1,2,106,189,56
659,263,1,3,3,189,1
659,263,2,2,57,189,30
659,263,3,2,2,189,1
659,342,1,2,191,200,95
659,342,1,3,4,200,2
659,342,2,2,3,200,1
659,343,1,2,192,198,96
659,343,1,3,5,198,2
659,448,0,2,32,230,13
659,448,1,2,89,230,38
659,448,2,2,98,230,42
659,448,2,3,3,230,1
659,448,3,2,6,230,2
659,562,0,2,7,220,3
659,562,1,2,178,220,80
659,562,1,3,5,220,2
659,562,2,2,30,220,13
660,260,0,2,16,216,7
660,260,1,2,65,216,30
660,260,2,2,128,216,59
660,260,3,2,3,216,1
660,342,0,2,5,209,2
660,342,1,2,161,209,77
660,342,1,3,4,209,1
660,342,2,2,38,209,18
660,563,0,2,3,239,1
660,563,1,2,221,239,92
660,563,1,3,5,239,2
660,563,2,2,7,239,2
663,39,0,2,16,210,7
663,39,1,2,188,210,89
663,39,1,3,3,210,1
663,186,0,2,9,229,3
663,186,1,2,162,229,70
663,186,2,2,40,229,17
663,186,3,2,13,229,5
663,325,1,2,206,219,94
663,325,1,3,4,219,1
663,325,3,2,5,219,2
663,329,0,2,8,207,3
663,329,1,2,151,207,72
663,329,2,2,21,207,10
663,329,3,2,24,207,11
664,39,0,2,7,211,3
664,39,1,2,172,211,81
664,39,2,2,27,211,12
664,186,0,2,17,230,7
664,186,1,2,85,230,36
664,186,2,2,120,230,52
664,186,2,3,3,230,1
664,329,0,2,9,208,4
664,329,1,2,132,208,63
664,329,2,2,55,208,26
664,329,3,2,8,208,3
664,663,0,2,15,243,6
664,663,1,2,44,243,18
664,663,2,2,173,243,71
664,663,2,3,3,243,1
664,663,3,2,6,243,2
665,186,0,2,14,230,6
665,186,1,2,89,230,38
665,186,2,2,113,230,49
665,186,2,3,3,230,1
665,186,3,2,8,230,3
665,325,1,2,204,219,93
665,325,1,3,3,219,1
665,325,2,2,6,219,2
665,663,0,2,9,243,3
665,663,1,2,41,243,16
665,663,2,2,178,243,73
665,663,2,3,4,243,1
665,663,3,2,10,243,4
670,247,0,2,13,208,6
670,247,1,2,51,208,24
670,247,2,2,136,208,65
670,247,3,2,6,208,2
670,249,0,2,16,243,6
670,249,1,2,63,243,25
670,249,2,2,155,243,63
670,249,2,3,3,243,1
670,249,3,2,3,243,1