0,1,2,3,4,5,6
116_114,10.4109589,16.98630137,41.09589041,31.50684932,0,-1
118_116,23.01369863,12.87671233,35.06849315,29.04109589,0,-1
125_109,29.31506849,17.80821918,23.28767123,29.5890411,0,-1
148_7,2.465753425,18.63013699,40,38.90410959,0,-1
193_191,44.10958904,3.561643836,48.49315068,3.835616438,0,-1
195_191,46.84931507,3.01369863,49.04109589,1.095890411,0,-1
200_191,44.65753425,1.917808219,52.60273973,0.821917808,0,-1
205_193,21.91780822,15.34246575,34.24657534,28.49315068,0,-1
206_191,44.10958904,1.643835616,52.60273973,1.643835616,0,-1
206_195,29.8630137,16.71232877,30.4109589,23.01369863,0,-1
206_200,12.60273973,20.54794521,33.42465753,33.42465753,0,-1
207_192,44.38356164,7.671232877,13.15068493,34.79452055,0,-1
207_204,43.83561644,2.191780822,1.095890411,52.87671233,0,-1
207_206,43.83561644,1.643835616,0.821917808,53.69863014,0,-1
225_223,35.89041096,7.397260274,43.28767123,13.42465753,0,-1
237_234,24.65753425,11.23287671,34.52054795,29.5890411,0,-1
242_241,32.32876712,16.71232877,27.12328767,23.83561644,0,-1
261_257,39.45205479,8.493150685,40.2739726,11.78082192,0,-1
273_271,30.68493151,15.89041096,21.09589041,32.32876712,0,-1
275_271,20.82191781,19.45205479,33.15068493,26.57534247,0,-1
313_2,46.84931507,4.657534247,8.493150685,40,0,-1
328_154,49.5890411,0.273972603,0.547945205,49.5890411,0,-1
342_257,37.26027397,6.849315068,18.63013699,37.26027397,0,-1
346_237,38.63013699,4.383561644,15.89041096,41.09589041,0,-1
348_237,46.02739726,5.479452055,5.205479452,43.28767123,0,-1
354_353,24.10958904,9.315068493,37.53424658,29.04109589,0,-1
357_270,35.34246575,9.589041096,21.64383562,33.42465753,0,-1
388_386,34.79452055,14.24657534,15.89041096,35.06849315,0,-1
406_227,13.15068493,10.95890411,40.82191781,35.06849315,0,-1
407_223,32.60273973,7.397260274,24.38356164,35.61643836,0,-1
412_353,35.06849315,4.383561644,20.2739726,40.2739726,0,-1
427_268,36.16438356,9.315068493,9.863013699,44.65753425,0,-1
429_155,28.49315068,11.50684932,21.91780822,38.08219178,0,-1
443_225,13.15068493,12.60273973,39.17808219,35.06849315,0,-1
443_226,7.671232877,20.82191781,35.89041096,35.61643836,0,-1
448_263,16.43835616,23.28767123,30.95890411,29.31506849,0,-1
450_242,32.05479452,11.78082192,14.24657534,41.91780822,0,-1
470_191,44.10958904,1.369863014,53.15068493,1.369863014,0,-1
470_195,29.8630137,22.19178082,33.97260274,13.97260274,0,-1
470_205,26.84931507,13.97260274,33.42465753,25.75342466,0,-1
471_191,44.10958904,4.109589041,48.49315068,3.287671233,0,-1
471_195,41.36986301,8.219178082,7.123287671,43.28767123,0,-1
471_207,43.83561644,6.575342466,44.93150685,4.657534247,0,-1
472_191,44.10958904,2.465753425,50.68493151,2.739726027,0,-1
472_192,44.38356164,6.02739726,45.47945205,4.109589041,0,-1
472_193,43.83561644,7.671232877,14.52054795,33.97260274,0,-1
472_196,43.83561644,5.753424658,3.287671233,47.12328767,0,-1
472_200,44.65753425,6.575342466,7.397260274,41.36986301,0,-1
472_206,43.83561644,9.315068493,7.123287671,39.7260274,0,-1
472_470,43.83561644,7.397260274,7.945205479,40.82191781,0,-1
473_191,44.38356164,4.383561644,48.49315068,2.739726027,0,-1
474_193,10.95890411,17.53424658,39.17808219,32.32876712,0,-1
474_198,6.849315068,18.63013699,40,34.52054795,0,-1
474_473,10.95890411,14.79452055,37.80821918,36.43835616,0,-1
475_200,37.80821918,17.80821918,14.24657534,30.1369863,0,-1
476_200,24.38356164,18.08219178,27.94520548,29.5890411,0,-1
476_473,23.28767123,10.68493151,37.53424658,28.49315068,0,-1
476_474,23.28767123,18.35616438,30.95890411,27.39726027,0,-1
477_191,44.10958904,1.917808219,53.69863014,0.273972603,0,-1
481_480,28.21917808,11.78082192,36.16438356,23.83561644,0,-1
487_271,29.8630137,15.61643836,21.64383562,32.87671233,0,-1
487_275,12.05479452,18.63013699,35.61643836,33.69863014,0,-1
491_271,22.19178082,16.16438356,33.15068493,28.49315068,0,-1
495_130,43.56164384,2.465753425,52.32876712,1.643835616,0,-1
511_510,0.273972603,22.73972603,39.17808219,37.80821918,0,-1
513_451,12.05479452,21.09589041,35.34246575,31.50684932,0,-1
525_164,23.01369863,14.52054795,32.87671233,29.5890411,0,-1
527_404,13.69863014,23.56164384,35.34246575,27.39726027,0,-1
534_109,23.28767123,16.98630137,31.23287671,28.49315068,0,-1
536_242,39.7260274,12.32876712,15.34246575,32.60273973,0,-1
537_242,32.05479452,12.87671233,16.16438356,38.90410959,0,-1
537_536,7.671232877,20.2739726,38.35616438,33.69863014,0,-1
538_242,32.87671233,17.53424658,13.97260274,35.61643836,0,-1
538_537,0.273972603,30.1369863,38.35616438,31.23287671,0,-1
541_348,13.69863014,13.69863014,40.54794521,32.05479452,0,-1
564_258,7.671232877,18.08219178,40,34.24657534,0,-1
576_191,44.10958904,3.835616438,50.4109589,1.643835616,0,-1
576_193,6.301369863,20,39.45205479,34.24657534,0,-1
576_195,29.8630137,19.17808219,23.28767123,27.67123288,0,-1
576_473,6.301369863,15.34246575,41.91780822,36.43835616,0,-1
587_584,21.36986301,14.52054795,35.34246575,28.76712329,0,-1
597_29,34.24657534,14.79452055,25.75342466,25.20547945,0,-1
602_452,6.02739726,20,39.7260274,34.24657534,0,-1
616_299,22.19178082,13.69863014,36.98630137,27.12328767,0,-1
620_223,30.68493151,10.1369863,36.71232877,22.46575342,0,-1
622_353,40.2739726,4.931506849,18.08219178,36.71232877,0,-1
624_288,32.32876712,13.15068493,40.2739726,14.24657534,0,-1
643_140,28.49315068,13.42465753,37.80821918,20.2739726,0,-1
651_237,17.80821918,16.43835616,36.71232877,29.04109589,0,-1
656_241,32.32876712,13.15068493,15.89041096,38.63013699,0,-1
656_307,40.82191781,14.52054795,10.68493151,33.97260274,0,-1
656_536,25.20547945,19.7260274,26.30136986,28.76712329,0,-1
670_247,19.45205479,13.69863014,35.89041096,30.95890411,0,-1
102_57,18.35616438,17.53424658,42.46575342,21.64383562,1,2
106_11,64.93150685,1.095890411,33.69863014,0.273972603,1,0
106_2,69.04109589,1.643835616,29.04109589,0.273972603,1,0
106_84,64.10958904,0.273972603,35.34246575,0.273972603,1,0
113_112,7.123287671,12.87671233,14.79452055,65.20547945,1,3
114_113,5.753424658,9.04109589,7.123287671,78.08219178,1,3
115_113,15.61643836,13.15068493,42.19178082,29.04109589,1,2
115_114,12.60273973,7.123287671,76.98630137,3.287671233,1,2
116_115,15.61643836,10.68493151,11.23287671,62.46575342,1,3
117_114,13.42465753,2.739726027,3.01369863,80.82191781,1,3
117_115,20.54794521,0.547945205,0.273972603,78.63013699,1,3
118_115,23.83561644,12.87671233,16.43835616,46.84931507,1,3
118_117,26.84931507,2.191780822,69.04109589,1.917808219,1,2
125_98,23.01369863,10.95890411,50.68493151,15.34246575,1,2
12_6,9.863013699,9.04109589,4.657534247,76.43835616,1,3
12_7,11.23287671,15.34246575,36.43835616,36.98630137,1,3
130_123,27.39726027,9.863013699,22.19178082,40.54794521,1,3
131_108,82.19178082,0.821917808,0.273972603,16.71232877,1,0
137_136,31.78082192,11.78082192,44.10958904,12.32876712,1,2
145_113,9.315068493,14.24657534,49.5890411,26.84931507,1,2
145_144,15.34246575,4.109589041,2.739726027,77.80821918,1,3
146_113,10.68493151,12.32876712,18.08219178,58.90410959,1,3
146_115,11.23287671,12.05479452,10.68493151,66.02739726,1,3
146_116,12.05479452,17.26027397,34.79452055,35.89041096,1,3
146_117,16.98630137,3.287671233,76.71232877,3.01369863,1,2
148_12,10.95890411,15.34246575,35.06849315,38.63013699,1,3
148_5,1.643835616,9.863013699,7.945205479,80.54794521,1,3
148_53,1.369863014,17.53424658,12.60273973,68.49315068,1,3
148_6,1.369863014,10.68493151,5.753424658,82.19178082,1,3
148_78,1.643835616,11.50684932,8.493150685,78.35616438,1,3
153_152,0.821917808,9.589041096,17.53424658,72.05479452,1,3
157_148,3.835616438,10.95890411,15.61643836,69.5890411,1,3
165_164,26.30136986,11.78082192,24.93150685,36.98630137,1,3
168_166,26.57534247,3.287671233,7.123287671,63.01369863,1,3
175_174,58.08219178,1.369863014,0.547945205,40,1,0
178_176,40.82191781,13.15068493,31.78082192,14.24657534,1,0
186_182,20.82191781,4.109589041,3.01369863,72.05479452,1,3
186_39,13.42465753,13.42465753,56.98630137,16.16438356,1,2
187_38,6.301369863,19.45205479,50.4109589,23.83561644,1,2
192_191,44.65753425,9.589041096,29.04109589,16.71232877,1,0
193_192,13.15068493,11.50684932,65.75342466,9.589041096,1,2
194_193,91.78082192,2.191780822,4.657534247,1.369863014,1,0
195_192,30.4109589,6.301369863,57.80821918,5.479452055,1,2
196_191,44.10958904,1.643835616,54.24657534,0,1,2
196_192,13.97260274,3.287671233,79.7260274,3.01369863,1,2
197_191,44.10958904,9.315068493,29.5890411,16.98630137,1,0
197_192,11.23287671,14.79452055,32.32876712,41.64383562,1,3
198_192,10.4109589,10.1369863,68.21917808,11.23287671,1,2
198_193,7.671232877,18.08219178,43.28767123,30.95890411,1,2
198_195,41.91780822,13.97260274,27.12328767,16.98630137,1,0
198_196,12.05479452,16.43835616,14.52054795,56.98630137,1,3
198_197,11.50684932,8.767123288,72.87671233,6.849315068,1,2
199_192,81.64383562,2.191780822,15.34246575,0.821917808,1,0
199_193,81.64383562,4.383561644,9.863013699,4.109589041,1,0
199_195,81.64383562,3.01369863,9.863013699,5.479452055,1,0
199_196,81.64383562,3.561643836,4.931506849,9.863013699,1,0
199_197,81.64383562,1.095890411,16.16438356,1.095890411,1,0
200_192,10.4109589,8.219178082,74.79452055,6.575342466,1,2
200_198,4.931506849,21.64383562,50.1369863,23.28767123,1,2
203_192,11.50684932,7.671232877,76.43835616,4.383561644,1,2
203_193,12.87671233,15.89041096,45.20547945,26.02739726,1,2
203_195,41.36986301,13.15068493,26.57534247,18.90410959,1,0
203_196,12.32876712,19.17808219,16.43835616,52.05479452,1,3
203_197,11.50684932,7.397260274,76.16438356,4.931506849,1,2
203_200,11.23287671,21.64383562,28.76712329,38.35616438,1,3
204_192,13.42465753,8.767123288,71.78082192,6.02739726,1,2
204_193,10.1369863,18.08219178,47.12328767,24.65753425,1,2
204_195,41.36986301,14.79452055,26.02739726,17.80821918,1,0
204_196,11.23287671,21.64383562,17.53424658,49.5890411,1,3
204_197,13.15068493,6.575342466,75.34246575,4.931506849,1,2
204_200,5.205479452,21.91780822,29.31506849,43.56164384,1,3
205_198,19.7260274,17.53424658,27.94520548,34.79452055,1,3
205_200,18.90410959,23.28767123,22.19178082,35.61643836,1,3
205_203,25.47945205,12.87671233,20.2739726,41.36986301,1,3
205_204,18.08219178,15.34246575,23.56164384,43.01369863,1,3
206_193,13.69863014,15.34246575,44.93150685,26.02739726,1,2
206_196,13.97260274,16.71232877,16.71232877,52.60273973,1,3
206_197,11.50684932,6.02739726,79.7260274,2.739726027,1,2
206_205,26.84931507,14.24657534,40,18.90410959,1,2
207_191,44.38356164,9.04109589,17.80821918,28.76712329,1,0
207_198,44.10958904,1.095890411,0,54.79452055,1,3
207_203,43.83561644,0.547945205,1.095890411,54.52054795,1,3
212_103,81.91780822,4.109589041,5.753424658,8.219178082,1,0
212_109,82.19178082,1.917808219,11.78082192,4.109589041,1,0
212_134,82.19178082,1.917808219,3.01369863,12.87671233,1,0
219_218,16.98630137,15.61643836,49.31506849,18.08219178,1,2
226_225,13.15068493,17.26027397,42.46575342,27.12328767,1,2
235_234,10.1369863,14.79452055,64.38356164,10.68493151,1,2
236_234,9.589041096,13.15068493,12.05479452,65.20547945,1,3
236_235,10.4109589,3.561643836,2.739726027,83.28767123,1,3
237_235,15.89041096,16.98630137,24.93150685,42.19178082,1,3
241_240,21.64383562,7.397260274,63.28767123,7.671232877,1,2
243_218,24.10958904,0.547945205,0.547945205,74.79452055,1,3
243_219,15.06849315,0.821917808,1.643835616,82.46575342,1,3
249_247,18.63013699,8.493150685,68.21917808,4.657534247,1,2
249_248,9.863013699,7.397260274,75.06849315,7.671232877,1,2
251_248,15.06849315,22.46575342,40,22.46575342,1,2
251_250,10.1369863,22.19178082,27.94520548,39.7260274,1,3
254_27,11.78082192,8.219178082,23.83561644,56.16438356,1,3
259_258,10.68493151,10.4109589,66.57534247,12.32876712,1,2
260_257,32.32876712,5.753424658,56.16438356,5.753424658,1,2
260_259,19.7260274,11.78082192,20.82191781,47.67123288,1,3
261_258,21.36986301,9.863013699,4.657534247,64.10958904,1,3
261_259,24.38356164,1.917808219,1.369863014,72.32876712,1,3
263_257,41.09589041,1.917808219,55.61643836,1.369863014,1,2
263_259,26.30136986,8.493150685,56.71232877,8.493150685,1,2
263_260,25.47945205,14.24657534,38.63013699,21.64383562,1,2
263_261,30.1369863,5.753424658,60.54794521,3.561643836,1,2
267_192,83.56164384,0.547945205,15.34246575,0.547945205,1,0
267_193,83.56164384,4.931506849,10.68493151,0.821917808,1,0
267_195,83.56164384,4.109589041,10.1369863,2.191780822,1,0
267_196,83.56164384,1.643835616,6.575342466,8.219178082,1,0
267_197,83.56164384,0.821917808,15.34246575,0.273972603,1,0
267_200,83.56164384,4.109589041,7.671232877,4.657534247,1,0
267_205,83.56164384,4.657534247,8.767123288,3.01369863,1,0
267_207,83.56164384,0,16.43835616,0,1,0
268_45,28.49315068,2.191780822,68.21917808,1.095890411,1,2
268_46,21.09589041,10.1369863,60.2739726,8.493150685,1,2
268_47,23.56164384,3.561643836,69.5890411,3.287671233,1,2
268_54,10.68493151,11.23287671,16.43835616,61.64383562,1,3
270_114,36.71232877,1.369863014,0.821917808,61.09589041,1,3
270_115,38.90410959,0,0,61.09589041,1,3
270_116,35.34246575,0.273972603,0,64.38356164,1,3
270_117,40.54794521,10.1369863,19.17808219,30.1369863,1,0
270_118,41.64383562,0.273972603,0,58.08219178,1,3
270_146,35.34246575,0.821917808,0.273972603,63.56164384,1,3
272_271,21.91780822,19.7260274,19.45205479,38.90410959,1,3
273_272,14.79452055,22.46575342,41.91780822,20.82191781,1,2
274_271,26.84931507,14.24657534,19.17808219,39.7260274,1,3
274_272,10.95890411,17.53424658,35.61643836,35.89041096,1,3
275_272,5.479452055,29.5890411,39.45205479,25.47945205,1,2
275_274,9.589041096,23.28767123,53.15068493,13.97260274,1,2
278_276,12.05479452,11.50684932,63.01369863,13.42465753,1,2
281_279,28.49315068,4.383561644,64.38356164,2.739726027,1,2
282_116,29.31506849,4.657534247,63.28767123,2.739726027,1,2
282_118,36.98630137,2.191780822,59.45205479,1.369863014,1,2
282_119,34.52054795,14.79452055,27.12328767,23.56164384,1,0
286_76,59.7260274,0.273972603,0.547945205,39.45205479,1,0
288_287,29.8630137,0.273972603,0,69.8630137,1,3
291_287,10.95890411,0.821917808,0,88.21917808,1,3
295_290,21.91780822,2.191780822,1.917808219,73.97260274,1,3
298_297,14.79452055,0.547945205,84.38356164,0.273972603,1,2
299_290,21.36986301,5.753424658,7.123287671,65.75342466,1,3
299_295,14.52054795,4.383561644,79.45205479,1.643835616,1,2
300_125,17.53424658,15.61643836,30.95890411,35.89041096,1,3
300_212,80.54794521,3.01369863,3.01369863,13.42465753,1,0
303_290,20.54794521,3.561643836,2.191780822,73.69863014,1,3
303_295,15.34246575,9.589041096,58.08219178,16.98630137,1,2
304_106,66.57534247,9.315068493,12.87671233,11.23287671,1,0
304_111,48.76712329,7.123287671,34.52054795,9.589041096,1,0
304_125,51.78082192,6.02739726,38.35616438,3.835616438,1,0
305_241,20.54794521,14.79452055,18.08219178,46.57534247,1,3
305_242,41.36986301,10.95890411,18.63013699,29.04109589,1,0
306_241,16.43835616,21.36986301,39.7260274,22.46575342,1,2
306_305,18.63013699,13.15068493,55.34246575,12.87671233,1,2
307_241,20.54794521,22.19178082,34.52054795,22.73972603,1,2
307_242,33.15068493,17.26027397,27.94520548,21.64383562,1,0
307_305,29.31506849,13.69863014,44.38356164,12.60273973,1,2
307_306,25.20547945,18.08219178,20.2739726,36.43835616,1,3
314_140,28.49315068,7.123287671,5.205479452,59.17808219,1,3
314_141,6.02739726,12.60273973,20,61.36986301,1,3
318_18,13.42465753,10.4109589,12.87671233,63.28767123,1,3
318_221,23.56164384,4.931506849,5.753424658,65.75342466,1,3
318_222,16.16438356,5.479452055,3.287671233,75.06849315,1,3
318_316,18.08219178,6.849315068,1.643835616,73.42465753,1,3
320_124,16.71232877,13.42465753,17.26027397,52.60273973,1,3
321_18,11.78082192,9.315068493,11.23287671,67.67123288,1,3
321_221,13.42465753,2.739726027,3.01369863,80.82191781,1,3
321_222,17.26027397,2.739726027,2.739726027,77.26027397,1,3
321_316,18.35616438,0.273972603,0.547945205,80.82191781,1,3
324_155,19.45205479,0.273972603,3.561643836,76.71232877,1,3
325_182,24.10958904,3.835616438,3.287671233,68.76712329,1,3
326_99,7.671232877,5.479452055,83.28767123,3.561643836,1,2
329_186,14.24657534,15.61643836,40.2739726,29.8630137,1,2
329_39,14.79452055,10.4109589,60,14.79452055,1,2
331_330,8.219178082,9.315068493,7.671232877,74.79452055,1,3
333_12,14.24657534,15.34246575,43.56164384,26.84931507,1,2
333_148,5.479452055,24.10958904,23.01369863,47.39726027,1,3
333_157,7.123287671,15.61643836,60.54794521,16.71232877,1,2
333_5,4.657534247,10.68493151,14.79452055,69.8630137,1,3
334_166,17.53424658,14.52054795,30.95890411,36.98630137,1,3
334_168,15.61643836,5.753424658,69.8630137,8.767123288,1,2
337_330,4.657534247,9.04109589,78.63013699,7.671232877,1,2
340_339,18.63013699,5.753424658,67.39726027,8.219178082,1,2
342_260,35.89041096,3.561643836,3.287671233,57.26027397,1,3
342_263,21.91780822,2.191780822,1.095890411,74.79452055,1,3
343_257,25.47945205,9.863013699,39.45205479,25.20547945,1,2
343_260,23.28767123,7.123287671,11.23287671,58.35616438,1,3
343_261,27.67123288,9.863013699,21.64383562,40.82191781,1,3
343_263,29.31506849,1.369863014,3.01369863,66.30136986,1,3
343_342,26.02739726,7.397260274,52.87671233,13.69863014,1,2
346_234,23.28767123,2.465753425,0.821917808,73.42465753,1,3
346_235,23.01369863,0.547945205,1.095890411,75.34246575,1,3
347_234,10.1369863,2.465753425,1.095890411,86.30136986,1,3
347_235,10.95890411,1.095890411,1.095890411,86.84931507,1,3
348_234,20.82191781,8.493150685,4.383561644,66.30136986,1,3
348_235,12.32876712,4.383561644,3.561643836,79.7260274,1,3
348_236,21.09589041,15.89041096,28.49315068,34.52054795,1,3
350_349,30.68493151,10.1369863,18.35616438,40.82191781,1,3
352_351,18.08219178,4.931506849,65.20547945,11.78082192,1,2
357_115,11.23287671,0,0,88.76712329,1,3
357_116,9.04109589,1.643835616,0.273972603,89.04109589,1,3
357_118,17.53424658,0.821917808,0.273972603,81.36986301,1,3
357_126,24.10958904,2.739726027,0.547945205,72.60273973,1,3
357_282,20.2739726,0,0.273972603,79.45205479,1,3
358_114,5.479452055,16.98630137,18.35616438,59.17808219,1,3
358_115,15.34246575,4.657534247,2.739726027,77.26027397,1,3
358_116,13.15068493,8.767123288,9.04109589,69.04109589,1,3
358_117,15.89041096,10.1369863,63.28767123,10.68493151,1,2
358_146,10.4109589,7.397260274,12.87671233,69.31506849,1,3
366_365,27.12328767,13.42465753,52.32876712,7.123287671,1,2
370_369,29.8630137,4.657534247,4.383561644,61.09589041,1,3
375_19,10.4109589,5.479452055,4.931506849,79.17808219,1,3
376_19,8.493150685,2.465753425,88.49315068,0.547945205,1,2
380_376,8.767123288,1.369863014,0.273972603,89.5890411,1,3
380_378,12.60273973,18.35616438,24.10958904,44.93150685,1,3
381_376,9.04109589,30.1369863,29.04109589,31.78082192,1,3
381_378,4.657534247,4.109589041,87.94520548,3.287671233,1,2
381_380,9.589041096,6.301369863,81.64383562,2.465753425,1,2
386_385,12.60273973,10.95890411,61.64383562,14.79452055,1,2
388_387,33.15068493,0.821917808,66.02739726,0,1,2
389_386,24.65753425,14.79452055,49.5890411,10.95890411,1,2
389_387,24.10958904,0,75.61643836,0.273972603,1,2
397_396,23.56164384,12.05479452,46.84931507,17.53424658,1,2
400_170,26.30136986,10.1369863,3.835616438,59.7260274,1,3
400_171,15.06849315,10.68493151,6.301369863,67.94520548,1,3
403_163,24.10958904,0.547945205,75.06849315,0.273972603,1,2
404_164,27.12328767,16.43835616,47.12328767,9.315068493,1,2
407_225,10.68493151,7.671232877,11.50684932,70.1369863,1,3
407_226,9.863013699,9.315068493,12.05479452,68.76712329,1,3
408_223,30.68493151,9.04109589,12.32876712,47.94520548,1,3
408_225,9.589041096,2.191780822,1.643835616,86.57534247,1,3
408_226,4.931506849,5.479452055,2.739726027,86.84931507,1,3
409_387,16.43835616,6.301369863,71.23287671,6.02739726,1,2
409_388,22.19178082,1.369863014,0.821917808,75.61643836,1,3
409_389,16.98630137,0.821917808,0.273972603,81.91780822,1,3
409_394,10.68493151,9.04109589,13.42465753,66.84931507,1,3
410_281,13.69863014,13.97260274,12.60273973,59.7260274,1,3
411_353,20.82191781,6.849315068,56.71232877,15.61643836,1,2
411_354,15.06849315,10.4109589,65.75342466,8.767123288,1,2
412_354,38.63013699,6.301369863,6.02739726,49.04109589,1,3
412_411,35.34246575,1.643835616,0.273972603,62.73972603,1,3
415_413,18.63013699,6.301369863,5.205479452,69.8630137,1,3
415_414,16.43835616,2.191780822,1.643835616,79.7260274,1,3
419_417,15.06849315,13.69863014,55.06849315,16.16438356,1,2
426_268,10.4109589,8.219178082,62.19178082,19.17808219,1,2
426_46,10.1369863,3.835616438,83.83561644,2.191780822,1,2
426_47,12.05479452,1.369863014,85.47945205,1.095890411,1,2
426_54,5.479452055,16.16438356,28.49315068,49.8630137,1,3
427_43,28.21917808,7.123287671,50.1369863,14.52054795,1,2
427_46,28.21917808,6.849315068,39.45205479,25.47945205,1,2
427_47,28.49315068,9.04109589,52.32876712,10.1369863,1,2
427_54,31.23287671,1.643835616,0.821917808,66.30136986,1,3
428_268,36.71232877,9.04109589,28.21917808,26.02739726,1,0
428_426,26.30136986,7.945205479,15.89041096,49.8630137,1,3
428_427,26.30136986,6.849315068,55.34246575,11.50684932,1,2
428_43,28.21917808,4.109589041,63.56164384,4.109589041,1,2
428_45,28.21917808,0.547945205,70.4109589,0.821917808,1,2
428_46,28.21917808,6.575342466,58.08219178,7.123287671,1,2
428_54,31.78082192,5.479452055,5.753424658,56.98630137,1,3
429_324,27.12328767,1.095890411,70.4109589,1.369863014,1,2
436_435,66.57534247,3.835616438,4.383561644,25.20547945,1,0
437_394,6.575342466,3.561643836,4.931506849,84.93150685,1,3
437_409,6.02739726,9.589041096,13.69863014,70.68493151,1,3
439_168,12.60273973,13.69863014,26.57534247,47.12328767,1,3
439_334,13.97260274,7.397260274,11.50684932,67.12328767,1,3
440_349,9.315068493,8.493150685,60.82191781,21.36986301,1,2
440_350,21.64383562,8.767123288,58.90410959,10.68493151,1,2
441_288,24.10958904,12.05479452,38.35616438,25.47945205,1,2
442_376,10.68493151,13.69863014,8.493150685,67.12328767,1,3
442_378,13.15068493,8.767123288,59.17808219,18.90410959,1,2
442_380,11.23287671,9.863013699,60.82191781,18.08219178,1,2
442_381,12.87671233,12.60273973,5.479452055,69.04109589,1,3
443_223,33.97260274,8.767123288,45.75342466,11.50684932,1,2
444_163,68.21917808,0,31.78082192,0,1,0
447_168,13.15068493,7.945205479,75.61643836,3.287671233,1,2
447_334,4.657534247,19.45205479,43.83561644,32.05479452,1,2
447_439,11.50684932,8.219178082,76.71232877,3.561643836,1,2
448_257,26.02739726,0.273972603,73.42465753,0.273972603,1,2
448_261,14.79452055,1.917808219,81.91780822,1.369863014,1,2
450_241,11.50684932,19.17808219,18.63013699,50.68493151,1,3
450_305,9.589041096,17.80821918,35.06849315,37.53424658,1,3
450_306,9.315068493,13.15068493,9.589041096,67.94520548,1,3
450_307,20.2739726,17.26027397,9.863013699,52.60273973,1,3
451_284,13.42465753,3.01369863,81.09589041,2.465753425,1,2
451_288,30.68493151,7.945205479,56.16438356,5.205479452,1,2
451_441,6.849315068,10.1369863,73.69863014,9.315068493,1,2
452_176,8.219178082,16.71232877,53.97260274,21.09589041,1,2
453_234,96.98630137,0.821917808,0.273972603,1.917808219,1,0
453_235,96.71232877,0.821917808,0.273972603,2.191780822,1,0
453_237,96.71232877,1.095890411,0,2.191780822,1,0
453_346,96.71232877,1.369863014,0.273972603,1.643835616,1,0
453_347,96.71232877,1.369863014,1.369863014,0.547945205,1,0
454_19,9.04109589,10.95890411,70.1369863,9.863013699,1,2
454_376,9.863013699,18.35616438,7.397260274,64.38356164,1,3
454_380,10.1369863,5.753424658,76.43835616,7.671232877,1,2
454_381,9.315068493,27.94520548,30.1369863,32.60273973,1,3
454_442,11.50684932,13.69863014,44.93150685,29.8630137,1,2
457_130,22.73972603,4.383561644,70.68493151,2.191780822,1,2
457_98,16.71232877,5.205479452,74.79452055,3.287671233,1,2
458_123,30.95890411,9.863013699,42.73972603,16.43835616,1,2
458_130,26.30136986,7.945205479,60,5.753424658,1,2
45_43,17.80821918,7.397260274,11.78082192,63.01369863,1,3
463_136,18.90410959,11.78082192,10.68493151,58.63013699,1,3
464_136,30.68493151,10.95890411,14.52054795,43.83561644,1,3
464_463,17.26027397,18.90410959,36.98630137,26.84931507,1,2
465_278,10.95890411,3.835616438,4.109589041,81.09589041,1,3
466_278,12.60273973,12.32876712,15.89041096,59.17808219,1,3
46_43,10.4109589,13.97260274,49.8630137,25.75342466,1,2
46_45,17.80821918,7.123287671,67.12328767,7.945205479,1,2
470_193,13.42465753,21.09589041,49.31506849,16.16438356,1,2
470_196,13.97260274,18.08219178,13.97260274,53.97260274,1,3
470_197,11.50684932,6.849315068,77.80821918,3.835616438,1,2
470_200,12.32876712,20.2739726,23.01369863,44.38356164,1,3
470_207,43.83561644,1.643835616,54.24657534,0.273972603,1,2
471_193,10.68493151,15.34246575,17.26027397,56.71232877,1,3
471_196,15.06849315,7.671232877,2.739726027,74.52054795,1,3
471_197,14.52054795,13.42465753,53.69863014,18.35616438,1,2
471_198,6.849315068,12.32876712,17.53424658,63.28767123,1,3
471_200,5.205479452,14.52054795,7.397260274,72.87671233,1,3
471_204,8.219178082,13.42465753,13.15068493,65.20547945,1,3
472_197,43.83561644,7.945205479,38.63013699,9.589041096,1,0
472_471,43.83561644,13.69863014,32.32876712,10.1369863,1,0
473_192,13.69863014,8.219178082,61.64383562,16.43835616,1,2
473_198,9.04109589,20,33.97260274,36.98630137,1,3
473_203,10.1369863,16.98630137,32.32876712,40.54794521,1,3
473_204,10.95890411,16.16438356,29.31506849,43.56164384,1,3
473_206,13.69863014,16.98630137,31.78082192,37.53424658,1,3
473_470,15.34246575,16.16438356,33.97260274,34.52054795,1,3
473_471,14.52054795,12.60273973,50.68493151,22.19178082,1,2
473_472,43.83561644,7.123287671,37.26027397,11.78082192,1,0
474_200,6.02739726,17.26027397,25.47945205,51.23287671,1,3
474_203,13.97260274,20,29.8630137,36.16438356,1,3
474_204,8.767123288,19.17808219,30.95890411,41.09589041,1,3
474_206,15.89041096,16.71232877,33.15068493,34.24657534,1,3
474_470,15.89041096,15.89041096,31.23287671,36.98630137,1,3
475_191,80.82191781,3.01369863,14.79452055,1.369863014,1,0
475_193,44.38356164,11.78082192,19.45205479,24.38356164,1,0
475_195,64.10958904,7.123287671,10.1369863,18.63013699,1,0
475_196,48.76712329,8.767123288,4.657534247,37.80821918,1,0
475_197,47.94520548,4.383561644,43.56164384,4.109589041,1,0
475_205,55.06849315,8.493150685,16.16438356,20.2739726,1,0
475_207,80.82191781,2.191780822,16.71232877,0.273972603,1,0
475_472,80.82191781,3.01369863,10.4109589,5.753424658,1,0
475_473,49.5890411,6.301369863,19.45205479,24.65753425,1,0
475_474,42.19178082,7.123287671,27.94520548,22.73972603,1,0
476_192,24.10958904,5.205479452,66.02739726,4.657534247,1,2
476_193,25.75342466,15.06849315,41.91780822,17.26027397,1,2
476_195,45.47945205,13.15068493,30.4109589,10.95890411,1,0
476_196,27.39726027,14.79452055,18.35616438,39.45205479,1,3
476_197,24.38356164,4.109589041,68.76712329,2.739726027,1,2
476_205,40.54794521,11.50684932,34.52054795,13.42465753,1,0
476_207,43.83561644,0.547945205,54.52054795,1.095890411,1,2
476_471,27.12328767,8.767123288,56.71232877,7.397260274,1,2
477_192,24.10958904,3.287671233,69.8630137,2.739726027,1,2
477_193,24.38356164,16.71232877,44.93150685,13.97260274,1,2
477_198,24.38356164,13.69863014,40.2739726,21.64383562,1,2
477_200,24.93150685,22.19178082,35.61643836,17.26027397,1,2
477_204,23.83561644,18.08219178,34.79452055,23.28767123,1,2
477_205,26.84931507,16.16438356,45.20547945,11.78082192,1,2
477_206,23.83561644,15.34246575,38.35616438,22.46575342,1,2
477_470,23.83561644,15.89041096,40,20.2739726,1,2
477_471,23.56164384,6.849315068,64.65753425,4.931506849,1,2
477_472,43.83561644,7.123287671,43.83561644,5.205479452,1,0
477_474,27.94520548,15.34246575,38.90410959,17.80821918,1,2
477_476,37.53424658,13.97260274,29.8630137,18.63013699,1,0
47_43,12.87671233,11.23287671,31.23287671,44.65753425,1,3
47_45,19.45205479,9.315068493,54.52054795,16.71232877,1,2
47_46,12.87671233,12.32876712,20.2739726,54.52054795,1,3
480_176,19.45205479,0.547945205,0.821917808,79.17808219,1,3
480_452,14.79452055,0.547945205,0.273972603,84.38356164,1,3
481_176,24.38356164,1.917808219,0.273972603,73.42465753,1,3
481_452,21.09589041,0.273972603,0.547945205,78.08219178,1,3
483_174,23.01369863,4.657534247,7.123287671,65.20547945,1,3
484_272,10.68493151,21.64383562,20.2739726,47.39726027,1,3
484_273,21.64383562,19.17808219,14.79452055,44.38356164,1,3
484_274,17.80821918,20,29.31506849,32.87671233,1,3
484_275,11.50684932,21.91780822,19.7260274,46.84931507,1,3
485_174,16.43835616,0.273972603,0.273972603,83.01369863,1,3
485_483,23.01369863,3.287671233,0.821917808,72.87671233,1,3
486_271,30.1369863,12.32876712,53.69863014,3.835616438,1,2
486_273,22.73972603,7.397260274,66.02739726,3.835616438,1,2
486_275,12.05479452,10.1369863,72.32876712,5.479452055,1,2
487_273,23.01369863,18.90410959,24.93150685,33.15068493,1,3
487_486,12.05479452,6.02739726,1.369863014,80.54794521,1,3
488_272,15.06849315,20.82191781,12.32876712,51.78082192,1,3
488_273,22.46575342,13.42465753,6.849315068,57.26027397,1,3
488_275,11.78082192,19.17808219,17.53424658,51.50684932,1,3
488_484,22.19178082,20.2739726,14.52054795,43.01369863,1,3
488_486,19.17808219,7.397260274,4.931506849,68.49315068,1,3
488_487,18.90410959,21.64383562,20.2739726,39.17808219,1,3
489_273,21.64383562,3.835616438,1.095890411,73.42465753,1,3
489_488,18.08219178,15.89041096,9.589041096,56.43835616,1,3
491_272,7.123287671,22.73972603,47.67123288,22.46575342,1,2
491_273,13.42465753,23.01369863,43.56164384,20,1,2
491_274,10.4109589,22.19178082,47.39726027,20,1,2
491_275,2.465753425,29.5890411,30.68493151,37.26027397,1,3
491_484,12.60273973,24.38356164,48.21917808,14.79452055,1,2
492_187,12.60273973,8.219178082,4.383561644,74.79452055,1,3
492_38,12.87671233,8.493150685,16.71232877,61.91780822,1,3
493_187,5.753424658,1.643835616,0,92.60273973,1,3
493_492,12.05479452,6.849315068,15.89041096,65.20547945,1,3
495_125,37.26027397,5.205479452,55.06849315,2.465753425,1,2
495_457,29.8630137,10.4109589,40.82191781,18.90410959,1,2
495_98,32.87671233,2.465753425,61.91780822,2.739726027,1,2
497_111,8.767123288,7.671232877,39.17808219,44.38356164,1,3
497_121,12.60273973,12.32876712,28.76712329,46.30136986,1,3
497_304,53.69863014,4.657534247,1.643835616,40,1,0
497_495,32.60273973,7.397260274,7.945205479,52.05479452,1,3
498_138,20.2739726,10.1369863,19.17808219,50.4109589,1,3
498_312,5.753424658,8.493150685,6.02739726,79.7260274,1,3
499_140,28.21917808,9.589041096,54.24657534,7.945205479,1,2
499_141,12.60273973,10.4109589,71.50684932,5.479452055,1,2
499_314,12.87671233,4.383561644,79.17808219,3.561643836,1,2
501_431,19.17808219,8.219178082,68.49315068,4.109589041,1,2
501_500,7.671232877,13.97260274,69.8630137,8.493150685,1,2
502_189,7.397260274,13.69863014,11.23287671,67.67123288,1,3
502_455,36.71232877,8.767123288,4.383561644,50.1369863,1,3
503_502,16.98630137,12.05479452,64.65753425,6.301369863,1,2
504_365,3.01369863,15.34246575,73.69863014,7.945205479,1,2
504_366,25.47945205,14.24657534,15.89041096,44.38356164,1,3
506_365,3.287671233,15.61643836,73.15068493,7.945205479,1,2
506_504,1.917808219,26.57534247,47.12328767,24.38356164,1,2
507_366,29.5890411,10.68493151,5.205479452,54.52054795,1,3
507_506,7.397260274,12.87671233,5.479452055,74.24657534,1,3
509_234,9.863013699,11.50684932,71.23287671,7.397260274,1,2
509_236,10.1369863,3.01369863,86.30136986,0.547945205,1,2
509_237,20.54794521,17.53424658,40.54794521,21.36986301,1,2
509_346,23.01369863,1.643835616,74.79452055,0.547945205,1,2
509_348,16.71232877,3.835616438,77.80821918,1.643835616,1,2
510_236,9.589041096,5.205479452,80.82191781,4.383561644,1,2
510_237,15.06849315,16.16438356,41.09589041,27.67123288,1,2
510_346,22.46575342,0.821917808,76.16438356,0.547945205,1,2
510_347,10.1369863,0,89.04109589,0.821917808,1,2
510_348,11.50684932,6.849315068,78.35616438,3.287671233,1,2
511_234,9.589041096,20.2739726,50.4109589,19.7260274,1,2
511_235,1.095890411,25.20547945,26.30136986,47.39726027,1,3
511_346,23.28767123,3.561643836,72.87671233,0.273972603,1,2
511_509,5.205479452,26.84931507,26.30136986,41.64383562,1,3
513_284,11.50684932,1.369863014,84.38356164,2.739726027,1,2
513_287,10.68493151,8.493150685,5.753424658,75.06849315,1,3
513_288,24.38356164,4.931506849,67.67123288,3.01369863,1,2
515_168,32.87671233,0.273972603,66.84931507,0,1,2
515_334,23.83561644,6.02739726,67.67123288,2.465753425,1,2
515_439,31.50684932,0.273972603,67.94520548,0.273972603,1,2
515_447,21.09589041,6.575342466,69.8630137,2.465753425,1,2
516_166,13.97260274,5.205479452,9.863013699,70.95890411,1,3
516_334,3.287671233,11.50684932,29.8630137,55.34246575,1,3
516_439,10.95890411,10.1369863,62.19178082,16.71232877,1,2
516_447,0.547945205,20.82191781,26.02739726,52.60273973,1,3
516_515,20.54794521,3.01369863,3.01369863,73.42465753,1,3
520_363,13.15068493,0.821917808,86.02739726,0,1,2
521_394,5.205479452,12.60273973,70.1369863,12.05479452,1,2
521_409,5.479452055,3.561643836,87.94520548,3.01369863,1,2
521_437,0.547945205,4.383561644,91.78082192,3.287671233,1,2
523_386,15.34246575,4.109589041,1.643835616,78.90410959,1,3
523_387,13.42465753,3.835616438,78.08219178,4.657534247,1,2
523_388,24.65753425,7.945205479,5.753424658,61.64383562,1,3
523_389,19.17808219,1.095890411,1.095890411,78.63013699,1,3
523_409,8.219178082,13.97260274,58.63013699,19.17808219,1,2
524_388,28.49315068,12.32876712,38.63013699,20.54794521,1,2
524_389,23.28767123,18.35616438,13.15068493,45.20547945,1,3
524_394,11.50684932,7.945205479,72.60273973,7.945205479,1,2
524_409,12.32876712,2.739726027,82.73972603,2.191780822,1,2
524_437,7.123287671,3.287671233,88.49315068,1.095890411,1,2
524_521,6.301369863,15.06849315,36.71232877,41.91780822,1,3
524_523,7.945205479,6.575342466,80,5.479452055,1,2
525_165,8.493150685,10.95890411,62.46575342,18.08219178,1,2
525_404,10.68493151,20.82191781,12.32876712,56.16438356,1,3
526_164,33.97260274,11.23287671,46.30136986,8.493150685,1,2
526_165,15.89041096,12.05479452,57.80821918,14.24657534,1,2
526_404,21.91780822,16.98630137,18.35616438,42.73972603,1,3
526_525,15.61643836,21.91780822,42.73972603,19.7260274,1,2
527_165,7.945205479,8.767123288,79.17808219,4.109589041,1,2
527_525,7.397260274,10.95890411,77.26027397,4.383561644,1,2
527_526,13.15068493,24.38356164,47.39726027,15.06849315,1,2
528_136,22.19178082,14.79452055,18.08219178,44.93150685,1,3
528_464,20.54794521,18.63013699,28.21917808,32.60273973,1,3
529_297,14.79452055,3.01369863,79.45205479,2.739726027,1,2
530_290,10.4109589,7.671232877,75.34246575,6.575342466,1,2
530_295,14.79452055,0.273972603,84.38356164,0.547945205,1,2
530_298,2.191780822,26.30136986,45.47945205,26.02739726,1,2
530_299,14.52054795,1.917808219,82.73972603,0.821917808,1,2
530_303,13.42465753,0.547945205,85.47945205,0.547945205,1,2
530_529,5.205479452,19.45205479,54.52054795,20.82191781,1,2
532_276,10.1369863,8.219178082,76.16438356,5.479452055,1,2
532_465,10.4109589,0.547945205,88.49315068,0.547945205,1,2
532_466,9.863013699,10.68493151,71.50684932,7.945205479,1,2
534_103,10.95890411,15.89041096,20,53.15068493,1,3
534_134,12.05479452,13.42465753,13.15068493,61.36986301,1,3
534_300,10.1369863,15.89041096,57.53424658,16.43835616,1,2
536_241,19.17808219,18.08219178,24.10958904,38.63013699,1,3
536_305,9.863013699,15.06849315,52.32876712,22.73972603,1,2
536_306,16.71232877,15.06849315,10.95890411,57.26027397,1,3
536_450,7.671232877,18.90410959,45.20547945,28.21917808,1,2
537_241,11.50684932,17.53424658,18.90410959,52.05479452,1,3
537_305,9.589041096,15.61643836,35.34246575,39.45205479,1,3
537_306,9.315068493,16.43835616,10.4109589,63.83561644,1,3
537_307,20.2739726,19.17808219,12.32876712,48.21917808,1,3
538_241,11.78082192,20.54794521,31.50684932,36.16438356,1,3
538_306,9.863013699,16.71232877,10.4109589,63.01369863,1,3
538_307,20.54794521,25.20547945,18.63013699,35.61643836,1,3
538_450,0.547945205,26.57534247,35.61643836,37.26027397,1,3
538_536,7.945205479,20.54794521,32.32876712,39.17808219,1,3
539_450,6.575342466,8.493150685,9.589041096,75.34246575,1,3
539_538,8.219178082,0.273972603,0.821917808,90.68493151,1,3
53_12,10.1369863,12.87671233,62.19178082,14.79452055,1,2
53_5,0.547945205,16.71232877,27.67123288,55.06849315,1,3
53_6,0.273972603,21.09589041,10.68493151,67.94520548,1,3
53_7,1.643835616,10.95890411,78.90410959,8.493150685,1,2
541_234,11.78082192,10.95890411,17.80821918,59.45205479,1,3
541_235,3.287671233,8.767123288,7.945205479,80,1,3
541_236,11.78082192,16.98630137,29.31506849,41.91780822,1,3
541_509,7.397260274,5.753424658,4.383561644,82.46575342,1,3
541_510,1.917808219,9.589041096,7.123287671,81.36986301,1,3
541_511,3.01369863,8.493150685,6.575342466,81.91780822,1,3
546_9,74.52054795,0.547945205,1.917808219,23.01369863,1,0
547_278,10.95890411,12.05479452,15.34246575,61.64383562,1,3
547_532,0.821917808,15.61643836,6.02739726,77.53424658,1,3
548_278,10.95890411,12.87671233,11.23287671,64.93150685,1,3
548_532,0.821917808,9.863013699,6.02739726,83.28767123,1,3
54_43,15.34246575,1.095890411,81.91780822,1.643835616,1,2
54_45,22.46575342,0,77.53424658,0,1,2
54_47,17.53424658,0.547945205,81.64383562,0.273972603,1,2
551_415,16.16438356,4.383561644,76.43835616,3.01369863,1,2
552_419,19.45205479,12.32876712,15.61643836,52.60273973,1,3
554_279,16.98630137,6.02739726,73.42465753,3.561643836,1,2
554_281,21.36986301,12.32876712,5.753424658,60.54794521,1,3
555_248,14.79452055,15.06849315,47.67123288,22.46575342,1,2
555_249,7.123287671,14.52054795,11.78082192,66.57534247,1,3
555_251,9.863013699,20.2739726,46.30136986,23.56164384,1,2
556_222,10.1369863,12.87671233,12.60273973,64.38356164,1,3
556_318,13.97260274,6.575342466,75.89041096,3.561643836,1,2
556_321,11.78082192,4.109589041,83.01369863,1.095890411,1,2
557_222,16.71232877,19.45205479,40,23.83561644,1,2
557_318,23.28767123,2.465753425,73.69863014,0.547945205,1,2
557_321,20.54794521,0.821917808,78.63013699,0,1,2
557_556,13.42465753,14.24657534,59.17808219,13.15068493,1,2
558_221,39.17808219,12.60273973,34.52054795,13.69863014,1,0
558_222,27.39726027,15.06849315,43.56164384,13.97260274,1,2
558_318,28.76712329,3.287671233,66.30136986,1.643835616,1,2
558_321,38.63013699,0.273972603,60.2739726,0.821917808,1,2
558_556,29.04109589,10.4109589,55.89041096,4.657534247,1,2
559_278,26.57534247,18.35616438,39.7260274,15.34246575,1,2
559_532,15.61643836,23.28767123,40.82191781,20.2739726,1,2
560_276,12.05479452,14.52054795,50.95890411,22.46575342,1,2
560_465,12.32876712,6.02739726,76.71232877,4.931506849,1,2
560_466,11.78082192,16.71232877,42.73972603,28.76712329,1,2
560_532,3.01369863,14.24657534,10.95890411,71.78082192,1,3
560_547,2.739726027,17.53424658,47.39726027,32.32876712,1,2
560_548,2.739726027,15.89041096,56.43835616,24.93150685,1,2
560_559,16.43835616,11.78082192,10.68493151,61.09589041,1,3
562_263,26.84931507,13.42465753,9.589041096,50.1369863,1,3
562_448,6.301369863,5.479452055,2.191780822,86.02739726,1,3
563_257,25.75342466,10.1369863,18.35616438,45.75342466,1,3
563_259,10.95890411,1.369863014,0.547945205,87.12328767,1,3
563_263,16.71232877,0.273972603,0.273972603,82.73972603,1,3
563_342,12.60273973,14.79452055,27.12328767,45.47945205,1,3
563_343,13.97260274,11.23287671,12.32876712,62.46575342,1,3
564_260,10.4109589,12.32876712,46.57534247,30.68493151,1,2
564_261,14.79452055,8.219178082,67.12328767,9.863013699,1,2
564_263,16.43835616,9.589041096,14.79452055,59.17808219,1,3
564_563,1.095890411,1.369863014,96.98630137,0.547945205,1,2
565_219,23.28767123,17.53424658,20,39.17808219,1,3
569_350,27.12328767,1.369863014,70.4109589,1.095890411,1,2
569_440,5.753424658,11.50684932,63.01369863,19.7260274,1,2
570_266,10.4109589,14.24657534,9.863013699,65.47945205,1,3
570_29,18.63013699,22.73972603,29.04109589,29.5890411,1,3
570_424,9.589041096,3.287671233,83.56164384,3.561643836,1,2
573_102,19.7260274,16.71232877,16.98630137,46.57534247,1,3
573_313,13.97260274,1.369863014,81.36986301,3.287671233,1,2
573_57,20.82191781,15.61643836,23.01369863,40.54794521,1,3
574_546,18.90410959,7.671232877,27.94520548,45.47945205,1,3
574_9,64.93150685,3.287671233,0.821917808,30.95890411,1,0
576_196,10.68493151,17.80821918,10.4109589,61.09589041,1,3
576_197,10.68493151,5.479452055,75.89041096,7.945205479,1,2
576_200,1.369863014,28.21917808,29.31506849,41.09589041,1,3
576_206,11.50684932,24.10958904,21.64383562,42.73972603,1,3
576_207,43.83561644,1.917808219,53.97260274,0.273972603,1,2
576_470,11.50684932,21.09589041,25.20547945,42.19178082,1,3
576_472,43.83561644,8.493150685,33.42465753,14.24657534,1,0
576_477,23.28767123,14.52054795,11.50684932,50.68493151,1,3
577_297,55.06849315,5.753424658,33.42465753,5.753424658,1,0
577_298,55.06849315,0.821917808,0,44.10958904,1,0
577_529,55.06849315,3.561643836,6.301369863,35.06849315,1,0
578_255,16.43835616,7.671232877,71.50684932,4.383561644,1,2
578_399,14.24657534,3.561643836,80.54794521,1.643835616,1,2
579_255,27.12328767,7.123287671,61.64383562,4.109589041,1,2
579_399,24.93150685,4.109589041,69.04109589,1.917808219,1,2
581_255,24.93150685,10.4109589,53.69863014,10.95890411,1,2
581_399,22.73972603,3.01369863,72.32876712,1.917808219,1,2
581_578,13.69863014,18.90410959,27.67123288,39.7260274,1,3
581_579,21.91780822,18.08219178,20.2739726,39.7260274,1,3
583_2,42.19178082,9.863013699,25.20547945,22.73972603,1,0
586_584,1.369863014,18.35616438,25.75342466,54.52054795,1,3
586_585,1.369863014,19.7260274,28.21917808,50.68493151,1,3
587_585,21.36986301,16.16438356,27.67123288,34.79452055,1,3
587_586,22.73972603,13.42465753,44.93150685,18.90410959,1,2
588_587,22.46575342,1.643835616,0.821917808,75.06849315,1,3
589_584,23.28767123,8.219178082,10.1369863,58.35616438,1,3
589_585,23.28767123,14.24657534,12.60273973,49.8630137,1,3
589_586,24.10958904,10.95890411,11.23287671,53.69863014,1,3
589_588,24.10958904,5.753424658,62.46575342,7.671232877,1,2
591_229,41.36986301,12.05479452,36.98630137,9.589041096,1,0
596_422,2.191780822,7.945205479,78.35616438,11.50684932,1,2
596_423,1.095890411,18.08219178,62.73972603,18.08219178,1,2
597_266,18.08219178,21.91780822,19.7260274,40.2739726,1,3
598_355,13.69863014,15.61643836,53.15068493,17.53424658,1,2
600_130,25.20547945,5.753424658,60.2739726,8.767123288,1,2
600_457,11.23287671,16.16438356,9.863013699,62.73972603,1,3
600_497,13.69863014,14.52054795,57.80821918,13.97260274,1,2
600_98,14.24657534,9.863013699,66.84931507,9.04109589,1,2
602_176,11.50684932,16.16438356,62.46575342,9.863013699,1,2
602_480,17.53424658,0,82.46575342,0,1,2
602_481,19.7260274,0,80.2739726,0,1,2
603_176,9.863013699,6.575342466,4.931506849,78.63013699,1,3
603_481,27.39726027,8.767123288,53.97260274,9.863013699,1,2
603_602,12.87671233,2.191780822,0.821917808,84.10958904,1,3
604_273,14.52054795,4.109589041,3.561643836,77.80821918,1,3
604_275,8.767123288,7.397260274,2.739726027,81.09589041,1,3
604_488,14.79452055,19.7260274,15.06849315,50.4109589,1,3
605_273,17.80821918,13.42465753,13.42465753,55.34246575,1,3
605_275,8.767123288,16.43835616,27.39726027,47.39726027,1,3
605_488,17.53424658,20.54794521,38.08219178,23.83561644,1,2
605_489,14.79452055,13.97260274,61.91780822,9.315068493,1,2
605_604,12.05479452,11.50684932,65.75342466,10.68493151,1,2
607_362,12.60273973,0,87.39726027,0,1,2
607_363,13.15068493,1.917808219,84.38356164,0.547945205,1,2
607_520,1.643835616,14.52054795,30.68493151,53.15068493,1,3
608_492,68.76712329,6.02739726,21.09589041,4.109589041,1,0
609_254,9.315068493,5.205479452,80.82191781,4.657534247,1,2
609_27,11.50684932,8.493150685,67.67123288,12.32876712,1,2
610_254,9.589041096,3.561643836,86.02739726,0.821917808,1,2
610_609,0.273972603,13.15068493,77.26027397,9.315068493,1,2
611_540,10.95890411,11.50684932,16.71232877,60.82191781,1,3
616_295,22.73972603,2.191780822,72.32876712,2.739726027,1,2
616_303,23.28767123,8.767123288,62.73972603,5.205479452,1,2
616_530,22.73972603,0.821917808,0.547945205,75.89041096,1,3
617_108,39.45205479,0.821917808,0.821917808,58.90410959,1,3
618_254,9.863013699,1.095890411,88.49315068,0.547945205,1,2
618_27,12.32876712,3.01369863,84.10958904,0.547945205,1,2
618_610,1.643835616,16.16438356,69.8630137,12.32876712,1,2
619_227,12.32876712,14.52054795,42.73972603,30.4109589,1,2
620_225,10.4109589,13.42465753,12.87671233,63.28767123,1,3
620_407,6.849315068,17.53424658,44.93150685,30.68493151,1,2
620_408,0.821917808,9.863013699,80.2739726,9.04109589,1,2
621_225,10.68493151,17.53424658,47.67123288,24.10958904,1,2
621_407,7.123287671,7.671232877,75.61643836,9.589041096,1,2
621_408,2.191780822,1.917808219,93.42465753,2.465753425,1,2
621_443,5.753424658,15.89041096,47.12328767,31.23287671,1,2
622_411,33.69863014,4.109589041,3.835616438,58.35616438,1,3
622_412,54.52054795,4.931506849,32.60273973,7.945205479,1,0
623_276,15.61643836,13.97260274,54.52054795,15.89041096,1,2
623_465,14.52054795,7.671232877,75.06849315,2.739726027,1,2
623_466,15.61643836,14.24657534,53.42465753,16.71232877,1,2
623_532,9.589041096,15.89041096,15.34246575,59.17808219,1,3
623_547,9.315068493,18.35616438,50.68493151,21.64383562,1,2
623_548,9.315068493,20,60,10.68493151,1,2
623_559,23.83561644,17.53424658,13.69863014,44.93150685,1,3
624_284,23.28767123,7.945205479,62.73972603,6.02739726,1,2
624_451,25.47945205,14.24657534,14.24657534,46.02739726,1,3
62_12,42.46575342,10.1369863,27.12328767,20.2739726,1,0
62_5,35.89041096,5.479452055,2.465753425,56.16438356,1,3
62_53,35.89041096,6.301369863,6.575342466,51.23287671,1,3
62_7,37.26027397,11.78082192,27.94520548,23.01369863,1,0
634_366,26.84931507,11.23287671,9.589041096,52.32876712,1,3
634_506,3.01369863,15.34246575,11.78082192,69.8630137,1,3
635_350,23.28767123,0.273972603,76.43835616,0,1,2
635_440,13.97260274,2.465753425,82.73972603,0.821917808,1,2
636_520,0,13.97260274,24.38356164,61.64383562,1,3
642_639,24.93150685,0.547945205,0,74.52054795,1,3
643_141,11.78082192,14.24657534,63.28767123,10.68493151,1,2
643_314,12.05479452,2.465753425,83.56164384,1.917808219,1,2
645_374,15.34246575,2.191780822,82.46575342,0,1,2
646_455,35.06849315,7.671232877,5.205479452,52.05479452,1,3
646_503,18.08219178,10.1369863,7.671232877,64.10958904,1,3
648_390,15.06849315,7.123287671,67.12328767,10.68493151,1,2
649_387,12.32876712,6.02739726,75.34246575,6.301369863,1,2
649_388,23.28767123,5.753424658,3.01369863,67.94520548,1,3
649_389,18.63013699,3.561643836,0.547945205,77.26027397,1,3
649_394,6.575342466,16.71232877,16.43835616,60.2739726,1,3
649_437,3.835616438,7.397260274,75.89041096,12.87671233,1,2
649_521,1.369863014,11.78082192,6.575342466,80.2739726,1,3
649_524,8.219178082,5.479452055,3.01369863,83.28767123,1,3
650_409,9.315068493,14.24657534,51.23287671,25.20547945,1,2
650_521,3.835616438,10.95890411,12.87671233,72.32876712,1,3
650_524,10.4109589,4.657534247,2.739726027,82.19178082,1,3
650_649,4.109589041,17.53424658,47.39726027,30.95890411,1,2
651_236,12.87671233,7.123287671,68.49315068,11.50684932,1,2
651_346,25.47945205,3.287671233,69.04109589,2.191780822,1,2
651_347,13.15068493,3.01369863,77.26027397,6.575342466,1,2
651_348,12.05479452,6.849315068,73.42465753,7.671232877,1,2
651_511,3.01369863,21.09589041,47.39726027,28.49315068,1,2
652_234,21.64383562,12.05479452,11.50684932,54.79452055,1,3
652_235,14.24657534,5.479452055,4.383561644,75.89041096,1,3
652_237,28.76712329,5.205479452,17.26027397,48.76712329,1,3
652_347,21.36986301,3.01369863,72.87671233,2.739726027,1,2
652_509,18.35616438,7.671232877,1.917808219,72.05479452,1,3
652_510,13.15068493,6.301369863,2.739726027,77.80821918,1,3
652_511,13.42465753,12.87671233,10.1369863,63.56164384,1,3
652_651,16.16438356,8.493150685,15.34246575,60,1,3
654_278,16.98630137,5.205479452,3.561643836,74.24657534,1,3
654_532,6.301369863,3.835616438,1.917808219,87.94520548,1,3
654_560,6.02739726,12.60273973,11.23287671,70.1369863,1,3
654_623,14.52054795,4.657534247,8.767123288,72.05479452,1,3
655_136,30.4109589,4.657534247,62.73972603,2.191780822,1,2
656_242,53.15068493,8.767123288,7.397260274,30.68493151,1,0
656_306,25.47945205,13.42465753,8.767123288,52.32876712,1,3
656_539,26.30136986,4.931506849,64.38356164,4.383561644,1,2
658_108,1.917808219,0.547945205,0.273972603,97.26027397,1,3
659_257,35.06849315,0.273972603,64.38356164,0.273972603,1,2
659_261,19.7260274,0.821917808,79.17808219,0.273972603,1,2
659_263,25.75342466,17.53424658,13.97260274,42.73972603,1,3
659_342,22.19178082,0,77.80821918,0,1,2
659_343,23.01369863,0.547945205,76.43835616,0,1,2
659_448,10.1369863,8.219178082,4.109589041,77.53424658,1,3
659_562,15.34246575,15.89041096,59.17808219,9.589041096,1,2
660_260,15.89041096,9.589041096,26.84931507,47.67123288,1,3
660_342,18.35616438,7.945205479,66.02739726,7.671232877,1,2
660_563,6.849315068,5.753424658,80.82191781,6.575342466,1,2
663_186,11.23287671,4.383561644,80.82191781,3.561643836,1,2
663_325,15.61643836,1.917808219,80.82191781,1.643835616,1,2
663_329,21.36986301,9.589041096,64.65753425,4.383561644,1,2
663_39,18.35616438,2.191780822,79.17808219,0.273972603,1,2
664_186,10.1369863,20.82191781,47.94520548,21.09589041,1,2
664_329,18.35616438,11.78082192,53.69863014,16.16438356,1,2
664_39,17.53424658,4.931506849,72.87671233,4.657534247,1,2
664_663,5.205479452,14.24657534,7.671232877,72.87671233,1,3
665_186,10.1369863,15.89041096,63.28767123,10.68493151,1,2
665_325,15.06849315,5.753424658,75.61643836,3.561643836,1,2
665_663,4.931506849,19.45205479,14.24657534,61.36986301,1,3
670_249,5.753424658,10.68493151,7.671232877,75.89041096,1,3
6_5,0.547945205,23.01369863,46.02739726,30.4109589,1,2
78_12,10.4109589,5.479452055,78.63013699,5.479452055,1,2
78_5,1.095890411,29.31506849,29.5890411,40,1,3
78_53,0.821917808,19.17808219,50.1369863,29.8630137,1,2
78_7,2.191780822,12.32876712,76.43835616,9.04109589,1,2
7_5,1.917808219,9.315068493,8.767123288,80,1,3
7_6,1.643835616,3.287671233,2.191780822,92.87671233,1,3
