24.2 km,61,90,E02000092,Bexley 028,0.13654,51.42273
19.5 km,65,89,E02000091,Bexley 027,0.11106,51.42538
18.5 km,46,88,E02000090,Bexley 026,0.09709,51.43027
16.6 km,47,87,E02000089,Bexley 025,0.08592,51.43666
19.7 km,44,86,E02000088,Bexley 024,0.12283,51.43861
21.2 km,45,85,E02000087,Bexley 023,0.1521,51.44116
20.7 km,63,84,E02000086,Bexley 022,0.09769,51.44427
18.4 km,67,83,E02000085,Bexley 021,0.11041,51.44845
20.7 km,61,82,E02000084,Bexley 020,0.12764,51.45271
24.0 km,54,81,E02000083,Bexley 019,0.18173,51.4526
16.3 km,49,80,E02000082,Bexley 018,0.08959,51.45861
22.6 km,73,79,E02000081,Bexley 017,0.15967,51.4562
17.8 km,51,78,E02000080,Bexley 016,0.10515,51.45951
20.1 km,54,77,E02000079,Bexley 015,0.13997,51.45871
22.3 km,63,76,E02000078,Bexley 014,0.1674,51.46547
18.7 km,55,75,E02000077,Bexley 013,0.11442,51.46771
21.0 km,56,74,E02000075,Bexley 011,0.1438,51.46901
23.3 km,71,73,E02000074,Bexley 010,0.17725,51.46885
20.6 km,61,72,E02000073,Bexley 009,0.12708,51.47198
24.4 km,62,71,E02000072,Bexley 008,0.19768,51.47133
22.5 km,66,70,E02000071,Bexley 007,0.15609,51.47438
19.3 km,62,69,E02000070,Bexley 006,0.13394,51.48154
21.9 km,71,68,E02000069,Bexley 005,0.15995,51.48267
21.4 km,64,67,E02000068,Bexley 004,0.16984,51.48868
19.7 km,47,66,E02000067,Bexley 003,0.15168,51.49379
18.1 km,51,65,E02000066,Bexley 002,0.13058,51.49353
Error,,64,E02000065,Bexley 001,0.13615,51.503
11.9 km,40,63,E02000064,Barnet 041,-0.20233,51.56032
14.2 km,44,62,E02000063,Barnet 040,-0.21115,51.56616
14.8 km,45,61,E02000062,Barnet 039,-0.2219,51.56952
12.4 km,33,60,E02000061,Barnet 038,-0.19528,51.56988
14.1 km,37,59,E02000060,Barnet 037,-0.20769,51.57902
15.5 km,45,58,E02000059,Barnet 036,-0.24377,51.57859
13.8 km,46,57,E02000058,Barnet 035,-0.19499,51.58302
15.7 km,42,56,E02000057,Barnet 034,-0.21783,51.58294
15.0 km,50,55,E02000056,Barnet 033,-0.17782,51.58128
15.5 km,41,54,E02000055,Barnet 032,-0.22382,51.58785
16.4 km,51,53,E02000054,Barnet 031,-0.2314,51.59282
17.3 km,58,52,E02000053,Barnet 030,-0.24656,51.59335
13.6 km,40,51,E02000052,Barnet 029,-0.16888,51.59148
16.3 km,46,50,E02000051,Barnet 028,-0.19943,51.59415
16.6 km,48,49,E02000050,Barnet 027,-0.17165,51.60017
20.0 km,50,48,E02000049,Barnet 026,-0.24622,51.60216
17.8 km,61,47,E02000048,Barnet 025,-0.21862,51.60247
18.3 km,38,46,E02000047,Barnet 024,-0.26231,51.60268
16.1 km,43,45,E02000046,Barnet 023,-0.18859,51.60171
15.2 km,48,44,E02000045,Barnet 022,-0.15442,51.60623
19.8 km,52,43,E02000044,Barnet 021,-0.25393,51.61019
17.4 km,48,42,E02000043,Barnet 020,-0.19376,51.61398
17.5 km,50,41,E02000042,Barnet 019,-0.17794,51.6118
19.9 km,43,40,E02000041,Barnet 018,-0.27257,51.61348
19.1 km,69,39,E02000040,Barnet 017,-0.21787,51.61725
23.4 km,56,38,E02000039,Barnet 016,-0.24203,51.61537
14.5 km,52,37,E02000038,Barnet 015,-0.15514,51.61548
22.4 km,67,36,E02000037,Barnet 014,-0.28413,51.62868
21.8 km,53,35,E02000036,Barnet 013,-0.26322,51.62305
18.0 km,46,34,E02000035,Barnet 012,-0.1838,51.62202
18.2 km,51,33,E02000034,Barnet 011,-0.16578,51.62264
15.9 km,51,32,E02000033,Barnet 010,-0.14881,51.62634
18.4 km,58,31,E02000032,Barnet 009,-0.13988,51.63146
16.7 km,46,30,E02000031,Barnet 008,-0.17386,51.63277
23.7 km,68,29,E02000030,Barnet 007,-0.2278,51.63841
16.6 km,43,28,E02000029,Barnet 006,-0.16246,51.64247
17.8 km,45,27,E02000028,Barnet 005,-0.17793,51.64424
20.7 km,59,26,E02000027,Barnet 004,-0.20334,51.64538
21.5 km,61,25,E02000026,Barnet 003,-0.15593,51.64787
18.2 km,50,24,E02000025,Barnet 002,-0.18038,51.65515
23.0 km,57,23,E02000024,Barnet 001,-0.20276,51.65803
17.5 km,53,22,E02000023,Barking and Dagenham 022,0.11271,51.52786
15.4 km,40,21,E02000022,Barking and Dagenham 021,0.08019,51.5321
23.2 km,83,20,E02000021,Barking and Dagenham 020,0.15372,51.52458
17.7 km,50,19,E02000020,Barking and Dagenham 019,0.10465,51.5247
21.4 km,57,18,E02000019,Barking and Dagenham 018,0.13459,51.52879
16.4 km,44,17,E02000018,Barking and Dagenham 017,0.11176,51.53857
14.5 km,37,16,E02000017,Barking and Dagenham 016,0.08712,51.54046
14.6 km,37,15,E02000016,Barking and Dagenham 015,0.0754,51.53938
20.9 km,51,14,E02000015,Barking and Dagenham 014,0.16249,51.53704
19.2 km,42,13,E02000014,Barking and Dagenham 013,0.14404,51.54029
18.0 km,43,12,E02000013,Barking and Dagenham 012,0.12243,51.54338
16.3 km,42,11,E02000012,Barking and Dagenham 011,0.0988,51.54415
20.4 km,44,10,E02000011,Barking and Dagenham 010,0.16912,51.54529
19.3 km,43,9,E02000010,Barking and Dagenham 009,0.14837,51.54687
17.2 km,50,8,E02000009,Barking and Dagenham 008,0.11831,51.55157
18.6 km,57,7,E02000008,Barking and Dagenham 007,0.1353,51.55264
21.9 km,53,6,E02000007,Barking and Dagenham 006,0.15733,51.55809
21.2 km,55,5,E02000005,Barking and Dagenham 004,0.14332,51.56142
22.4 km,59,4,E02000004,Barking and Dagenham 003,0.17683,51.55548
18.7 km,45,3,E02000003,Barking and Dagenham 002,0.1409,51.57493
22.0 km,56,2,E02000002,Barking and Dagenham 001,0.13948,51.58827
1 m,1,1,E02000001,City of London 001,-0.09213,51.51482
13.7 km,47,90,E02000932,Wandsworth 010,-0.20287,51.46123
8.8 km,37,89,E02000931,Wandsworth 009,-0.15656,51.46037
9.7 km,31,88,E02000930,Wandsworth 008,-0.16542,51.46619
9.8 km,31,87,E02000929,Wandsworth 007,-0.17689,51.46578
13.7 km,47,86,E02000928,Wandsworth 006,-0.22523,51.46736
9.5 km,42,85,E02000927,Wandsworth 005,-0.15403,51.46789
10.3 km,38,84,E02000926,Wandsworth 004,-0.17529,51.47097
8.8 km,50,83,E02000925,Wandsworth 003,-0.16258,51.47328
7.8 km,34,82,E02000924,Wandsworth 002,-0.14267,51.47767
8.9 km,54,81,E02000923,Wandsworth 001,-0.1612,51.4781
11.4 km,36,80,E02000922,Waltham Forest 028,0.01214,51.55583
10.3 km,32,79,E02000921,Waltham Forest 027,0.00202,51.55727
10.5 km,35,78,E02000920,Waltham Forest 026,-0.01587,51.55894
10.3 km,33,77,E02000919,Waltham Forest 025,-0.00367,51.56216
11.6 km,30,76,E02000918,Waltham Forest 024,0.01179,51.56599
11.2 km,32,75,E02000917,Waltham Forest 023,-0.00904,51.56648
12.1 km,39,74,E02000916,Waltham Forest 022,-0.03519,51.56753
12.2 km,38,73,E02000915,Waltham Forest 021,0.00849,51.57511
12.2 km,37,72,E02000914,Waltham Forest 020,-0.01347,51.57413
12.6 km,37,71,E02000913,Waltham Forest 019,-0.00114,51.57552
10.7 km,38,70,E02000912,Waltham Forest 018,-0.04335,51.57611
10.2 km,32,69,E02000911,Waltham Forest 017,-0.02952,51.58205
17.5 km,42,68,E02000910,Waltham Forest 016,-0.01796,51.58227
12.4 km,37,67,E02000909,Waltham Forest 015,0.00153,51.58547
16.3 km,42,66,E02000908,Waltham Forest 014,-0.04427,51.58898
12.4 km,36,65,E02000907,Waltham Forest 013,-0.00485,51.58846
16.7 km,48,64,E02000906,Waltham Forest 012,-0.02784,51.59065
14.6 km,59,63,E02000905,Waltham Forest 011,-0.01833,51.59388
21.5 km,56,62,E02000904,Waltham Forest 010,0.00225,51.5971
16.5 km,58,61,E02000903,Waltham Forest 009,-0.03288,51.60095
15.4 km,46,60,E02000902,Waltham Forest 008,-0.0106,51.60391
15.0 km,41,59,E02000901,Waltham Forest 007,0.00514,51.60744
19.2 km,72,58,E02000900,Waltham Forest 006,-0.02534,51.61141
19.2 km,68,57,E02000899,Waltham Forest 005,-0.01761,51.61846
16.8 km,53,56,E02000898,Waltham Forest 004,-0.00573,51.6184
20.1 km,55,55,E02000897,Waltham Forest 003,0.01091,51.61906
17.4 km,45,54,E02000896,Waltham Forest 002,0.00988,51.63315
21.6 km,67,53,E02000895,Waltham Forest 001,-0.0092,51.63494
8.3 km,29,52,E02000894,Tower Hamlets 031,-0.01969,51.49022
8.8 km,29,51,E02000893,Tower Hamlets 030,-0.00915,51.49135
7.9 km,29,50,E02000891,Tower Hamlets 028,-0.0074,51.50477
3.4 km,28,49,E02000890,Tower Hamlets 027,-0.06548,51.5066
3.8 km,20,48,E02000889,Tower Hamlets 026,-0.06371,51.50824
3.7 km,19,47,E02000888,Tower Hamlets 025,-0.04813,51.51066
5.8 km,23,46,E02000887,Tower Hamlets 024,-0.02108,51.51137
5.6 km,20,45,E02000886,Tower Hamlets 023,-0.03158,51.51173
3.3 km,14,44,E02000885,Tower Hamlets 022,-0.05339,51.51258
2.8 km,19,43,E02000884,Tower Hamlets 021,-0.0665,51.5142
7.8 km,29,42,E02000883,Tower Hamlets 020,-0.01341,51.51351
4.7 km,20,41,E02000882,Tower Hamlets 019,-0.03978,51.51675
8.0 km,36,40,E02000881,Tower Hamlets 018,-0.00849,51.51642
3.8 km,22,39,E02000880,Tower Hamlets 017,-0.05594,51.51737
4.3 km,23,38,E02000879,Tower Hamlets 016,-0.04816,51.51733
2.9 km,20,37,E02000878,Tower Hamlets 015,-0.0716,51.51901
5.6 km,25,36,E02000877,Tower Hamlets 014,-0.03019,51.5202
4.0 km,21,35,E02000876,Tower Hamlets 013,-0.05898,51.5226
6.0 km,30,34,E02000875,Tower Hamlets 012,-0.02209,51.52237
3.7 km,17,33,E02000874,Tower Hamlets 011,-0.0529,51.52471
5.0 km,25,32,E02000873,Tower Hamlets 010,-0.04206,51.52511
3.1 km,25,31,E02000872,Tower Hamlets 009,-0.06932,51.5246
7.2 km,27,30,E02000871,Tower Hamlets 008,-0.01384,51.52512
3.8 km,19,29,E02000870,Tower Hamlets 007,-0.04866,51.52761
3.0 km,27,28,E02000869,Tower Hamlets 006,-0.07137,51.5284
4.0 km,21,27,E02000868,Tower Hamlets 005,-0.06192,51.53028
6.8 km,32,26,E02000867,Tower Hamlets 004,-0.02316,51.53171
4.8 km,25,25,E02000866,Tower Hamlets 003,-0.03899,51.53195
4.0 km,21,24,E02000865,Tower Hamlets 002,-0.05411,51.53191
6.2 km,36,23,E02000864,Tower Hamlets 001,-0.02886,51.53865
26.6 km,73,22,E02000863,Sutton 024,-0.15528,51.33883
24.8 km,65,21,E02000861,Sutton 022,-0.1798,51.34929
25.3 km,58,20,E02000860,Sutton 021,-0.18938,51.35374
23.7 km,56,19,E02000859,Sutton 020,-0.15673,51.3537
22.5 km,61,18,E02000858,Sutton 019,-0.12988,51.35628
24.9 km,53,17,E02000857,Sutton 018,-0.19823,51.35768
23.2 km,50,16,E02000856,Sutton 017,-0.1457,51.35765
26.9 km,61,15,E02000855,Sutton 016,-0.2185,51.3588
22.9 km,51,14,E02000854,Sutton 015,-0.16771,51.36386
23.1 km,68,13,E02000853,Sutton 014,-0.20596,51.36677
21.9 km,65,12,E02000852,Sutton 013,-0.18,51.36739
20.8 km,59,11,E02000851,Sutton 012,-0.19115,51.36679
24.3 km,62,10,E02000850,Sutton 011,-0.13789,51.37638
24.4 km,63,9,E02000849,Sutton 010,-0.15098,51.36897
21.0 km,67,8,E02000848,Sutton 009,-0.21899,51.37068
20.5 km,65,7,E02000847,Sutton 008,-0.231,51.37473
19.6 km,55,6,E02000846,Sutton 007,-0.19259,51.37628
21.1 km,58,5,E02000845,Sutton 006,-0.23821,51.37965
19.8 km,56,4,E02000844,Sutton 005,-0.17147,51.37681
19.6 km,65,3,E02000843,Sutton 004,-0.1603,51.37794
18.9 km,62,2,E02000842,Sutton 003,-0.20878,51.38011
19.1 km,57,1,E02000841,Sutton 002,-0.18602,51.38298
9.8 km,35,83,E02006931,Greenwich 038,-0.00533,51.47635
10.8 km,36,82,E02006930,Greenwich 037,0.01172,51.48618
9.7 km,38,81,E02006929,Greenwich 036,0.01164,51.49339
7.4 km,29,80,E02006928,Greenwich 035,-0.01841,51.48075
12.4 km,43,79,E02006927,Greenwich 034,0.02366,51.45811
17.1 km,47,78,E02006925,Redbridge 036,0.05215,51.58506
16.5 km,45,77,E02006924,Redbridge 035,0.05914,51.5707
7.7 km,35,76,E02006921,Hackney 029,-0.05969,51.56622
7.7 km,33,75,E02006918,Hackney 028,-0.05154,51.56378
22.2 km,58,74,E02006882,Harrow 033,-0.31372,51.5906
5.9 km,16,73,E02006854,Tower Hamlets 033,-0.02143,51.50422
7.9 km,28,72,E02006853,Tower Hamlets 032,-0.02192,51.49659
28.9 km,72,71,E02006836,Sutton 025,-0.21112,51.34281
2.3 km,19,70,E02006802,Southwark 034,-0.10465,51.49805
3.2 km,15,69,E02006801,Lambeth 036,-0.11399,51.50137
16.3 km,39,68,E02006800,Redbridge 034,0.11068,51.56164
18.1 km,48,67,E02006799,Barking and Dagenham 023,0.12715,51.56086
6.8 km,23,66,E02006798,Lewisham 039,-0.03181,51.47846
24.8 km,53,65,E02006796,Hillingdon 033,-0.39834,51.55336
24.5 km,54,64,E02006795,Harrow 032,-0.37638,51.5709
13.0 km,41,63,E02006794,Haringey 037,-0.06915,51.60412
14.7 km,50,62,E02006793,Enfield 037,-0.07612,51.61205
15.2 km,43,61,E02006792,Hounslow 029,-0.27283,51.49372
14.6 km,44,60,E02006791,Ealing 040,-0.26557,51.49847
30.7 km,73,59,E02006789,Bromley 042,0.04763,51.32141
17.3 km,52,58,E02006788,Croydon 045,-0.05816,51.39392
16.7 km,46,57,E02006787,Bromley 041,-0.04037,51.39923
17.9 km,54,56,E02006786,Greenwich 033,0.10166,51.47956
18.6 km,60,55,E02006785,Bexley 029,0.09924,51.46984
17.5 km,70,54,E02006784,Lewisham 038,-0.00426,51.42212
14.3 km,56,53,E02006783,Lewisham 037,0.01082,51.42782
14.7 km,57,52,E02006782,Bromley 040,0.02442,51.42007
6.4 km,23,51,E02000983,Westminster 024,-0.13613,51.4873
5.5 km,23,50,E02000982,Westminster 023,-0.14822,51.49076
5.6 km,23,49,E02000981,Westminster 022,-0.14154,51.49061
4.9 km,23,48,E02000980,Westminster 021,-0.13097,51.49209
4.1 km,13,47,E02000979,Westminster 020,-0.13446,51.49888
7.9 km,34,46,E02000978,Westminster 019,-0.16677,51.5044
4.8 km,20,45,E02000977,Westminster 018,-0.13352,51.50783
7.8 km,25,44,E02000976,Westminster 017,-0.18768,51.51356
7.3 km,27,43,E02000975,Westminster 016,-0.17987,51.51494
6.6 km,31,42,E02000974,Westminster 015,-0.17071,51.51593
9.0 km,33,41,E02000973,Westminster 014,-0.19335,51.51729
4.4 km,18,40,E02000972,Westminster 013,-0.1397,51.51521
6.1 km,26,39,E02000971,Westminster 012,-0.16199,51.51823
5.1 km,20,38,E02000970,Westminster 011,-0.15137,51.51689
8.9 km,32,37,E02000969,Westminster 010,-0.19314,51.52134
8.6 km,31,36,E02000968,Westminster 009,-0.17133,51.52322
7.2 km,34,35,E02000967,Westminster 008,-0.15791,51.52736
10.0 km,32,34,E02000966,Westminster 007,-0.18299,51.5251
10.9 km,36,33,E02000965,Westminster 006,-0.19154,51.52714
10.1 km,38,32,E02000964,Westminster 005,-0.20129,51.52784
12.3 km,47,31,E02000963,Westminster 004,-0.20939,51.52907
7.9 km,37,30,E02000962,Westminster 003,-0.17346,51.52954
10.7 km,37,29,E02000961,Westminster 002,-0.18386,51.53405
8.0 km,34,28,E02000960,Westminster 001,-0.16497,51.53502
16.4 km,50,27,E02000959,Wandsworth 037,-0.14231,51.42322
12.3 km,48,26,E02000958,Wandsworth 036,-0.14899,51.42535
12.4 km,38,25,E02000957,Wandsworth 035,-0.1643,51.42446
12.6 km,40,24,E02000956,Wandsworth 034,-0.17717,51.42814
12.3 km,36,23,E02000955,Wandsworth 033,-0.16688,51.43083
11.3 km,35,22,E02000954,Wandsworth 032,-0.1619,51.43239
13.8 km,48,21,E02000953,Wandsworth 031,-0.18411,51.43576
11.5 km,38,20,E02000952,Wandsworth 030,-0.15222,51.43616
11.1 km,33,19,E02000951,Wandsworth 029,-0.15859,51.43808
15.3 km,49,18,E02000950,Wandsworth 028,-0.21487,51.44134
11.8 km,40,17,E02000949,Wandsworth 027,-0.16751,51.44109
10.7 km,39,16,E02000948,Wandsworth 026,-0.14458,51.4378
15.3 km,48,15,E02000947,Wandsworth 025,-0.19819,51.44474
12.6 km,38,14,E02000946,Wandsworth 024,-0.1818,51.44451
16.5 km,57,13,E02000945,Wandsworth 023,-0.2382,51.4422
15.4 km,51,12,E02000944,Wandsworth 022,-0.21561,51.44853
9.4 km,35,11,E02000943,Wandsworth 021,-0.15314,51.44836
15.2 km,47,10,E02000942,Wandsworth 020,-0.20566,51.45033
14.0 km,52,9,E02000941,Wandsworth 019,-0.18259,51.45235
15.8 km,54,8,E02000940,Wandsworth 018,-0.19364,51.45271
9.4 km,35,7,E02000939,Wandsworth 017,-0.15715,51.45276
14.4 km,50,6,E02000938,Wandsworth 016,-0.2326,51.4527
12.4 km,44,5,E02000937,Wandsworth 015,-0.16859,51.45265
13.7 km,46,4,E02000936,Wandsworth 014,-0.21598,51.45584
15.8 km,54,3,E02000935,Wandsworth 013,-0.25014,51.45811
10.2 km,39,2,E02000934,Wandsworth 012,-0.17893,51.46074
14.7 km,54,1,E02000933,Wandsworth 011,-0.23046,51.46101
9.4 km,39,90,E02000185,Camden 020,-0.18792,51.53896
7.1 km,28,89,E02000184,Camden 019,-0.13616,51.53936
8.3 km,32,88,E02000183,Camden 018,-0.15273,51.54034
11.2 km,33,87,E02000182,Camden 017,-0.1712,51.54106
10.1 km,34,86,E02000181,Camden 016,-0.18724,51.54382
7.7 km,35,85,E02000180,Camden 015,-0.13138,51.54432
8.4 km,34,84,E02000179,Camden 014,-0.16457,51.54469
13.4 km,38,83,E02000178,Camden 013,-0.19978,51.54679
7.9 km,28,82,E02000177,Camden 012,-0.1535,51.54578
9.4 km,34,81,E02000176,Camden 011,-0.16854,51.54748
12.4 km,35,80,E02000175,Camden 010,-0.19032,51.54917
8.3 km,27,79,E02000174,Camden 009,-0.13615,51.54855
10.6 km,35,78,E02000173,Camden 008,-0.17322,51.55043
8.6 km,30,77,E02000172,Camden 007,-0.14802,51.54988
Error,,76,E02000171,Camden 006,-0.15876,51.55261
13.5 km,45,75,E02000170,Camden 005,-0.20134,51.55415
10.5 km,35,74,E02000169,Camden 004,-0.18641,51.5568
8.9 km,28,73,E02000168,Camden 003,-0.14233,51.55538
10.6 km,36,72,E02000167,Camden 002,-0.17486,51.56169
10.5 km,43,71,E02000166,Camden 001,-0.15597,51.56492
33.9 km,86,70,E02000165,Bromley 039,0.01827,51.3141
24.1 km,55,69,E02000163,Bromley 037,0.1157,51.34971
26.8 km,74,68,E02000162,Bromley 036,0.07152,51.3447
22.3 km,52,67,E02000161,Bromley 035,0.09336,51.36372
24.2 km,79,66,E02000160,Bromley 034,0.01111,51.3656
25.0 km,60,65,E02000159,Bromley 033,0.04171,51.3644
26.8 km,73,64,E02000158,Bromley 032,0.11433,51.36903
22.1 km,49,63,E02000157,Bromley 031,0.07475,51.37314
20.6 km,55,62,E02000156,Bromley 030,-0.01305,51.37661
24.1 km,54,61,E02000155,Bromley 029,0.11387,51.37844
22.1 km,50,60,E02000154,Bromley 028,0.09496,51.37942
24.9 km,57,59,E02000153,Bromley 027,0.01214,51.38389
25.9 km,61,58,E02000152,Bromley 026,0.04823,51.38398
19.6 km,46,57,E02000151,Bromley 025,0.07905,51.38619
18.9 km,47,56,E02000150,Bromley 024,-0.02875,51.38941
31.3 km,62,55,E02000149,Bromley 023,0.10281,51.39056
20.4 km,55,54,E02000148,Bromley 022,0.06127,51.39246
24.9 km,55,53,E02000147,Bromley 021,-0.00323,51.39413
24.2 km,55,52,E02000146,Bromley 020,0.03308,51.39412
26.9 km,78,51,E02000145,Bromley 019,0.13535,51.39291
22.9 km,42,50,E02000144,Bromley 018,0.01439,51.39918
24.9 km,56,49,E02000142,Bromley 016,0.03342,51.40489
17.5 km,53,48,E02000141,Bromley 015,-0.05797,51.40516
31.7 km,63,47,E02000140,Bromley 014,0.10878,51.40477
15.4 km,42,46,E02000139,Bromley 013,-0.04314,51.40887
17.4 km,57,45,E02000138,Bromley 012,-0.01822,51.40623
21.4 km,49,44,E02000137,Bromley 011,-0.00284,51.40742
19.4 km,63,43,E02000136,Bromley 010,0.08983,51.40778
14.4 km,46,42,E02000135,Bromley 009,-0.06241,51.41164
15.7 km,48,41,E02000134,Bromley 008,0.0184,51.41216
17.9 km,50,40,E02000133,Bromley 007,0.05854,51.41005
14.8 km,44,39,E02000132,Bromley 006,-0.02894,51.41526
14.8 km,52,38,E02000131,Bromley 005,-0.06933,51.41935
15.0 km,47,37,E02000130,Bromley 004,-0.04659,51.41888
18.1 km,50,36,E02000128,Bromley 002,0.07307,51.42341
15.5 km,52,35,E02000127,Bromley 001,0.04023,51.43315
11.7 km,38,34,E02000126,Brent 034,-0.19678,51.53311
14.2 km,48,33,E02000125,Brent 033,-0.22899,51.53436
12.7 km,44,32,E02000124,Brent 032,-0.21112,51.53516
14.3 km,52,31,E02000123,Brent 031,-0.24574,51.53631
15.3 km,49,30,E02000122,Brent 030,-0.22047,51.54073
20.4 km,45,29,E02000121,Brent 029,-0.30027,51.54034
10.5 km,53,28,E02000120,Brent 028,-0.20029,51.54016
17.0 km,56,27,E02000119,Brent 027,-0.2699,51.53706
20.6 km,65,26,E02000118,Brent 026,-0.28899,51.54363
17.4 km,50,25,E02000117,Brent 025,-0.24992,51.54476
16.6 km,49,24,E02000116,Brent 024,-0.23762,51.54456
13.6 km,41,23,E02000115,Brent 023,-0.21236,51.5471
14.8 km,43,22,E02000114,Brent 022,-0.2287,51.54679
20.0 km,57,21,E02000113,Brent 021,-0.26175,51.55056
18.6 km,60,20,E02000112,Brent 020,-0.2852,51.55013
19.3 km,56,19,E02000111,Brent 019,-0.30478,51.55161
16.1 km,42,18,E02000110,Brent 018,-0.23181,51.55316
17.6 km,47,17,E02000109,Brent 017,-0.27718,51.55593
24.0 km,70,16,E02000108,Brent 016,-0.32515,51.55717
15.2 km,46,15,E02000107,Brent 015,-0.22034,51.5556
16.8 km,42,14,E02000106,Brent 014,-0.25069,51.55751
21.5 km,62,13,E02000105,Brent 013,-0.31298,51.55961
17.8 km,48,12,E02000104,Brent 012,-0.292,51.56253
17.9 km,64,11,E02000103,Brent 011,-0.2344,51.56363
19.3 km,57,10,E02000102,Brent 010,-0.25121,51.5664
18.1 km,49,9,E02000101,Brent 009,-0.26976,51.56642
21.2 km,54,8,E02000100,Brent 008,-0.31804,51.57099
18.8 km,45,7,E02000099,Brent 007,-0.30144,51.5693
19.2 km,50,6,E02000098,Brent 006,-0.28451,51.57423
19.5 km,56,5,E02000097,Brent 005,-0.26404,51.57676
21.2 km,55,4,E02000096,Brent 004,-0.3037,51.58048
21.7 km,44,3,E02000095,Brent 003,-0.28017,51.58435
18.4 km,49,2,E02000094,Brent 002,-0.25963,51.58835
23.7 km,56,1,E02000093,Brent 001,-0.27465,51.59338
21.4 km,55,90,E02000277,Enfield 001,-0.03553,51.67798
18.4 km,50,89,E02000276,Ealing 039,-0.31058,51.4966
26.9 km,76,88,E02000275,Ealing 038,-0.37242,51.49791
24.7 km,75,87,E02000274,Ealing 037,-0.3911,51.50013
21.4 km,69,86,E02000272,Ealing 035,-0.32935,51.5
14.0 km,41,85,E02000271,Ealing 034,-0.25797,51.50145
16.1 km,48,84,E02000270,Ealing 033,-0.27359,51.50294
20.1 km,64,83,E02000269,Ealing 032,-0.31404,51.50502
19.2 km,60,82,E02000268,Ealing 031,-0.30138,51.50513
20.4 km,67,81,E02000267,Ealing 030,-0.33824,51.50685
22.4 km,79,80,E02000266,Ealing 029,-0.35676,51.50691
19.4 km,61,79,E02000265,Ealing 028,-0.32555,51.50882
16.8 km,45,78,E02000264,Ealing 027,-0.28561,51.50858
23.8 km,68,77,E02000263,Ealing 026,-0.38669,51.50938
16.6 km,55,76,E02000262,Ealing 025,-0.26928,51.5096
13.7 km,43,75,E02000261,Ealing 024,-0.25388,51.51134
22.9 km,78,74,E02000260,Ealing 023,-0.37184,51.51233
20.9 km,62,73,E02000259,Ealing 022,-0.34275,51.51741
15.4 km,51,72,E02000258,Ealing 021,-0.27366,51.51682
18.2 km,50,71,E02000257,Ealing 020,-0.29534,51.51733
18.5 km,53,70,E02000256,Ealing 019,-0.31434,51.51713
21.4 km,60,69,E02000255,Ealing 018,-0.32456,51.52201
27.3 km,67,68,E02000254,Ealing 017,-0.37351,51.52141
21.9 km,66,67,E02000253,Ealing 016,-0.33645,51.52337
14.7 km,42,66,E02000252,Ealing 015,-0.26362,51.52537
23.4 km,66,65,E02000251,Ealing 014,-0.36315,51.52626
19.1 km,53,64,E02000250,Ealing 013,-0.30838,51.52688
22.6 km,59,63,E02000249,Ealing 012,-0.35352,51.52776
16.5 km,37,62,E02000248,Ealing 011,-0.29178,51.52972
24.2 km,68,61,E02000247,Ealing 010,-0.36831,51.53494
25.7 km,66,60,E02000246,Ealing 009,-0.40024,51.53734
23.9 km,55,59,E02000245,Ealing 008,-0.38465,51.53903
18.9 km,41,58,E02000244,Ealing 007,-0.32311,51.5353
21.0 km,48,57,E02000243,Ealing 006,-0.34541,51.53828
20.3 km,50,56,E02000242,Ealing 005,-0.3127,51.53953
22.5 km,49,55,E02000241,Ealing 004,-0.36439,51.54629
22.7 km,52,54,E02000240,Ealing 003,-0.37439,51.5501
20.7 km,65,53,E02000239,Ealing 002,-0.32679,51.54841
21.9 km,66,52,E02000238,Ealing 001,-0.34791,51.5534
28.3 km,77,51,E02000237,Croydon 044,-0.11812,51.30144
26.8 km,50,50,E02000236,Croydon 043,-0.14633,51.31017
26.1 km,68,49,E02000235,Croydon 042,-0.09431,51.31784
26.4 km,74,48,E02000234,Croydon 041,-0.1269,51.32093
25.8 km,63,47,E02000233,Croydon 040,-0.10831,51.32391
25.5 km,65,46,E02000232,Croydon 039,-0.06328,51.32985
25.5 km,73,45,E02000231,Croydon 038,-0.1351,51.33439
23.5 km,50,44,E02000230,Croydon 037,-0.11221,51.33942
28.0 km,69,43,E02000229,Croydon 036,-0.00694,51.33745
26.5 km,61,42,E02000228,Croydon 035,-0.08462,51.34045
26.7 km,57,41,E02000227,Croydon 034,-0.03662,51.346
22.2 km,55,40,E02000226,Croydon 033,-0.06672,51.35057
27.0 km,61,39,E02000225,Croydon 032,-0.01345,51.34784
21.9 km,44,38,E02000224,Croydon 031,-0.09938,51.34909
27.2 km,66,37,E02000223,Croydon 030,-0.02045,51.35408
20.6 km,51,36,E02000222,Croydon 029,-0.08611,51.35807
21.5 km,60,35,E02000221,Croydon 028,-0.11247,51.3589
19.3 km,39,34,E02000220,Croydon 027,-0.09605,51.36866
23.0 km,53,33,E02000219,Croydon 026,-0.0471,51.36524
24.1 km,59,32,E02000218,Croydon 025,-0.03048,51.37124
20.3 km,45,31,E02000217,Croydon 024,-0.11073,51.37248
19.9 km,48,30,E02000216,Croydon 023,-0.07765,51.36949
19.4 km,41,29,E02000215,Croydon 022,-0.08366,51.37874
20.9 km,47,28,E02000214,Croydon 021,-0.06589,51.37957
19.5 km,41,27,E02000213,Croydon 020,-0.09971,51.38149
21.1 km,49,26,E02000212,Croydon 019,-0.11732,51.38025
25.5 km,70,25,E02000211,Croydon 018,-0.04683,51.3832
20.5 km,51,24,E02000210,Croydon 017,-0.07806,51.38485
18.3 km,67,23,E02000209,Croydon 016,-0.12487,51.38713
21.2 km,56,22,E02000208,Croydon 015,-0.10652,51.38847
17.3 km,48,21,E02000207,Croydon 014,-0.06669,51.38845
20.4 km,52,20,E02000206,Croydon 013,-0.08915,51.39084
22.0 km,61,19,E02000204,Croydon 011,-0.11897,51.39459
19.5 km,52,18,E02000203,Croydon 010,-0.09777,51.39686
20.0 km,58,17,E02000202,Croydon 009,-0.11074,51.39915
16.2 km,38,16,E02000201,Croydon 008,-0.06966,51.39977
16.4 km,42,15,E02000200,Croydon 007,-0.07943,51.40313
20.0 km,60,14,E02000199,Croydon 006,-0.09109,51.40313
20.2 km,57,13,E02000198,Croydon 005,-0.09862,51.40605
17.8 km,55,12,E02000197,Croydon 004,-0.12508,51.40639
17.7 km,53,11,E02000196,Croydon 003,-0.11538,51.40994
16.3 km,61,10,E02000195,Croydon 002,-0.10505,51.41606
17.7 km,67,9,E02000194,Croydon 001,-0.0868,51.41564
2.9 km,15,8,E02000193,Camden 028,-0.12247,51.51851
2.5 km,14,7,E02000192,Camden 027,-0.11304,51.52151
5.0 km,22,6,E02000191,Camden 026,-0.13408,51.52241
4.2 km,24,5,E02000190,Camden 025,-0.12406,51.52619
4.6 km,23,4,E02000189,Camden 024,-0.11841,51.52785
5.2 km,25,3,E02000188,Camden 023,-0.13897,51.52891
4.9 km,25,2,E02000187,Camden 022,-0.12871,51.53394
7.6 km,33,1,E02000186,Camden 021,-0.14457,51.53306
13.9 km,43,90,E02000374,Hammersmith and Fulham 003,-0.24179,51.51001
11.8 km,40,89,E02000373,Hammersmith and Fulham 002,-0.23494,51.51212
13.9 km,43,88,E02000372,Hammersmith and Fulham 001,-0.23771,51.52204
2.0 km,16,87,E02000371,Hackney 027,-0.08153,51.52748
2.6 km,21,86,E02000370,Hackney 026,-0.09004,51.53239
3.3 km,29,85,E02000369,Hackney 025,-0.07941,51.536
3.8 km,34,84,E02000368,Hackney 024,-0.06759,51.53577
4.9 km,27,83,E02000367,Hackney 023,-0.05604,51.53865
7.3 km,32,82,E02000366,Hackney 022,-0.04407,51.54066
4.4 km,31,81,E02000365,Hackney 021,-0.07646,51.54343
6.5 km,42,80,E02000364,Hackney 020,-0.06691,51.5445
7.9 km,33,79,E02000363,Hackney 019,-0.04681,51.54681
7.2 km,51,78,E02000362,Hackney 018,-0.02779,51.54726
5.7 km,31,77,E02000361,Hackney 017,-0.05487,51.54758
6.4 km,29,76,E02000360,Hackney 016,-0.06424,51.55087
9.1 km,42,75,E02000359,Hackney 015,-0.04092,51.55226
5.6 km,46,74,E02000358,Hackney 014,-0.07555,51.55426
12.3 km,48,73,E02000357,Hackney 013,-0.03205,51.55636
5.6 km,36,72,E02000356,Hackney 012,-0.08511,51.5558
10.6 km,43,71,E02000355,Hackney 011,-0.05057,51.55682
10.9 km,46,70,E02000354,Hackney 010,-0.0611,51.55667
6.2 km,45,69,E02000353,Hackney 009,-0.07553,51.56123
6.9 km,42,68,E02000352,Hackney 008,-0.08541,51.56267
6.9 km,40,67,E02000351,Hackney 007,-0.09715,51.56445
7.6 km,50,66,E02000350,Hackney 006,-0.06727,51.56389
9.4 km,56,65,E02000348,Hackney 004,-0.06683,51.57005
7.7 km,54,64,E02000347,Hackney 003,-0.08192,51.57029
7.2 km,44,63,E02000346,Hackney 002,-0.09126,51.57095
9.7 km,47,62,E02000345,Hackney 001,-0.06875,51.57383
16.5 km,44,61,E02000344,Greenwich 032,0.06599,51.43268
15.0 km,46,60,E02000343,Greenwich 031,0.05309,51.43455
16.4 km,41,59,E02000342,Greenwich 030,0.07843,51.44401
16.0 km,56,58,E02000341,Greenwich 029,0.03511,51.4468
17.0 km,48,57,E02000340,Greenwich 028,0.06504,51.44795
14.1 km,45,56,E02000339,Greenwich 027,0.05852,51.45561
18.3 km,52,55,E02000337,Greenwich 025,0.04222,51.45855
16.6 km,54,54,E02000335,Greenwich 023,0.06363,51.46181
14.7 km,67,53,E02000334,Greenwich 022,0.03909,51.46843
16.3 km,47,52,E02000333,Greenwich 021,0.01875,51.4709
17.2 km,57,51,E02000332,Greenwich 020,0.06814,51.4713
13.2 km,63,50,E02000331,Greenwich 019,0.03924,51.47469
Error,,49,E02000329,Greenwich 017,0.08327,51.47154
10.6 km,34,48,E02000328,Greenwich 016,0.01369,51.48023
16.1 km,50,47,E02000327,Greenwich 015,0.05725,51.47962
10.8 km,38,46,E02000326,Greenwich 014,0.02713,51.48168
15.4 km,48,45,E02000324,Greenwich 012,0.04016,51.48226
15.4 km,43,44,E02000323,Greenwich 011,0.07039,51.48394
15.3 km,45,43,E02000321,Greenwich 009,0.07752,51.4862
17.8 km,60,42,E02000320,Greenwich 008,0.11421,51.48371
15.0 km,38,41,E02000319,Greenwich 007,0.08378,51.48844
17.2 km,49,40,E02000318,Greenwich 006,0.09558,51.48825
13.1 km,37,39,E02000317,Greenwich 005,0.05115,51.48883
12.9 km,33,38,E02000316,Greenwich 004,0.05301,51.49222
18.2 km,49,37,E02000315,Greenwich 003,0.11295,51.4938
18.2 km,63,36,E02000314,Greenwich 002,0.09834,51.50154
19.4 km,52,35,E02000313,Greenwich 001,0.11457,51.5025
15.3 km,59,34,E02000312,Enfield 036,-0.11546,51.6136
15.1 km,53,33,E02000311,Enfield 035,-0.09596,51.61287
18.5 km,55,32,E02000309,Enfield 033,-0.05202,51.61144
15.6 km,43,31,E02000308,Enfield 032,-0.13413,51.61543
17.0 km,61,30,E02000307,Enfield 031,-0.08314,51.62015
15.5 km,54,29,E02000306,Enfield 030,-0.04799,51.61843
13.7 km,45,28,E02000305,Enfield 029,-0.1071,51.62242
16.4 km,54,27,E02000304,Enfield 028,-0.12376,51.62316
16.0 km,51,26,E02000303,Enfield 027,-0.07025,51.62275
16.4 km,58,25,E02000302,Enfield 026,-0.09157,51.62522
17.4 km,63,24,E02000301,Enfield 025,-0.03618,51.627
16.0 km,51,23,E02000300,Enfield 024,-0.06552,51.63142
16.4 km,55,22,E02000299,Enfield 023,-0.05313,51.63204
15.1 km,42,21,E02000298,Enfield 022,-0.10472,51.63339
17.3 km,56,20,E02000297,Enfield 021,-0.08,51.63557
20.2 km,59,19,E02000296,Enfield 020,-0.13301,51.64178
19.0 km,63,18,E02000295,Enfield 019,-0.11947,51.63938
18.2 km,49,17,E02000294,Enfield 018,-0.03772,51.63737
16.3 km,48,16,E02000293,Enfield 017,-0.09374,51.64404
19.9 km,71,15,E02000292,Enfield 016,-0.06243,51.64569
17.6 km,55,14,E02000291,Enfield 015,-0.07377,51.64603
19.6 km,51,13,E02000290,Enfield 014,-0.02467,51.65044
21.1 km,59,12,E02000289,Enfield 013,-0.11563,51.65393
18.3 km,46,11,E02000288,Enfield 012,-0.05135,51.65124
22.0 km,61,10,E02000287,Enfield 011,-0.15302,51.6636
19.2 km,58,9,E02000286,Enfield 010,-0.10087,51.66008
20.6 km,67,8,E02000285,Enfield 009,-0.07277,51.6587
18.0 km,54,7,E02000284,Enfield 008,-0.08708,51.65905
19.5 km,50,6,E02000283,Enfield 007,-0.03552,51.66057
21.0 km,53,5,E02000282,Enfield 006,-0.04596,51.66441
23.6 km,65,4,E02000281,Enfield 005,-0.06489,51.66662
22.4 km,69,3,E02000280,Enfield 004,-0.1054,51.67805
21.0 km,49,2,E02000279,Enfield 003,-0.02088,51.67239
21.0 km,49,1,E02000278,Enfield 002,-0.04602,51.67474
27.4 km,75,90,E02000468,Havering 005,0.15629,51.61091
30.3 km,71,89,E02000467,Havering 004,0.21907,51.60377
28.0 km,80,88,E02000466,Havering 003,0.18447,51.61299
27.6 km,59,87,E02000465,Havering 002,0.24209,51.60733
29.4 km,73,86,E02000464,Havering 001,0.22306,51.61857
25.3 km,65,85,E02000463,Harrow 031,-0.37407,51.55984
24.1 km,60,84,E02000462,Harrow 030,-0.35968,51.5605
23.3 km,61,83,E02000461,Harrow 029,-0.33619,51.56798
24.7 km,60,82,E02000460,Harrow 028,-0.36831,51.56725
23.5 km,59,81,E02000459,Harrow 027,-0.35197,51.56861
24.1 km,54,80,E02000457,Harrow 025,-0.36854,51.57711
22.4 km,49,79,E02000456,Harrow 024,-0.35391,51.57925
21.8 km,50,78,E02000455,Harrow 023,-0.33099,51.58084
25.9 km,68,77,E02000454,Harrow 022,-0.38492,51.5829
23.1 km,57,76,E02000453,Harrow 021,-0.35116,51.58515
22.4 km,58,75,E02000452,Harrow 020,-0.33823,51.58816
24.2 km,62,74,E02000451,Harrow 019,-0.3681,51.58998
23.7 km,60,73,E02000449,Harrow 017,-0.29257,51.59053
24.9 km,51,72,E02000448,Harrow 016,-0.38211,51.59433
25.0 km,62,71,E02000447,Harrow 015,-0.35842,51.59686
25.2 km,66,70,E02000445,Harrow 013,-0.32996,51.59533
22.3 km,64,69,E02000444,Harrow 012,-0.30213,51.59789
24.6 km,70,68,E02000443,Harrow 011,-0.33909,51.59955
21.9 km,64,67,E02000442,Harrow 010,-0.28655,51.59971
29.3 km,65,66,E02000441,Harrow 009,-0.39358,51.60577
25.7 km,61,65,E02000440,Harrow 008,-0.31169,51.60495
21.2 km,60,64,E02000439,Harrow 007,-0.28014,51.6044
26.5 km,70,63,E02000438,Harrow 006,-0.36541,51.6066
27.5 km,74,62,E02000437,Harrow 005,-0.33886,51.6072
26.4 km,77,61,E02000436,Harrow 004,-0.35952,51.61649
28.2 km,69,60,E02000435,Harrow 003,-0.32163,51.61192
25.1 km,59,59,E02000434,Harrow 002,-0.29371,51.6123
28.0 km,65,58,E02000433,Harrow 001,-0.31838,51.62607
8.5 km,34,57,E02000432,Haringey 036,-0.10862,51.57242
11.9 km,35,56,E02000431,Haringey 035,-0.14248,51.57319
9.1 km,42,55,E02000430,Haringey 034,-0.11888,51.5769
12.2 km,39,54,E02000429,Haringey 033,-0.13293,51.57806
8.6 km,54,53,E02000428,Haringey 032,-0.08457,51.5771
7.8 km,44,52,E02000427,Haringey 031,-0.10155,51.57445
12.1 km,39,51,E02000426,Haringey 030,-0.15639,51.57874
14.2 km,41,50,E02000425,Haringey 029,-0.06797,51.57899
8.8 km,39,49,E02000424,Haringey 028,-0.11393,51.58114
8.8 km,50,48,E02000423,Haringey 027,-0.09465,51.58163
14.6 km,46,47,E02000422,Haringey 026,-0.08595,51.58269
13.7 km,35,46,E02000421,Haringey 025,-0.06795,51.58499
13.9 km,38,45,E02000420,Haringey 024,-0.07892,51.58559
9.3 km,51,44,E02000419,Haringey 023,-0.10468,51.58576
13.7 km,45,43,E02000418,Haringey 022,-0.12956,51.5863
12.7 km,44,42,E02000417,Haringey 021,-0.14103,51.58662
9.6 km,37,41,E02000416,Haringey 020,-0.11865,51.58792
12.4 km,33,40,E02000415,Haringey 019,-0.0945,51.59042
14.6 km,47,39,E02000414,Haringey 018,-0.07912,51.59101
14.1 km,47,38,E02000413,Haringey 017,-0.15491,51.59398
10.3 km,58,37,E02000412,Haringey 016,-0.11016,51.59333
15.1 km,43,36,E02000411,Haringey 015,-0.05725,51.59311
13.4 km,42,35,E02000410,Haringey 014,-0.14456,51.59498
13.1 km,43,34,E02000409,Haringey 013,-0.08693,51.59415
11.9 km,40,33,E02000408,Haringey 012,-0.06602,51.59515
11.9 km,40,32,E02000407,Haringey 011,-0.07341,51.59511
12.6 km,37,31,E02000406,Haringey 010,-0.10021,51.59625
11.4 km,46,30,E02000405,Haringey 009,-0.13071,51.59726
13.6 km,39,29,E02000404,Haringey 008,-0.09974,51.60135
13.5 km,39,28,E02000403,Haringey 007,-0.10809,51.60311
12.8 km,52,27,E02000402,Haringey 006,-0.07992,51.60323
14.5 km,47,26,E02000401,Haringey 005,-0.09058,51.60414
14.7 km,38,25,E02000400,Haringey 004,-0.12999,51.60513
12.7 km,39,24,E02000398,Haringey 002,-0.05442,51.60424
11.9 km,38,23,E02000397,Haringey 001,-0.11696,51.60556
11.8 km,45,22,E02000396,Hammersmith and Fulham 025,-0.1943,51.46906
12.1 km,38,21,E02000395,Hammersmith and Fulham 024,-0.20915,51.47022
11.5 km,45,20,E02000394,Hammersmith and Fulham 023,-0.18557,51.47301
12.0 km,46,19,E02000393,Hammersmith and Fulham 022,-0.21292,51.47689
11.1 km,35,18,E02000392,Hammersmith and Fulham 021,-0.20303,51.47634
10.6 km,37,17,E02000391,Hammersmith and Fulham 020,-0.19299,51.47712
11.5 km,45,16,E02000390,Hammersmith and Fulham 019,-0.20962,51.48069
11.3 km,49,15,E02000389,Hammersmith and Fulham 018,-0.22141,51.48127
9.9 km,37,14,E02000388,Hammersmith and Fulham 017,-0.19843,51.48316
11.0 km,35,13,E02000387,Hammersmith and Fulham 016,-0.21573,51.48512
10.1 km,27,12,E02000386,Hammersmith and Fulham 015,-0.20371,51.48734
10.4 km,27,11,E02000385,Hammersmith and Fulham 014,-0.21207,51.48829
11.2 km,29,10,E02000384,Hammersmith and Fulham 013,-0.22665,51.49231
10.2 km,28,9,E02000383,Hammersmith and Fulham 012,-0.21098,51.49346
12.1 km,31,8,E02000382,Hammersmith and Fulham 011,-0.23921,51.49411
10.9 km,42,7,E02000381,Hammersmith and Fulham 010,-0.21863,51.49745
12.8 km,39,6,E02000380,Hammersmith and Fulham 009,-0.23051,51.49841
13.3 km,40,5,E02000379,Hammersmith and Fulham 008,-0.24594,51.50018
10.3 km,33,4,E02000378,Hammersmith and Fulham 007,-0.22062,51.50166
12.0 km,47,3,E02000377,Hammersmith and Fulham 006,-0.23999,51.50363
11.2 km,41,2,E02000376,Hammersmith and Fulham 005,-0.23039,51.50399
11.3 km,34,1,E02000375,Hammersmith and Fulham 004,-0.22439,51.50781
7.8 km,33,90,E02000560,Islington 007,-0.11758,51.55897
8.1 km,31,89,E02000559,Islington 006,-0.10219,51.55963
6.9 km,30,88,E02000558,Islington 005,-0.1114,51.56167
9.8 km,27,87,E02000557,Islington 004,-0.13634,51.56365
9.5 km,42,86,E02000556,Islington 003,-0.11772,51.56607
10.1 km,32,85,E02000555,Islington 002,-0.13114,51.56881
11.0 km,42,84,E02000554,Islington 001,-0.12246,51.57074
30.6 km,76,83,E02000553,Hounslow 028,-0.39862,51.42941
28.8 km,65,82,E02000552,Hounslow 027,-0.42728,51.43707
26.6 km,93,81,E02000551,Hounslow 026,-0.38911,51.43893
27.7 km,54,80,E02000550,Hounslow 025,-0.41824,51.44496
27.9 km,56,79,E02000549,Hounslow 024,-0.40003,51.44871
29.9 km,73,78,E02000548,Hounslow 023,-0.44305,51.44825
29.2 km,64,77,E02000547,Hounslow 022,-0.41783,51.45962
24.9 km,89,76,E02000546,Hounslow 021,-0.38516,51.4585
20.7 km,66,75,E02000545,Hounslow 020,-0.33082,51.46293
26.0 km,72,74,E02000544,Hounslow 019,-0.34905,51.46268
23.9 km,64,73,E02000543,Hounslow 018,-0.36459,51.46517
24.0 km,65,72,E02000542,Hounslow 017,-0.37673,51.46919
25.2 km,63,71,E02000541,Hounslow 016,-0.39135,51.4706
23.2 km,63,70,E02000540,Hounslow 015,-0.34914,51.47124
19.7 km,63,69,E02000539,Hounslow 014,-0.33007,51.47295
26.4 km,75,68,E02000538,Hounslow 013,-0.40594,51.47356
21.7 km,54,67,E02000537,Hounslow 012,-0.35607,51.48037
22.3 km,70,66,E02000536,Hounslow 011,-0.37323,51.47811
26.0 km,75,65,E02000535,Hounslow 010,-0.39043,51.48123
20.3 km,70,64,E02000534,Hounslow 009,-0.34185,51.48831
15.9 km,52,63,E02000533,Hounslow 008,-0.27486,51.48357
16.3 km,60,62,E02000532,Hounslow 007,-0.26026,51.4815
18.4 km,62,61,E02000531,Hounslow 006,-0.31445,51.4852
28.6 km,83,60,E02000530,Hounslow 005,-0.39951,51.49047
25.3 km,75,59,E02000529,Hounslow 004,-0.37604,51.48923
17.3 km,59,58,E02000528,Hounslow 003,-0.29548,51.49224
13.1 km,38,57,E02000526,Hounslow 001,-0.25077,51.49248
28.7 km,69,56,E02000525,Hillingdon 032,-0.4256,51.48493
31.7 km,81,55,E02000524,Hillingdon 031,-0.46561,51.47684
26.1 km,56,54,E02000523,Hillingdon 030,-0.42411,51.49881
30.3 km,66,53,E02000522,Hillingdon 029,-0.4729,51.50297
30.8 km,77,52,E02000521,Hillingdon 028,-0.45069,51.50206
26.4 km,59,51,E02000520,Hillingdon 027,-0.42329,51.50958
27.4 km,71,50,E02000519,Hillingdon 026,-0.40648,51.51567
31.8 km,71,49,E02000518,Hillingdon 025,-0.45852,51.51647
28.5 km,68,48,E02000517,Hillingdon 024,-0.43725,51.51951
26.8 km,76,47,E02000516,Hillingdon 023,-0.38748,51.52158
30.5 km,69,46,E02000515,Hillingdon 022,-0.47975,51.52004
28.8 km,75,45,E02000514,Hillingdon 021,-0.41194,51.52383
26.0 km,67,44,E02000513,Hillingdon 020,-0.40031,51.52863
33.0 km,77,43,E02000512,Hillingdon 019,-0.44289,51.53155
27.5 km,73,42,E02000511,Hillingdon 018,-0.42583,51.53234
33.2 km,85,41,E02000510,Hillingdon 017,-0.45769,51.53256
34.5 km,80,40,E02000509,Hillingdon 016,-0.48522,51.53868
33.4 km,75,39,E02000508,Hillingdon 015,-0.47058,51.54075
28.1 km,82,38,E02000507,Hillingdon 014,-0.43519,51.54517
30.5 km,66,37,E02000506,Hillingdon 013,-0.46646,51.55921
28.7 km,66,36,E02000504,Hillingdon 011,-0.45083,51.56427
26.3 km,60,35,E02000503,Hillingdon 010,-0.40654,51.56391
26.4 km,61,34,E02000502,Hillingdon 009,-0.42708,51.56125
26.5 km,61,33,E02000501,Hillingdon 008,-0.39991,51.57074
28.0 km,68,32,E02000500,Hillingdon 007,-0.42175,51.58008
26.1 km,56,31,E02000499,Hillingdon 006,-0.39521,51.57915
33.8 km,74,30,E02000498,Hillingdon 005,-0.43982,51.58532
28.1 km,65,29,E02000497,Hillingdon 004,-0.40911,51.59038
34.6 km,82,28,E02000496,Hillingdon 003,-0.47623,51.59847
29.8 km,69,27,E02000495,Hillingdon 002,-0.41869,51.60458
30.4 km,69,26,E02000494,Hillingdon 001,-0.43773,51.60619
22.9 km,52,25,E02000493,Havering 030,0.19969,51.51665
29.9 km,81,24,E02000492,Havering 029,0.21049,51.51116
22.1 km,64,23,E02000491,Havering 028,0.17646,51.52269
24.6 km,60,22,E02000490,Havering 027,0.195,51.53423
23.5 km,57,21,E02000489,Havering 026,0.19544,51.54266
25.0 km,57,20,E02000488,Havering 025,0.21474,51.54639
28.6 km,61,19,E02000487,Havering 024,0.25545,51.53986
23.4 km,58,18,E02000486,Havering 023,0.20888,51.55335
25.3 km,52,17,E02000485,Havering 022,0.23775,51.55842
24.0 km,66,16,E02000484,Havering 021,0.19669,51.56114
24.9 km,60,15,E02000483,Havering 020,0.21886,51.56203
27.4 km,64,14,E02000482,Havering 019,0.25644,51.56507
37.9 km,71,13,E02000481,Havering 018,0.2932,51.55814
24.1 km,62,12,E02000480,Havering 017,0.16387,51.5711
22.0 km,52,11,E02000479,Havering 016,0.19138,51.57038
26.9 km,73,10,E02000478,Havering 015,0.23175,51.57197
23.1 km,53,9,E02000477,Havering 014,0.20591,51.57332
21.6 km,47,8,E02000476,Havering 013,0.18242,51.5792
23.1 km,48,7,E02000475,Havering 012,0.20405,51.58534
24.1 km,61,6,E02000474,Havering 011,0.16037,51.58564
25.0 km,64,5,E02000473,Havering 010,0.23079,51.58317
28.9 km,72,4,E02000472,Havering 009,0.17002,51.59171
24.0 km,61,3,E02000471,Havering 008,0.1844,51.59482
26.7 km,67,2,E02000470,Havering 007,0.2489,51.5917
25.7 km,66,1,E02000469,Havering 006,0.20545,51.59898
13.3 km,49,90,E02000651,Lambeth 034,-0.12591,51.41914
18.1 km,49,89,E02000650,Lambeth 033,-0.0882,51.4242
12.4 km,37,88,E02000649,Lambeth 032,-0.13072,51.42626
11.5 km,62,87,E02000648,Lambeth 031,-0.09968,51.42624
12.7 km,51,86,E02000647,Lambeth 030,-0.11379,51.42795
13.8 km,49,85,E02000646,Lambeth 029,-0.13106,51.43439
10.7 km,42,84,E02000645,Lambeth 028,-0.10008,51.43371
10.7 km,42,83,E02000644,Lambeth 027,-0.11369,51.43617
14.4 km,41,82,E02000643,Lambeth 026,-0.12642,51.43946
10.2 km,37,81,E02000642,Lambeth 025,-0.10053,51.44286
9.4 km,47,80,E02000641,Lambeth 024,-0.1143,51.44494
11.2 km,37,79,E02000640,Lambeth 023,-0.139,51.44633
10.1 km,39,78,E02000639,Lambeth 022,-0.13001,51.44759
8.6 km,44,77,E02000638,Lambeth 021,-0.12449,51.44987
8.0 km,43,76,E02000637,Lambeth 020,-0.11823,51.45244
9.3 km,33,75,E02000636,Lambeth 019,-0.14124,51.45592
8.6 km,32,74,E02000635,Lambeth 018,-0.10662,51.4548
7.8 km,27,73,E02000634,Lambeth 017,-0.1342,51.4596
10.3 km,31,72,E02000633,Lambeth 016,-0.11576,51.45967
7.4 km,30,71,E02000632,Lambeth 015,-0.12527,51.46137
7.3 km,30,70,E02000631,Lambeth 014,-0.09709,51.46353
8.1 km,30,69,E02000630,Lambeth 013,-0.1447,51.46489
7.2 km,28,68,E02000629,Lambeth 012,-0.13422,51.46715
6.3 km,32,67,E02000628,Lambeth 011,-0.11241,51.46658
6.5 km,28,66,E02000627,Lambeth 010,-0.12227,51.46825
7.3 km,29,65,E02000626,Lambeth 009,-0.10435,51.47016
6.6 km,28,64,E02000625,Lambeth 008,-0.13038,51.47195
5.5 km,29,63,E02000624,Lambeth 007,-0.11274,51.47488
6.3 km,26,62,E02000623,Lambeth 006,-0.12537,51.47659
4.9 km,22,61,E02000622,Lambeth 005,-0.10975,51.48012
7.4 km,29,60,E02000621,Lambeth 004,-0.12337,51.48171
5.4 km,28,59,E02000620,Lambeth 003,-0.11538,51.48819
4.5 km,26,58,E02000619,Lambeth 002,-0.11195,51.49254
26.8 km,69,57,E02000617,Kingston upon Thames 020,-0.31451,51.34751
25.4 km,63,56,E02000616,Kingston upon Thames 019,-0.29362,51.36192
25.4 km,57,55,E02000615,Kingston upon Thames 018,-0.30381,51.37081
22.7 km,52,54,E02000614,Kingston upon Thames 017,-0.27953,51.37603
24.5 km,53,53,E02000613,Kingston upon Thames 016,-0.29959,51.38092
19.9 km,57,52,E02000612,Kingston upon Thames 015,-0.24974,51.38698
26.2 km,60,51,E02000611,Kingston upon Thames 014,-0.27983,51.38852
23.7 km,51,50,E02000610,Kingston upon Thames 013,-0.30151,51.38816
21.9 km,59,49,E02000609,Kingston upon Thames 012,-0.26074,51.39019
22.6 km,42,48,E02000608,Kingston upon Thames 011,-0.3071,51.39335
23.7 km,56,47,E02000607,Kingston upon Thames 010,-0.28799,51.39859
23.9 km,52,46,E02000606,Kingston upon Thames 009,-0.30341,51.40333
21.4 km,71,45,E02000605,Kingston upon Thames 008,-0.26677,51.40111
19.0 km,45,44,E02000604,Kingston upon Thames 007,-0.25346,51.40367
22.8 km,79,43,E02000603,Kingston upon Thames 006,-0.27665,51.40621
22.0 km,56,42,E02000602,Kingston upon Thames 005,-0.29232,51.40845
25.1 km,75,41,E02000601,Kingston upon Thames 004,-0.29911,51.41708
21.6 km,81,40,E02000600,Kingston upon Thames 003,-0.2833,51.4178
20.9 km,83,39,E02000599,Kingston upon Thames 002,-0.26239,51.4215
24.4 km,76,38,E02000598,Kingston upon Thames 001,-0.30088,51.42607
10.7 km,43,37,E02000597,Kensington and Chelsea 021,-0.18141,51.48079
8.7 km,35,36,E02000596,Kensington and Chelsea 020,-0.18397,51.48584
8.1 km,29,35,E02000595,Kensington and Chelsea 019,-0.17285,51.48662
6.6 km,23,34,E02000594,Kensington and Chelsea 018,-0.16025,51.48733
9.5 km,33,33,E02000593,Kensington and Chelsea 017,-0.19101,51.48864
7.6 km,23,32,E02000592,Kensington and Chelsea 016,-0.17934,51.49301
9.3 km,28,31,E02000591,Kensington and Chelsea 015,-0.19952,51.49308
7.4 km,20,30,E02000590,Kensington and Chelsea 014,-0.1691,51.49332
8.2 km,24,29,E02000589,Kensington and Chelsea 013,-0.18952,51.49455
6.6 km,23,28,E02000588,Kensington and Chelsea 012,-0.16266,51.49653
9.3 km,34,27,E02000587,Kensington and Chelsea 011,-0.19731,51.498
8.3 km,26,26,E02000586,Kensington and Chelsea 010,-0.18546,51.49907
9.0 km,32,25,E02000585,Kensington and Chelsea 009,-0.20752,51.50195
8.1 km,29,24,E02000584,Kensington and Chelsea 008,-0.19372,51.50564
8.7 km,28,23,E02000583,Kensington and Chelsea 007,-0.20926,51.51004
8.0 km,27,22,E02000582,Kensington and Chelsea 006,-0.19927,51.51147
9.3 km,35,21,E02000581,Kensington and Chelsea 005,-0.21452,51.51215
10.5 km,36,20,E02000580,Kensington and Chelsea 004,-0.20566,51.51728
11.4 km,39,19,E02000579,Kensington and Chelsea 003,-0.21918,51.51781
12.4 km,43,18,E02000578,Kensington and Chelsea 002,-0.21954,51.52267
11.2 km,42,17,E02000577,Kensington and Chelsea 001,-0.21414,51.525
1.8 km,15,16,E02000576,Islington 023,-0.09203,51.52463
2.1 km,20,15,E02000575,Islington 022,-0.10433,51.52502
3.6 km,20,14,E02000574,Islington 021,-0.11349,51.53123
3.3 km,17,13,E02000573,Islington 020,-0.10306,51.53458
4.6 km,33,12,E02000572,Islington 019,-0.11698,51.53625
3.2 km,24,11,E02000571,Islington 018,-0.09368,51.53792
4.2 km,28,10,E02000570,Islington 017,-0.11018,51.5407
5.1 km,26,9,E02000569,Islington 016,-0.09792,51.54346
6.3 km,25,8,E02000568,Islington 015,-0.12019,51.54524
4.6 km,29,7,E02000567,Islington 014,-0.08856,51.54556
4.7 km,21,6,E02000566,Islington 013,-0.10496,51.54915
4.6 km,26,5,E02000565,Islington 012,-0.08493,51.55019
6.5 km,26,4,E02000564,Islington 011,-0.11347,51.55274
9.6 km,37,3,E02000563,Islington 010,-0.12646,51.5535
5.8 km,37,2,E02000562,Islington 009,-0.09621,51.55436
9.2 km,32,1,E02000561,Islington 008,-0.1305,51.55834
10.9 km,44,90,E02000744,Newham 031,0.02576,51.5191
9.5 km,36,89,E02000743,Newham 030,0.0159,51.52077
13.0 km,43,88,E02000742,Newham 029,0.0513,51.52238
10.6 km,42,87,E02000741,Newham 028,0.0344,51.52379
8.7 km,31,86,E02000740,Newham 027,0.00751,51.52558
9.9 km,36,85,E02000739,Newham 026,0.02454,51.52716
11.5 km,37,84,E02000738,Newham 025,0.04306,51.52831
13.5 km,51,83,E02000737,Newham 024,0.05572,51.52853
14.0 km,52,82,E02000736,Newham 023,0.06755,51.53
11.0 km,37,81,E02000735,Newham 022,0.03059,51.53146
9.4 km,30,80,E02000734,Newham 021,0.01763,51.53348
9.2 km,37,79,E02000733,Newham 020,0.00779,51.53422
11.0 km,36,78,E02000732,Newham 019,0.04215,51.53396
12.1 km,37,77,E02000731,Newham 018,0.05113,51.53446
11.1 km,37,76,E02000730,Newham 017,0.02884,51.53808
10.2 km,41,75,E02000729,Newham 016,0.01914,51.53846
12.3 km,39,74,E02000728,Newham 015,0.06119,51.53985
11.1 km,37,73,E02000727,Newham 014,0.03685,51.53953
8.3 km,30,72,E02000726,Newham 013,-0.00819,51.53955
8.3 km,28,71,E02000725,Newham 012,0.00278,51.54256
12.7 km,45,70,E02000724,Newham 011,0.0429,51.54297
12.0 km,36,69,E02000723,Newham 010,0.05159,51.54279
9.5 km,35,68,E02000722,Newham 009,0.01293,51.54405
10.2 km,32,67,E02000721,Newham 008,0.02664,51.54487
10.3 km,33,66,E02000720,Newham 007,0.03308,51.54907
9.2 km,34,65,E02000719,Newham 006,0.01356,51.54925
13.7 km,51,64,E02000718,Newham 005,0.06317,51.54851
11.6 km,31,63,E02000717,Newham 004,0.04966,51.54981
12.0 km,36,62,E02000716,Newham 003,0.04656,51.55512
12.8 km,42,61,E02000715,Newham 002,0.0604,51.5523
10.1 km,31,60,E02000714,Newham 001,0.02302,51.55243
18.9 km,59,59,E02000713,Merton 025,-0.22188,51.3875
17.5 km,49,58,E02000712,Merton 024,-0.19917,51.39075
16.4 km,46,57,E02000711,Merton 023,-0.19152,51.39793
18.6 km,61,56,E02000710,Merton 022,-0.16559,51.39556
17.5 km,53,55,E02000709,Merton 021,-0.21452,51.39778
19.2 km,48,54,E02000708,Merton 020,-0.23533,51.39733
18.6 km,72,53,E02000707,Merton 019,-0.13372,51.39761
14.9 km,52,52,E02000706,Merton 018,-0.17123,51.40565
17.5 km,57,51,E02000705,Merton 017,-0.13968,51.40564
17.3 km,44,50,E02000704,Merton 016,-0.22961,51.40613
16.7 km,49,49,E02000703,Merton 015,-0.20135,51.40699
17.8 km,47,48,E02000702,Merton 014,-0.14963,51.4034
14.2 km,49,47,E02000701,Merton 013,-0.16041,51.40981
14.2 km,47,46,E02000700,Merton 012,-0.18297,51.40998
18.7 km,58,45,E02000699,Merton 011,-0.21481,51.41189
18.1 km,53,44,E02000698,Merton 010,-0.23756,51.41407
14.7 km,42,43,E02000697,Merton 009,-0.19829,51.4147
14.2 km,46,42,E02000696,Merton 008,-0.16843,51.4155
14.2 km,45,41,E02000695,Merton 007,-0.15271,51.41677
14.9 km,44,40,E02000694,Merton 006,-0.18862,51.41971
13.2 km,35,39,E02000693,Merton 005,-0.17781,51.41936
18.2 km,53,38,E02000692,Merton 004,-0.21449,51.42165
15.5 km,45,37,E02000691,Merton 003,-0.19872,51.42465
17.7 km,64,36,E02000690,Merton 002,-0.23114,51.42842
16.1 km,44,35,E02000689,Merton 001,-0.19749,51.43349
13.2 km,47,34,E02000687,Lewisham 035,-0.04892,51.42582
14.5 km,55,33,E02000686,Lewisham 034,-0.02189,51.423
13.6 km,53,32,E02000685,Lewisham 033,-0.06308,51.42878
14.1 km,41,31,E02000683,Lewisham 031,0.03083,51.42952
16.1 km,55,30,E02000682,Lewisham 030,-0.00711,51.43132
14.5 km,54,29,E02000681,Lewisham 029,-0.02913,51.43397
12.3 km,51,28,E02000680,Lewisham 028,-0.06101,51.43498
12.2 km,48,27,E02000679,Lewisham 027,-0.04624,51.43394
14.9 km,45,26,E02000678,Lewisham 026,0.00858,51.43542
13.1 km,55,25,E02000677,Lewisham 025,-0.01384,51.4379
12.6 km,53,24,E02000676,Lewisham 024,-0.04208,51.43948
12.8 km,46,23,E02000675,Lewisham 023,0.01817,51.44021
13.1 km,53,22,E02000674,Lewisham 022,-0.00194,51.4412
13.2 km,57,21,E02000673,Lewisham 021,-0.05601,51.44457
11.1 km,37,20,E02000672,Lewisham 020,-0.02497,51.44562
10.7 km,45,19,E02000671,Lewisham 019,-0.0413,51.44644
12.1 km,48,18,E02000670,Lewisham 018,-0.01255,51.44656
11.1 km,39,17,E02000669,Lewisham 017,-0.00421,51.44916
11.4 km,41,16,E02000668,Lewisham 016,0.00971,51.44995
12.5 km,39,15,E02000667,Lewisham 015,-0.03525,51.453
10.2 km,42,14,E02000666,Lewisham 014,-0.02819,51.45675
11.0 km,37,13,E02000665,Lewisham 013,0.0037,51.4557
12.6 km,41,12,E02000664,Lewisham 012,-0.01211,51.45915
8.6 km,35,11,E02000663,Lewisham 011,-0.02165,51.46229
8.8 km,38,10,E02000662,Lewisham 010,-0.0419,51.46336
10.2 km,32,9,E02000661,Lewisham 009,0.00645,51.46633
8.3 km,30,8,E02000660,Lewisham 008,-0.02774,51.4668
9.2 km,35,7,E02000659,Lewisham 007,-0.00576,51.46711
7.2 km,46,6,E02000658,Lewisham 006,-0.04703,51.4716
7.3 km,30,5,E02000657,Lewisham 005,-0.03253,51.47145
6.4 km,44,4,E02000655,Lewisham 003,-0.04714,51.48065
7.6 km,29,3,E02000654,Lewisham 002,-0.03263,51.4839
6.6 km,39,2,E02000653,Lewisham 001,-0.0399,51.48921
16.2 km,49,1,E02000652,Lambeth 035,-0.13802,51.41505
19.6 km,60,90,E02000840,Sutton 001,-0.16928,51.38696
14.5 km,39,89,E02000839,Southwark 033,-0.0787,51.43442
11.0 km,55,88,E02000838,Southwark 032,-0.06724,51.44834
10.1 km,44,87,E02000837,Southwark 031,-0.08785,51.44902
9.1 km,42,86,E02000836,Southwark 030,-0.07793,51.45481
10.2 km,54,85,E02000835,Southwark 029,-0.05111,51.45634
8.6 km,43,84,E02000834,Southwark 028,-0.06802,51.45867
7.0 km,43,83,E02000833,Southwark 027,-0.08642,51.46176
10.9 km,38,82,E02000832,Southwark 026,-0.05873,51.46526
7.4 km,32,81,E02000831,Southwark 025,-0.07186,51.46808
8.1 km,31,80,E02000830,Southwark 024,-0.0836,51.46917
6.0 km,28,79,E02000829,Southwark 023,-0.05768,51.47371
6.8 km,35,78,E02000828,Southwark 022,-0.06732,51.47462
6.1 km,31,77,E02000827,Southwark 021,-0.0968,51.47609
6.2 km,36,76,E02000826,Southwark 020,-0.08667,51.47698
6.4 km,37,75,E02000825,Southwark 019,-0.07795,51.47824
5.1 km,33,74,E02000824,Southwark 018,-0.06375,51.48171
4.6 km,31,73,E02000823,Southwark 017,-0.09573,51.48261
4.6 km,32,72,E02000822,Southwark 016,-0.0885,51.48596
4.2 km,30,71,E02000821,Southwark 015,-0.0791,51.48606
3.9 km,19,70,E02000820,Southwark 014,-0.10262,51.48773
4.0 km,28,69,E02000819,Southwark 013,-0.07439,51.49001
3.8 km,27,68,E02000818,Southwark 012,-0.09221,51.49067
4.9 km,29,67,E02000817,Southwark 011,-0.05602,51.49058
7.6 km,28,66,E02000816,Southwark 010,-0.06516,51.49058
2.9 km,21,65,E02000815,Southwark 009,-0.09533,51.49618
9.2 km,31,64,E02000814,Southwark 008,-0.03863,51.49708
4.5 km,21,63,E02000813,Southwark 007,-0.05216,51.49674
2.7 km,20,62,E02000812,Southwark 006,-0.08541,51.49795
7.1 km,22,61,E02000810,Southwark 004,-0.06884,51.49741
2.2 km,22,60,E02000809,Southwark 003,-0.07867,51.50154
2.0 km,21,59,E02000808,Southwark 002,-0.09713,51.50415
5.2 km,30,58,E02000807,Southwark 001,-0.0426,51.50341
26.7 km,66,57,E02000806,Richmond upon Thames 023,-0.35028,51.4095
23.5 km,58,56,E02000805,Richmond upon Thames 022,-0.31546,51.41671
25.3 km,67,55,E02000804,Richmond upon Thames 021,-0.33576,51.41832
27.6 km,95,54,E02000803,Richmond upon Thames 020,-0.37495,51.42788
25.3 km,88,53,E02000802,Richmond upon Thames 019,-0.35408,51.42717
24.0 km,77,52,E02000801,Richmond upon Thames 018,-0.33721,51.43161
24.7 km,74,51,E02000800,Richmond upon Thames 017,-0.3198,51.43793
22.8 km,56,50,E02000799,Richmond upon Thames 016,-0.3389,51.4387
24.4 km,72,49,E02000798,Richmond upon Thames 015,-0.35858,51.43943
22.1 km,50,48,E02000797,Richmond upon Thames 014,-0.33256,51.4467
24.3 km,67,47,E02000796,Richmond upon Thames 013,-0.37179,51.44832
26.7 km,94,46,E02000795,Richmond upon Thames 012,-0.27901,51.4419
21.9 km,48,45,E02000794,Richmond upon Thames 011,-0.3386,51.45248
23.7 km,59,44,E02000793,Richmond upon Thames 010,-0.35877,51.454
20.6 km,59,43,E02000792,Richmond upon Thames 009,-0.31388,51.45249
19.5 km,55,42,E02000791,Richmond upon Thames 008,-0.3017,51.45741
20.9 km,54,41,E02000790,Richmond upon Thames 007,-0.32146,51.4587
20.7 km,62,40,E02000789,Richmond upon Thames 006,-0.28799,51.45684
16.6 km,46,39,E02000788,Richmond upon Thames 005,-0.26684,51.46416
17.4 km,51,38,E02000787,Richmond upon Thames 004,-0.28266,51.47011
15.2 km,47,37,E02000786,Richmond upon Thames 003,-0.25,51.46894
17.8 km,56,36,E02000785,Richmond upon Thames 002,-0.29849,51.47369
16.6 km,56,35,E02000784,Richmond upon Thames 001,-0.23738,51.47958
15.2 km,45,34,E02000783,Redbridge 033,0.07922,51.54742
16.0 km,51,33,E02000782,Redbridge 032,0.07104,51.55204
16.0 km,47,32,E02000781,Redbridge 031,0.09708,51.5542
15.0 km,46,31,E02000780,Redbridge 030,0.08125,51.55699
13.3 km,35,30,E02000779,Redbridge 029,0.06403,51.56142
14.0 km,40,29,E02000777,Redbridge 027,0.03191,51.56306
13.8 km,41,28,E02000776,Redbridge 026,0.07575,51.56527
15.4 km,39,27,E02000774,Redbridge 024,0.09983,51.56811
16.9 km,48,26,E02000773,Redbridge 023,0.08216,51.56928
16.7 km,44,25,E02000772,Redbridge 022,0.11186,51.57298
18.3 km,42,24,E02000770,Redbridge 020,0.09654,51.57312
18.4 km,48,23,E02000769,Redbridge 019,0.12353,51.57527
13.6 km,35,22,E02000768,Redbridge 018,0.03463,51.57599
18.6 km,46,21,E02000767,Redbridge 017,0.08173,51.57951
16.1 km,39,20,E02000765,Redbridge 015,0.07171,51.58003
13.4 km,33,19,E02000764,Redbridge 014,0.02124,51.5832
21.9 km,60,18,E02000763,Redbridge 013,0.11213,51.59148
16.4 km,42,17,E02000762,Redbridge 012,0.06577,51.58247
18.4 km,49,16,E02000760,Redbridge 010,0.07569,51.5924
15.1 km,41,15,E02000759,Redbridge 009,0.03763,51.59409
22.2 km,60,14,E02000758,Redbridge 008,0.06025,51.59528
15.0 km,40,13,E02000757,Redbridge 007,0.02192,51.59751
21.9 km,51,12,E02000756,Redbridge 006,0.08408,51.60039
17.5 km,44,11,E02000755,Redbridge 005,0.05179,51.60523
16.7 km,39,10,E02000754,Redbridge 004,0.04215,51.60993
23.5 km,57,9,E02000753,Redbridge 003,0.10008,51.61015
23.7 km,58,8,E02000752,Redbridge 002,0.12932,51.61047
17.7 km,49,7,E02000751,Redbridge 001,0.02667,51.61511
11.8 km,31,6,E02000750,Newham 037,0.04653,51.50294
10.0 km,32,5,E02000749,Newham 036,0.03116,51.51126
13.3 km,46,4,E02000748,Newham 035,0.05207,51.51135
8.1 km,22,3,E02000747,Newham 034,0.01058,51.51378
15.0 km,50,2,E02000746,Newham 033,0.07551,51.51685
12.3 km,42,1,E02000745,Newham 032,0.0431,51.51705
